2026-01-05 09:11:12,198 INFO Bot tick at 09:11:12.198131
2026-01-05 09:15:13,954 INFO Bot started
2026-01-05 09:15:15,561 ERROR Data must be 1-dimensional, got ndarray of shape (301, 1) instead
2026-01-05 09:16:15,564 INFO Bot started
2026-01-05 09:16:15,944 ERROR Data must be 1-dimensional, got ndarray of shape (301, 1) instead
2026-01-05 09:17:15,946 INFO Bot started
2026-01-05 09:17:16,329 ERROR Data must be 1-dimensional, got ndarray of shape (301, 1) instead
2026-01-05 09:18:16,330 INFO Bot started
2026-01-05 09:18:16,701 ERROR Data must be 1-dimensional, got ndarray of shape (301, 1) instead
2026-01-05 09:19:03,924 INFO Bot started
2026-01-05 09:19:04,878 ERROR Data must be 1-dimensional, got ndarray of shape (301, 1) instead
2026-01-05 09:20:04,880 INFO Bot started
2026-01-05 09:20:05,254 ERROR Data must be 1-dimensional, got ndarray of shape (302, 1) instead
2026-01-05 09:20:24,928 INFO Bot started
2026-01-05 09:20:25,854 ERROR Data must be 1-dimensional, got ndarray of shape (302, 1) instead
2026-01-05 09:20:45,685 INFO Bot started
2026-01-05 09:20:45,685 ERROR name 'signal' is not defined
2026-01-05 09:21:38,642 INFO Bot started
2026-01-05 09:21:39,480 ERROR Data must be 1-dimensional, got ndarray of shape (302, 1) instead
2026-01-05 09:22:02,068 INFO Bot started
2026-01-05 09:22:02,734 ERROR Data must be 1-dimensional, got ndarray of shape (302, 1) instead
2026-01-05 09:22:23,951 INFO Bot started
2026-01-05 09:22:24,628 ERROR Data must be 1-dimensional, got ndarray of shape (302, 1) instead
2026-01-05 09:23:24,628 INFO Bot started
2026-01-05 09:23:24,938 ERROR Data must be 1-dimensional, got ndarray of shape (302, 1) instead
2026-01-05 09:23:32,168 INFO Bot started
2026-01-05 09:23:33,060 ERROR Data must be 1-dimensional, got ndarray of shape (302, 1) instead
2026-01-05 09:24:08,553 INFO Bot started
2026-01-05 09:24:09,494 ERROR Data must be 1-dimensional, got ndarray of shape (302, 1) instead
2026-01-05 09:25:09,495 INFO Bot started
2026-01-05 09:25:09,757 ERROR Data must be 1-dimensional, got ndarray of shape (303, 1) instead
2026-01-05 09:25:39,476 INFO Bot started
2026-01-05 09:25:40,141 ERROR Data must be 1-dimensional, got ndarray of shape (303, 1) instead
2026-01-05 09:26:08,194 INFO Bot started
2026-01-05 09:26:08,933 ERROR Data must be 1-dimensional, got ndarray of shape (303, 1) instead
2026-01-05 09:27:08,087 INFO Bot started
2026-01-05 09:27:08,966 ERROR Data must be 1-dimensional, got ndarray of shape (303, 1) instead
2026-01-05 09:28:08,967 INFO Bot started
2026-01-05 09:28:09,225 ERROR Data must be 1-dimensional, got ndarray of shape (303, 1) instead
2026-01-05 09:29:09,227 INFO Bot started
2026-01-05 09:29:09,499 ERROR Data must be 1-dimensional, got ndarray of shape (303, 1) instead
2026-01-05 09:30:09,518 INFO Bot started
2026-01-05 09:30:09,832 ERROR Data must be 1-dimensional, got ndarray of shape (304, 1) instead
2026-01-05 09:31:09,835 INFO Bot started
2026-01-05 09:31:10,105 ERROR Data must be 1-dimensional, got ndarray of shape (304, 1) instead
2026-01-05 09:32:10,106 INFO Bot started
2026-01-05 09:32:10,532 ERROR Data must be 1-dimensional, got ndarray of shape (304, 1) instead
2026-01-05 09:32:29,988 INFO Bot started
2026-01-05 09:32:31,005 ERROR Data must be 1-dimensional, got ndarray of shape (304, 1) instead
2026-01-05 09:32:41,006 INFO Bot started
2026-01-05 09:32:41,317 ERROR Data must be 1-dimensional, got ndarray of shape (304, 1) instead
2026-01-05 09:32:51,319 INFO Bot started
2026-01-05 09:32:51,625 ERROR Data must be 1-dimensional, got ndarray of shape (304, 1) instead
2026-01-05 09:33:01,626 INFO Bot started
2026-01-05 09:33:01,918 ERROR Data must be 1-dimensional, got ndarray of shape (304, 1) instead
2026-01-05 09:33:11,919 INFO Bot started
2026-01-05 09:33:12,297 ERROR Data must be 1-dimensional, got ndarray of shape (304, 1) instead
2026-01-05 09:33:20,206 INFO Bot started
2026-01-05 09:33:21,346 ERROR Data must be 1-dimensional, got ndarray of shape (304, 1) instead
2026-01-05 09:33:31,347 INFO Bot started
2026-01-05 09:33:31,736 ERROR Data must be 1-dimensional, got ndarray of shape (304, 1) instead
2026-01-05 09:33:41,737 INFO Bot started
2026-01-05 09:33:42,093 ERROR Data must be 1-dimensional, got ndarray of shape (304, 1) instead
2026-01-05 09:33:47,340 INFO Bot started
2026-01-05 09:33:48,418 ERROR Data must be 1-dimensional, got ndarray of shape (304, 1) instead
2026-01-05 09:33:58,418 INFO Bot started
2026-01-05 09:33:58,812 ERROR Data must be 1-dimensional, got ndarray of shape (304, 1) instead
2026-01-05 09:34:06,868 INFO Bot started
2026-01-05 09:34:07,687 ERROR Data must be 1-dimensional, got ndarray of shape (304, 1) instead
2026-01-05 09:34:17,688 INFO Bot started
2026-01-05 09:34:17,952 ERROR Data must be 1-dimensional, got ndarray of shape (304, 1) instead
2026-01-05 09:34:27,954 INFO Bot started
2026-01-05 09:34:28,375 ERROR Data must be 1-dimensional, got ndarray of shape (304, 1) instead
2026-01-05 09:34:38,376 INFO Bot started
2026-01-05 09:34:38,678 ERROR Data must be 1-dimensional, got ndarray of shape (304, 1) instead
2026-01-05 09:34:48,679 INFO Bot started
2026-01-05 09:34:48,934 ERROR Data must be 1-dimensional, got ndarray of shape (304, 1) instead
2026-01-05 09:34:58,935 INFO Bot started
2026-01-05 09:34:59,197 ERROR Data must be 1-dimensional, got ndarray of shape (304, 1) instead
2026-01-05 09:35:09,198 INFO Bot started
2026-01-05 09:35:09,423 ERROR Data must be 1-dimensional, got ndarray of shape (305, 1) instead
2026-01-05 09:35:19,424 INFO Bot started
2026-01-05 09:35:19,907 ERROR Data must be 1-dimensional, got ndarray of shape (305, 1) instead
2026-01-05 09:35:29,908 INFO Bot started
2026-01-05 09:35:30,136 ERROR Data must be 1-dimensional, got ndarray of shape (305, 1) instead
2026-01-05 09:35:40,136 INFO Bot started
2026-01-05 09:35:40,502 ERROR Data must be 1-dimensional, got ndarray of shape (305, 1) instead
2026-01-05 09:35:50,503 INFO Bot started
2026-01-05 09:35:50,718 ERROR Data must be 1-dimensional, got ndarray of shape (305, 1) instead
2026-01-05 09:36:00,719 INFO Bot started
2026-01-05 09:36:01,294 ERROR Data must be 1-dimensional, got ndarray of shape (305, 1) instead
2026-01-05 09:36:11,245 INFO Bot started
2026-01-05 09:36:12,043 ERROR 'Close'
2026-01-05 09:36:22,044 INFO Bot started
2026-01-05 09:36:22,310 ERROR 'Close'
2026-01-05 09:36:32,310 INFO Bot started
2026-01-05 09:36:32,513 ERROR 'Close'
2026-01-05 09:36:42,515 INFO Bot started
2026-01-05 09:36:42,783 ERROR 'Close'
2026-01-05 09:36:52,783 INFO Bot started
2026-01-05 09:36:53,005 ERROR 'Close'
2026-01-05 09:37:00,604 INFO Bot started
2026-01-05 09:37:01,901 ERROR 'Close'
2026-01-05 09:37:11,901 INFO Bot started
2026-01-05 09:37:12,219 ERROR 'Close'
2026-01-05 09:37:22,220 INFO Bot started
2026-01-05 09:37:22,608 ERROR 'Close'
2026-01-05 09:37:32,609 INFO Bot started
2026-01-05 09:37:32,838 ERROR 'Close'
2026-01-05 09:37:43,916 INFO Bot started
2026-01-05 09:37:44,781 INFO BUY RELIANCE.NS @ 1598.9000244140625 qty=31
2026-01-05 09:37:54,795 INFO Bot started
2026-01-05 09:38:03,824 INFO Bot started
2026-01-05 09:38:04,537 INFO BUY RELIANCE.NS @ 1598.9000244140625 qty=31
2026-01-05 09:38:14,579 INFO Bot started
2026-01-05 09:38:25,083 INFO Bot started
2026-01-05 09:38:35,752 INFO Bot started
2026-01-05 09:38:46,388 INFO Bot started
2026-01-05 09:38:56,885 INFO Bot started
2026-01-05 09:39:07,635 INFO Bot started
2026-01-05 09:39:18,099 INFO Bot started
2026-01-05 09:39:28,809 INFO Bot started
2026-01-05 09:39:39,346 INFO Bot started
2026-01-05 09:39:49,828 INFO Bot started
2026-01-05 09:39:59,706 INFO Bot started
2026-01-05 09:40:00,681 INFO BUY RELIANCE.NS @ 1599.300048828125 qty=31
2026-01-05 09:40:10,727 INFO Bot started
2026-01-05 09:40:21,399 INFO Bot started
2026-01-05 09:40:31,754 INFO Bot started
2026-01-05 09:40:35,374 INFO Bot started
2026-01-05 09:40:36,150 INFO BUY RELIANCE.NS @ 1599.9000244140625 qty=31
2026-01-05 09:40:46,170 INFO Bot started
2026-01-05 09:40:56,531 INFO Bot started
2026-01-05 09:41:06,861 INFO Bot started
2026-01-05 09:41:15,874 INFO Bot started
2026-01-05 09:41:17,023 INFO BUY RELIANCE.NS @ 1600.0 qty=31
2026-01-05 09:41:27,043 INFO Bot started
2026-01-05 09:41:37,474 INFO Bot started
2026-01-05 09:41:47,826 INFO Bot started
2026-01-05 09:41:58,300 INFO Bot started
2026-01-05 09:42:08,642 INFO Bot started
2026-01-05 09:42:19,221 INFO Bot started
2026-01-05 09:42:26,767 INFO Bot started
2026-01-05 09:42:27,415 INFO BUY RELIANCE.NS @ 1599.4000244140625 qty=31
2026-01-05 09:42:37,433 INFO Bot started
2026-01-05 09:42:47,741 INFO Bot started
2026-01-05 09:42:58,031 INFO Bot started
2026-01-05 09:43:08,543 INFO Bot started
2026-01-05 09:43:18,992 INFO Bot started
2026-01-05 09:43:29,407 INFO Bot started
2026-01-05 09:43:39,900 INFO Bot started
2026-01-05 09:43:50,322 INFO Bot started
2026-01-05 09:44:01,020 INFO Bot started
2026-01-05 09:44:11,443 INFO Bot started
2026-01-05 09:44:21,928 INFO Bot started
2026-01-05 09:44:32,360 INFO Bot started
2026-01-05 09:44:42,704 INFO Bot started
2026-01-05 09:44:53,067 INFO Bot started
2026-01-05 09:45:03,365 INFO Bot started
2026-01-05 09:45:13,684 INFO Bot started
2026-01-05 09:45:24,152 INFO Bot started
2026-01-05 09:45:34,490 INFO Bot started
2026-01-05 09:45:44,824 INFO Bot started
2026-01-05 09:45:56,147 INFO Bot started
2026-01-05 09:46:06,512 INFO Bot started
2026-01-05 09:46:16,815 INFO Bot started
2026-01-05 09:46:27,172 INFO Bot started
2026-01-05 09:46:37,694 INFO Bot started
2026-01-05 09:46:48,026 INFO Bot started
2026-01-05 09:46:58,463 INFO Bot started
2026-01-05 09:47:08,974 INFO Bot started
2026-01-05 09:47:19,411 INFO Bot started
2026-01-05 09:47:29,924 INFO Bot started
2026-01-05 09:47:40,468 INFO Bot started
2026-01-05 09:47:50,771 INFO Bot started
2026-01-05 09:48:01,248 INFO Bot started
2026-01-05 09:48:11,604 INFO Bot started
2026-01-05 09:48:21,948 INFO Bot started
2026-01-05 09:48:32,319 INFO Bot started
2026-01-05 09:48:42,615 INFO Bot started
2026-01-05 09:48:52,982 INFO Bot started
2026-01-05 09:48:57,417 INFO Bot started
2026-01-05 09:49:08,552 INFO Bot started
2026-01-05 09:49:19,846 INFO Bot started
2026-01-05 09:49:30,153 INFO Bot started
2026-01-05 09:49:40,501 INFO Bot started
2026-01-05 09:49:50,961 INFO Bot started
2026-01-05 09:50:01,286 INFO Bot started
2026-01-05 09:50:11,957 INFO Bot started
2026-01-05 09:50:22,652 INFO Bot started
2026-01-05 09:50:33,144 INFO Bot started
2026-01-05 09:50:43,743 INFO Bot started
2026-01-05 09:50:54,162 INFO Bot started
2026-01-05 09:50:54,735 INFO BUY RELIANCE.NS @ 1597.9000244140625 qty=31
2026-01-05 09:51:04,752 INFO Bot started
2026-01-05 09:51:15,069 INFO Bot started
2026-01-05 09:51:25,370 INFO Bot started
2026-01-05 09:51:32,297 INFO Bot started
2026-01-05 09:51:42,940 INFO Bot started
2026-01-05 09:51:53,235 INFO Bot started
2026-01-05 09:52:03,974 INFO Bot started
2026-01-05 09:52:14,723 INFO Bot started
2026-01-05 09:52:25,514 INFO Bot started
2026-01-05 09:52:35,859 INFO Bot started
2026-01-05 09:52:46,357 INFO Bot started
2026-01-05 09:52:56,696 INFO Bot started
2026-01-05 09:53:06,989 INFO Bot started
2026-01-05 09:53:17,520 INFO Bot started
2026-01-05 09:53:27,797 INFO Bot started
2026-01-05 09:53:38,125 INFO Bot started
2026-01-05 09:53:48,423 INFO Bot started
2026-01-05 09:53:48,742 INFO SELL RELIANCE.NS @ 1597.5
2026-01-05 09:53:58,761 INFO Bot started
2026-01-05 09:53:59,076 INFO SELL RELIANCE.NS @ 1597.699951171875
2026-01-05 09:53:59,077 ERROR 'DataFrame' object has no attribute 'ema9'
2026-01-05 09:54:09,077 INFO Bot started
2026-01-05 09:54:09,515 INFO SELL RELIANCE.NS @ 1597.0999755859375
2026-01-05 09:54:19,532 INFO Bot started
2026-01-05 09:54:20,154 INFO SELL RELIANCE.NS @ 1597.199951171875
2026-01-05 09:54:30,171 INFO Bot started
2026-01-05 09:54:30,641 INFO SELL RELIANCE.NS @ 1597.5
2026-01-05 09:54:40,656 INFO Bot started
2026-01-05 09:54:41,063 INFO SELL RELIANCE.NS @ 1597.5
2026-01-05 09:54:51,079 INFO Bot started
2026-01-05 09:54:51,757 INFO SELL RELIANCE.NS @ 1597.800048828125
2026-01-05 09:54:51,757 ERROR 'DataFrame' object has no attribute 'ema9'
2026-01-05 09:55:01,759 INFO Bot started
2026-01-05 09:55:02,195 INFO SELL RELIANCE.NS @ 1597.699951171875
2026-01-05 09:55:02,195 ERROR 'DataFrame' object has no attribute 'ema9'
2026-01-05 09:55:12,196 INFO Bot started
2026-01-05 09:55:12,519 INFO SELL RELIANCE.NS @ 1597.4000244140625
2026-01-05 09:55:22,542 INFO Bot started
2026-01-05 09:55:22,871 INFO SELL RELIANCE.NS @ 1597.5
2026-01-05 09:55:32,888 INFO Bot started
2026-01-05 09:55:33,209 INFO SELL RELIANCE.NS @ 1597.199951171875
2026-01-05 09:55:43,224 INFO Bot started
2026-01-05 09:55:43,518 INFO SELL RELIANCE.NS @ 1596.9000244140625
2026-01-05 09:55:53,538 INFO Bot started
2026-01-05 09:55:53,820 INFO SELL RELIANCE.NS @ 1596.699951171875
2026-01-05 09:56:03,836 INFO Bot started
2026-01-05 09:56:04,134 INFO SELL RELIANCE.NS @ 1596.699951171875
2026-01-05 09:56:14,153 INFO Bot started
2026-01-05 09:56:14,455 INFO SELL RELIANCE.NS @ 1596.9000244140625
2026-01-05 09:56:24,476 INFO Bot started
2026-01-05 09:56:24,749 INFO SELL RELIANCE.NS @ 1596.9000244140625
2026-01-05 09:56:34,765 INFO Bot started
2026-01-05 09:56:35,207 INFO SELL RELIANCE.NS @ 1596.9000244140625
2026-01-05 09:56:45,222 INFO Bot started
2026-01-05 09:56:45,617 INFO SELL RELIANCE.NS @ 1596.9000244140625
2026-01-05 09:56:55,633 INFO Bot started
2026-01-05 09:56:56,107 INFO SELL RELIANCE.NS @ 1597.199951171875
2026-01-05 09:57:06,124 INFO Bot started
2026-01-05 09:57:06,418 INFO SELL RELIANCE.NS @ 1597.5999755859375
2026-01-05 09:57:06,418 ERROR 'DataFrame' object has no attribute 'ema9'
2026-01-05 09:57:16,419 INFO Bot started
2026-01-05 09:57:16,720 INFO SELL RELIANCE.NS @ 1596.699951171875
2026-01-05 10:11:41,739 INFO Bot started
2026-01-05 10:11:52,690 INFO Bot started
2026-01-05 10:12:03,061 INFO Bot started
2026-01-05 10:12:13,366 INFO Bot started
2026-01-05 10:12:23,888 INFO Bot started
2026-01-05 10:12:34,205 INFO Bot started
2026-01-05 10:12:44,489 INFO Bot started
2026-01-05 10:12:44,821 ERROR 'DataFrame' object has no attribute 'ema9'
2026-01-05 10:12:54,822 INFO Bot started
2026-01-05 10:13:05,313 INFO Bot started
2026-01-05 10:13:15,673 INFO Bot started
2026-01-05 10:13:26,136 INFO Bot started
2026-01-05 10:13:26,579 ERROR 'DataFrame' object has no attribute 'ema9'
2026-01-05 10:13:36,580 INFO Bot started
2026-01-05 10:13:36,904 ERROR 'DataFrame' object has no attribute 'ema9'
2026-01-05 10:13:46,904 INFO Bot started
2026-01-05 10:13:47,246 ERROR 'DataFrame' object has no attribute 'ema9'
2026-01-05 10:13:57,247 INFO Bot started
2026-01-05 10:13:57,726 ERROR 'DataFrame' object has no attribute 'ema9'
2026-01-05 10:14:07,727 INFO Bot started
2026-01-05 10:14:08,292 ERROR 'DataFrame' object has no attribute 'ema9'
2026-01-05 10:14:18,292 INFO Bot started
2026-01-05 10:14:18,593 ERROR 'DataFrame' object has no attribute 'ema9'
2026-01-05 10:14:28,593 INFO Bot started
2026-01-05 10:14:29,049 ERROR 'DataFrame' object has no attribute 'ema9'
2026-01-05 10:14:39,050 INFO Bot started
2026-01-05 10:14:39,352 ERROR 'DataFrame' object has no attribute 'ema9'
2026-01-05 10:14:49,353 INFO Bot started
2026-01-05 10:14:49,777 ERROR 'DataFrame' object has no attribute 'ema9'
2026-01-05 10:14:59,777 INFO Bot started
2026-01-05 10:15:00,082 ERROR 'DataFrame' object has no attribute 'ema9'
2026-01-05 10:15:11,505 INFO Bot started
2026-01-05 10:15:22,614 INFO Bot started
2026-01-05 10:15:23,053 ERROR 'DataFrame' object has no attribute 'ema9'
2026-01-05 10:15:33,054 INFO Bot started
2026-01-05 10:15:43,424 INFO Bot started
2026-01-05 10:15:53,722 INFO Bot started
2026-01-05 10:15:54,090 ERROR 'DataFrame' object has no attribute 'ema9'
2026-01-05 10:16:04,092 INFO Bot started
2026-01-05 10:16:04,549 ERROR 'DataFrame' object has no attribute 'ema9'
2026-01-05 10:16:14,550 INFO Bot started
2026-01-05 10:16:15,030 ERROR 'DataFrame' object has no attribute 'ema9'
2026-01-05 10:16:25,030 INFO Bot started
2026-01-05 10:16:25,643 ERROR 'DataFrame' object has no attribute 'ema9'
2026-01-05 10:16:35,643 INFO Bot started
2026-01-05 10:16:35,992 ERROR 'DataFrame' object has no attribute 'ema9'
2026-01-05 10:16:45,992 INFO Bot started
2026-01-05 10:16:46,489 ERROR 'DataFrame' object has no attribute 'ema9'
2026-01-05 10:16:56,494 INFO Bot started
2026-01-05 10:17:07,194 INFO Bot started
2026-01-05 10:17:17,536 INFO Bot started
2026-01-05 10:17:27,811 INFO Bot started
2026-01-05 10:17:38,144 INFO Bot started
2026-01-05 10:17:48,478 INFO Bot started
2026-01-05 10:17:58,777 INFO Bot started
2026-01-05 10:18:09,159 INFO Bot started
2026-01-05 10:18:19,517 INFO Bot started
2026-01-05 10:18:30,026 INFO Bot started
2026-01-05 10:18:30,611 ERROR 'DataFrame' object has no attribute 'ema9'
2026-01-05 10:18:40,612 INFO Bot started
2026-01-05 10:18:40,931 ERROR 'DataFrame' object has no attribute 'ema9'
2026-01-05 10:18:50,933 INFO Bot started
2026-01-05 10:18:51,280 ERROR 'DataFrame' object has no attribute 'ema9'
2026-01-05 10:19:01,281 INFO Bot started
2026-01-05 10:19:01,814 ERROR 'DataFrame' object has no attribute 'ema9'
2026-01-05 10:19:11,815 INFO Bot started
2026-01-05 10:19:12,127 ERROR 'DataFrame' object has no attribute 'ema9'
2026-01-05 10:19:22,128 INFO Bot started
2026-01-05 10:19:22,511 ERROR 'DataFrame' object has no attribute 'ema9'
2026-01-05 10:19:32,512 INFO Bot started
2026-01-05 10:19:33,016 ERROR 'DataFrame' object has no attribute 'ema9'
2026-01-05 10:19:43,017 INFO Bot started
2026-01-05 10:19:43,309 ERROR 'DataFrame' object has no attribute 'ema9'
2026-01-05 10:19:53,311 INFO Bot started
2026-01-05 10:19:53,594 ERROR 'DataFrame' object has no attribute 'ema9'
2026-01-05 10:20:03,595 INFO Bot started
2026-01-05 10:20:14,822 INFO Bot started
2026-01-05 10:20:15,151 ERROR 'DataFrame' object has no attribute 'ema9'
2026-01-05 10:20:25,152 INFO Bot started
2026-01-05 10:20:28,539 ERROR 'DataFrame' object has no attribute 'ema9'
2026-01-05 10:20:38,540 INFO Bot started
2026-01-05 10:20:39,058 ERROR 'DataFrame' object has no attribute 'ema9'
2026-01-05 10:20:49,060 INFO Bot started
2026-01-05 10:20:49,518 ERROR 'DataFrame' object has no attribute 'ema9'
2026-01-05 10:20:59,518 INFO Bot started
2026-01-05 10:21:00,133 ERROR 'DataFrame' object has no attribute 'ema9'
2026-01-05 10:21:10,133 INFO Bot started
2026-01-05 10:21:10,585 ERROR 'DataFrame' object has no attribute 'ema9'
2026-01-05 10:21:20,587 INFO Bot started
2026-01-05 10:21:21,110 ERROR 'DataFrame' object has no attribute 'ema9'
2026-01-05 10:21:31,111 INFO Bot started
2026-01-05 10:21:31,479 ERROR 'DataFrame' object has no attribute 'ema9'
2026-01-05 10:21:41,480 INFO Bot started
2026-01-05 10:21:41,844 ERROR 'DataFrame' object has no attribute 'ema9'
2026-01-05 10:21:51,845 INFO Bot started
2026-01-05 10:21:52,286 ERROR 'DataFrame' object has no attribute 'ema9'
2026-01-05 10:22:02,287 INFO Bot started
2026-01-05 10:22:02,832 ERROR 'DataFrame' object has no attribute 'ema9'
2026-01-05 10:22:12,833 INFO Bot started
2026-01-05 10:22:23,438 INFO Bot started
2026-01-05 10:22:33,782 INFO Bot started
2026-01-05 10:22:34,200 ERROR 'DataFrame' object has no attribute 'ema9'
2026-01-05 10:22:44,201 INFO Bot started
2026-01-05 10:22:44,764 ERROR 'DataFrame' object has no attribute 'ema9'
2026-01-05 10:22:54,766 INFO Bot started
2026-01-05 10:22:55,265 ERROR 'DataFrame' object has no attribute 'ema9'
2026-01-05 10:23:05,266 INFO Bot started
2026-01-05 10:23:05,545 ERROR 'DataFrame' object has no attribute 'ema9'
2026-01-05 10:23:15,546 INFO Bot started
2026-01-05 10:23:16,337 ERROR 'DataFrame' object has no attribute 'ema9'
2026-01-05 10:23:26,337 INFO Bot started
2026-01-05 10:23:26,623 ERROR 'DataFrame' object has no attribute 'ema9'
2026-01-05 10:23:36,624 INFO Bot started
2026-01-05 10:23:37,186 ERROR 'DataFrame' object has no attribute 'ema9'
2026-01-05 10:23:47,187 INFO Bot started
2026-01-05 10:23:47,479 ERROR 'DataFrame' object has no attribute 'ema9'
2026-01-05 10:23:57,480 INFO Bot started
2026-01-05 10:23:57,797 ERROR 'DataFrame' object has no attribute 'ema9'
2026-01-05 10:24:07,799 INFO Bot started
2026-01-05 10:24:08,311 ERROR 'DataFrame' object has no attribute 'ema9'
2026-01-05 10:24:18,312 INFO Bot started
2026-01-05 10:24:18,867 ERROR 'DataFrame' object has no attribute 'ema9'
2026-01-05 10:24:28,868 INFO Bot started
2026-01-05 10:24:29,468 ERROR 'DataFrame' object has no attribute 'ema9'
2026-01-05 10:24:39,469 INFO Bot started
2026-01-05 10:24:39,828 ERROR 'DataFrame' object has no attribute 'ema9'
2026-01-05 10:24:49,828 INFO Bot started
2026-01-05 10:24:50,199 ERROR 'DataFrame' object has no attribute 'ema9'
2026-01-05 10:25:00,200 INFO Bot started
2026-01-05 10:25:00,515 ERROR 'DataFrame' object has no attribute 'ema9'
2026-01-05 10:25:10,516 INFO Bot started
2026-01-05 10:25:11,024 ERROR 'DataFrame' object has no attribute 'ema9'
2026-01-05 10:25:21,025 INFO Bot started
2026-01-05 10:25:21,539 ERROR 'DataFrame' object has no attribute 'ema9'
2026-01-05 10:25:31,540 INFO Bot started
2026-01-05 10:25:31,878 ERROR 'DataFrame' object has no attribute 'ema9'
2026-01-05 10:25:41,878 INFO Bot started
2026-01-05 10:25:42,893 ERROR 'DataFrame' object has no attribute 'ema9'
2026-01-05 10:25:52,894 INFO Bot started
2026-01-05 10:25:53,371 ERROR 'DataFrame' object has no attribute 'ema9'
2026-01-05 10:26:03,372 INFO Bot started
2026-01-05 10:26:03,764 ERROR 'DataFrame' object has no attribute 'ema9'
2026-01-05 10:26:13,764 INFO Bot started
2026-01-05 10:26:14,250 ERROR 'DataFrame' object has no attribute 'ema9'
2026-01-05 10:26:24,250 INFO Bot started
2026-01-05 10:26:24,741 ERROR 'DataFrame' object has no attribute 'ema9'
2026-01-05 10:26:34,743 INFO Bot started
2026-01-05 10:26:35,322 ERROR 'DataFrame' object has no attribute 'ema9'
2026-01-05 10:26:45,323 INFO Bot started
2026-01-05 10:26:45,900 ERROR 'DataFrame' object has no attribute 'ema9'
2026-01-05 10:26:55,901 INFO Bot started
2026-01-05 10:26:56,230 ERROR 'DataFrame' object has no attribute 'ema9'
2026-01-05 10:27:06,231 INFO Bot started
2026-01-05 10:27:06,826 ERROR 'DataFrame' object has no attribute 'ema9'
2026-01-05 10:27:16,827 INFO Bot started
2026-01-05 10:27:17,194 ERROR 'DataFrame' object has no attribute 'ema9'
2026-01-05 10:27:27,194 INFO Bot started
2026-01-05 10:27:27,468 ERROR 'DataFrame' object has no attribute 'ema9'
2026-01-05 10:27:37,469 INFO Bot started
2026-01-05 10:27:37,786 ERROR 'DataFrame' object has no attribute 'ema9'
2026-01-05 10:27:47,788 INFO Bot started
2026-01-05 10:27:48,290 ERROR 'DataFrame' object has no attribute 'ema9'
2026-01-05 10:27:58,291 INFO Bot started
2026-01-05 10:27:58,714 ERROR 'DataFrame' object has no attribute 'ema9'
2026-01-05 10:28:08,715 INFO Bot started
2026-01-05 10:28:09,163 ERROR 'DataFrame' object has no attribute 'ema9'
2026-01-05 10:28:19,164 INFO Bot started
2026-01-05 10:28:19,664 ERROR 'DataFrame' object has no attribute 'ema9'
2026-01-05 10:28:29,664 INFO Bot started
2026-01-05 10:28:30,073 ERROR 'DataFrame' object has no attribute 'ema9'
2026-01-05 10:28:40,074 INFO Bot started
2026-01-05 10:28:40,628 ERROR 'DataFrame' object has no attribute 'ema9'
2026-01-05 10:28:50,629 INFO Bot started
2026-01-05 10:28:51,098 ERROR 'DataFrame' object has no attribute 'ema9'
2026-01-05 10:29:01,099 INFO Bot started
2026-01-05 10:29:01,691 ERROR 'DataFrame' object has no attribute 'ema9'
2026-01-05 10:29:11,692 INFO Bot started
2026-01-05 10:29:12,246 ERROR 'DataFrame' object has no attribute 'ema9'
2026-01-05 10:29:22,247 INFO Bot started
2026-01-05 10:29:22,881 ERROR 'DataFrame' object has no attribute 'ema9'
2026-01-05 10:29:32,882 INFO Bot started
2026-01-05 10:29:33,229 ERROR 'DataFrame' object has no attribute 'ema9'
2026-01-05 10:29:43,230 INFO Bot started
2026-01-05 10:29:43,552 ERROR 'DataFrame' object has no attribute 'ema9'
2026-01-05 10:29:53,553 INFO Bot started
2026-01-05 10:29:54,008 ERROR 'DataFrame' object has no attribute 'ema9'
2026-01-05 10:30:04,009 INFO Bot started
2026-01-05 10:30:04,436 ERROR 'DataFrame' object has no attribute 'ema9'
2026-01-05 10:30:14,437 INFO Bot started
2026-01-05 10:30:14,857 ERROR 'DataFrame' object has no attribute 'ema9'
2026-01-05 10:30:24,858 INFO Bot started
2026-01-05 10:30:35,292 INFO Bot started
2026-01-05 10:30:45,762 INFO Bot started
2026-01-05 10:30:56,207 INFO Bot started
2026-01-05 10:31:06,757 INFO Bot started
2026-01-05 10:31:17,291 INFO Bot started
2026-01-05 10:31:27,768 INFO Bot started
2026-01-05 10:31:38,301 INFO Bot started
2026-01-05 10:31:48,886 INFO Bot started
2026-01-05 10:31:59,376 INFO Bot started
2026-01-05 10:32:09,695 INFO Bot started
2026-01-05 10:32:20,210 INFO Bot started
2026-01-05 10:32:30,706 INFO Bot started
2026-01-05 10:32:41,001 INFO Bot started
2026-01-05 10:32:51,339 INFO Bot started
2026-01-05 10:33:01,619 INFO Bot started
2026-01-05 10:33:11,936 INFO Bot started
2026-01-05 10:33:22,249 INFO Bot started
2026-01-05 10:33:32,565 INFO Bot started
2026-01-05 10:33:42,895 INFO Bot started
2026-01-05 10:33:53,245 INFO Bot started
2026-01-05 10:34:03,716 INFO Bot started
2026-01-05 10:34:14,108 INFO Bot started
2026-01-05 10:34:24,479 INFO Bot started
2026-01-05 10:34:34,781 INFO Bot started
2026-01-05 10:34:45,136 INFO Bot started
2026-01-05 10:34:55,689 INFO Bot started
2026-01-05 10:35:06,171 INFO Bot started
2026-01-05 10:35:16,522 INFO Bot started
2026-01-05 10:35:27,247 INFO Bot started
2026-01-05 10:35:37,592 INFO Bot started
2026-01-05 10:35:47,914 INFO Bot started
2026-01-05 10:35:58,338 INFO Bot started
2026-01-05 10:36:08,717 INFO Bot started
2026-01-05 10:36:19,162 INFO Bot started
2026-01-05 10:36:29,670 INFO Bot started
2026-01-05 10:36:40,066 INFO Bot started
2026-01-05 10:36:50,474 INFO Bot started
2026-01-05 10:37:00,873 INFO Bot started
2026-01-05 10:37:11,555 INFO Bot started
2026-01-05 10:37:21,907 INFO Bot started
2026-01-05 10:37:32,227 INFO Bot started
2026-01-05 10:37:42,718 INFO Bot started
2026-01-05 10:37:43,039 ERROR 'DataFrame' object has no attribute 'ema9'
2026-01-05 10:37:53,041 INFO Bot started
2026-01-05 10:38:03,428 INFO Bot started
2026-01-05 10:38:13,759 INFO Bot started
2026-01-05 10:38:24,286 INFO Bot started
2026-01-05 10:38:34,814 INFO Bot started
2026-01-05 10:38:45,213 INFO Bot started
2026-01-05 10:38:55,553 INFO Bot started
2026-01-05 10:39:05,891 INFO Bot started
2026-01-05 10:39:16,638 INFO Bot started
2026-01-05 10:39:26,983 INFO Bot started
2026-01-05 10:39:37,304 INFO Bot started
2026-01-05 10:39:37,623 ERROR 'DataFrame' object has no attribute 'ema9'
2026-01-05 10:39:47,624 INFO Bot started
2026-01-05 10:39:47,882 ERROR 'DataFrame' object has no attribute 'ema9'
2026-01-05 10:39:57,883 INFO Bot started
2026-01-05 10:39:58,348 ERROR 'DataFrame' object has no attribute 'ema9'
2026-01-05 10:40:08,349 INFO Bot started
2026-01-05 10:40:08,802 ERROR 'DataFrame' object has no attribute 'ema9'
2026-01-05 10:40:18,803 INFO Bot started
2026-01-05 10:40:19,113 ERROR 'DataFrame' object has no attribute 'ema9'
2026-01-05 10:40:29,115 INFO Bot started
2026-01-05 10:40:29,467 ERROR 'DataFrame' object has no attribute 'ema9'
2026-01-05 10:40:39,469 INFO Bot started
2026-01-05 10:40:39,929 ERROR 'DataFrame' object has no attribute 'ema9'
2026-01-05 10:40:49,930 INFO Bot started
2026-01-05 10:40:50,444 ERROR 'DataFrame' object has no attribute 'ema9'
2026-01-05 10:41:00,445 INFO Bot started
2026-01-05 10:41:00,822 ERROR 'DataFrame' object has no attribute 'ema9'
2026-01-05 10:41:10,823 INFO Bot started
2026-01-05 10:41:21,368 INFO Bot started
2026-01-05 10:41:31,871 INFO Bot started
2026-01-05 10:41:42,318 INFO Bot started
2026-01-05 10:41:52,736 INFO Bot started
2026-01-05 10:42:03,142 INFO Bot started
2026-01-05 10:42:13,628 INFO Bot started
2026-01-05 10:42:24,394 INFO Bot started
2026-01-05 10:42:35,203 INFO Bot started
2026-01-05 10:42:45,651 INFO Bot started
2026-01-05 10:42:56,330 INFO Bot started
2026-01-05 10:43:06,762 INFO Bot started
2026-01-05 10:43:17,186 INFO Bot started
2026-01-05 10:43:27,554 INFO Bot started
2026-01-05 10:43:37,861 INFO Bot started
2026-01-05 10:43:48,202 INFO Bot started
2026-01-05 10:43:58,533 INFO Bot started
2026-01-05 10:44:08,873 INFO Bot started
2026-01-05 10:44:19,181 INFO Bot started
2026-01-05 10:44:29,701 INFO Bot started
2026-01-05 10:44:40,354 INFO Bot started
2026-01-05 10:44:50,839 INFO Bot started
2026-01-05 10:45:01,151 INFO Bot started
2026-01-05 10:45:11,766 INFO Bot started
2026-01-05 10:45:22,081 INFO Bot started
2026-01-05 10:45:32,438 INFO Bot started
2026-01-05 10:45:42,727 INFO Bot started
2026-01-05 10:45:53,108 INFO Bot started
2026-01-05 10:46:03,503 INFO Bot started
2026-01-05 10:46:13,805 INFO Bot started
2026-01-05 10:46:24,159 INFO Bot started
2026-01-05 10:46:34,689 INFO Bot started
2026-01-05 10:46:45,122 INFO Bot started
2026-01-05 10:46:55,883 INFO Bot started
2026-01-05 10:47:06,404 INFO Bot started
2026-01-05 10:47:16,851 INFO Bot started
2026-01-05 10:47:27,335 INFO Bot started
2026-01-05 10:47:37,698 INFO Bot started
2026-01-05 10:47:48,093 INFO Bot started
2026-01-05 10:47:58,422 INFO Bot started
2026-01-05 10:48:08,786 INFO Bot started
2026-01-05 10:48:19,128 INFO Bot started
2026-01-05 10:48:29,583 INFO Bot started
2026-01-05 10:48:39,913 INFO Bot started
2026-01-05 10:48:50,315 INFO Bot started
2026-01-05 10:49:08,726 INFO Bot started
2026-01-05 10:49:12,030 INFO Bot started
2026-01-05 10:49:13,988 INFO Bot started
2026-01-05 10:49:15,325 INFO Bot started
2026-01-05 10:49:16,598 INFO Bot started
2026-01-05 10:49:20,140 INFO Bot started
2026-01-05 10:49:21,998 INFO Bot started
2026-01-05 10:49:23,264 INFO Bot started
2026-01-05 10:49:24,548 INFO Bot started
2026-01-05 10:49:25,805 INFO Bot started
2026-01-05 10:49:27,124 INFO Bot started
2026-01-05 10:49:28,616 INFO Bot started
2026-01-05 10:49:29,882 INFO Bot started
2026-01-05 10:49:31,199 INFO Bot started
2026-01-05 10:49:32,500 INFO Bot started
2026-01-05 10:49:33,755 INFO Bot started
2026-01-05 10:49:35,003 INFO Bot started
2026-01-05 10:49:36,436 INFO Bot started
2026-01-05 10:49:38,022 INFO Bot started
2026-01-05 10:49:39,295 INFO Bot started
2026-01-05 10:49:40,546 INFO Bot started
2026-01-05 10:49:41,817 INFO Bot started
2026-01-05 10:49:43,237 INFO Bot started
2026-01-05 10:49:44,486 INFO Bot started
2026-01-05 10:49:45,810 INFO Bot started
2026-01-05 10:49:47,163 INFO Bot started
2026-01-05 10:49:48,508 INFO Bot started
2026-01-05 10:49:49,917 INFO Bot started
2026-01-05 10:49:51,202 INFO Bot started
2026-01-05 10:49:52,500 INFO Bot started
2026-01-05 10:49:53,759 INFO Bot started
2026-01-05 10:49:55,009 INFO Bot started
2026-01-05 10:49:56,534 INFO Bot started
2026-01-05 10:49:57,836 INFO Bot started
2026-01-05 10:49:59,135 INFO Bot started
2026-01-05 10:50:00,428 INFO Bot started
2026-01-05 10:50:01,758 INFO Bot started
2026-01-05 10:50:03,163 INFO Bot started
2026-01-05 10:50:04,445 INFO Bot started
2026-01-05 10:50:06,007 INFO Bot started
2026-01-05 10:50:07,301 INFO Bot started
2026-01-05 10:50:08,633 INFO Bot started
2026-01-05 10:50:09,887 INFO Bot started
2026-01-05 10:50:11,430 INFO Bot started
2026-01-05 10:50:12,899 INFO Bot started
2026-01-05 10:50:14,208 INFO Bot started
2026-01-05 10:50:15,489 INFO Bot started
2026-01-05 10:50:16,727 INFO Bot started
2026-01-05 10:50:18,196 INFO Bot started
2026-01-05 10:50:19,448 INFO Bot started
2026-01-05 10:50:20,755 INFO Bot started
2026-01-05 10:50:22,015 INFO Bot started
2026-01-05 10:50:23,271 INFO Bot started
2026-01-05 10:50:24,629 INFO Bot started
2026-01-05 10:50:25,906 INFO Bot started
2026-01-05 10:50:27,228 INFO Bot started
2026-01-05 10:50:28,493 INFO Bot started
2026-01-05 10:50:29,758 INFO Bot started
2026-01-05 10:50:31,207 INFO Bot started
2026-01-05 10:50:32,501 INFO Bot started
2026-01-05 10:50:33,796 INFO Bot started
2026-01-05 10:50:35,124 INFO Bot started
2026-01-05 10:50:36,447 INFO Bot started
2026-01-05 10:50:37,856 INFO Bot started
2026-01-05 10:50:39,161 INFO Bot started
2026-01-05 10:50:40,464 INFO Bot started
2026-01-05 10:50:41,794 INFO Bot started
2026-01-05 10:50:43,163 INFO Bot started
2026-01-05 10:50:44,450 INFO Bot started
2026-01-05 10:50:47,849 INFO Bot started
2026-01-05 10:50:50,052 INFO Bot started
2026-01-05 10:50:51,404 INFO Bot started
2026-01-05 10:50:53,862 INFO Bot started
2026-01-05 10:50:55,800 INFO Bot started
2026-01-05 10:50:57,152 INFO Bot started
2026-01-05 10:50:58,737 INFO Bot started
2026-01-05 10:51:00,054 INFO Bot started
2026-01-05 10:51:01,314 INFO Bot started
2026-01-05 10:51:02,619 INFO Bot started
2026-01-05 10:51:03,988 INFO Bot started
2026-01-05 10:51:05,387 INFO Bot started
2026-01-05 10:51:06,755 INFO Bot started
2026-01-05 10:51:09,465 INFO Bot started
2026-01-05 10:51:13,212 INFO Bot started
2026-01-05 10:51:19,274 INFO Bot started
2026-01-05 10:51:24,900 INFO Bot started
2026-01-05 10:51:30,322 INFO Bot started
2026-01-05 10:51:35,858 INFO Bot started
2026-01-05 10:51:41,185 INFO Bot started
2026-01-05 10:51:46,511 INFO Bot started
2026-01-05 10:51:51,811 INFO Bot started
2026-01-05 10:51:57,216 INFO Bot started
2026-01-05 10:52:02,551 INFO Bot started
2026-01-05 10:52:07,909 INFO Bot started
2026-01-05 10:52:13,226 INFO Bot started
2026-01-05 10:52:18,579 INFO Bot started
2026-01-05 10:52:23,917 INFO Bot started
2026-01-05 10:52:29,189 INFO Bot started
2026-01-05 10:52:34,626 INFO Bot started
2026-01-05 10:52:39,925 INFO Bot started
2026-01-05 10:52:45,480 INFO Bot started
2026-01-05 10:52:50,757 INFO Bot started
2026-01-05 10:52:56,103 INFO Bot started
2026-01-05 10:53:01,430 INFO Bot started
2026-01-05 10:53:06,931 INFO Bot started
2026-01-05 10:53:12,309 INFO Bot started
2026-01-05 10:53:17,635 INFO Bot started
2026-01-05 10:53:22,978 INFO Bot started
2026-01-05 10:53:28,273 INFO Bot started
2026-01-05 10:53:33,658 INFO Bot started
2026-01-05 10:53:39,018 INFO Bot started
2026-01-05 10:53:44,375 INFO Bot started
2026-01-05 10:53:49,708 INFO Bot started
2026-01-05 10:53:54,962 INFO Bot started
2026-01-05 10:54:00,231 INFO Bot started
2026-01-05 10:54:05,560 INFO Bot started
2026-01-05 10:54:10,917 INFO Bot started
2026-01-05 10:54:17,968 INFO Bot started
2026-01-05 10:54:23,712 INFO Bot started
2026-01-05 10:54:29,109 INFO Bot started
2026-01-05 10:54:34,407 INFO Bot started
2026-01-05 10:54:39,703 INFO Bot started
2026-01-05 10:54:45,174 INFO Bot started
2026-01-05 10:54:51,017 INFO Bot started
2026-01-05 10:54:56,361 INFO Bot started
2026-01-05 10:55:01,622 INFO Bot started
2026-01-05 10:55:07,017 INFO Bot started
2026-01-05 10:55:12,368 INFO Bot started
2026-01-05 10:55:17,740 INFO Bot started
2026-01-05 10:55:23,342 INFO Bot started
2026-01-05 10:55:28,871 INFO Bot started
2026-01-05 10:55:34,170 INFO Bot started
2026-01-05 10:55:39,494 INFO Bot started
2026-01-05 10:55:44,834 INFO Bot started
2026-01-05 10:55:50,120 INFO Bot started
2026-01-05 10:55:55,576 INFO Bot started
2026-01-05 10:56:00,901 INFO Bot started
2026-01-05 10:56:06,351 INFO Bot started
2026-01-05 10:56:11,748 INFO Bot started
2026-01-05 10:56:17,482 INFO Bot started
2026-01-05 10:56:23,010 INFO Bot started
2026-01-05 10:56:28,472 INFO Bot started
2026-01-05 10:56:33,881 INFO Bot started
2026-01-05 10:56:39,314 INFO Bot started
2026-01-05 10:56:45,094 INFO Bot started
2026-01-05 10:56:50,619 INFO Bot started
2026-01-05 10:56:56,182 INFO Bot started
2026-01-05 10:57:01,641 INFO Bot started
2026-01-05 10:57:07,332 INFO Bot started
2026-01-05 10:57:12,742 INFO Bot started
2026-01-05 10:57:18,216 INFO Bot started
2026-01-05 10:57:23,600 INFO Bot started
2026-01-05 10:57:29,134 INFO Bot started
2026-01-05 10:57:34,536 INFO Bot started
2026-01-05 10:57:40,176 INFO Bot started
2026-01-05 10:57:45,709 INFO Bot started
2026-01-05 10:57:51,296 INFO Bot started
2026-01-05 10:57:56,883 INFO Bot started
2026-01-05 10:58:02,445 INFO Bot started
2026-01-05 10:58:07,809 INFO Bot started
2026-01-05 10:58:13,328 INFO Bot started
2026-01-05 10:58:18,765 INFO Bot started
2026-01-05 10:58:24,075 INFO Bot started
2026-01-05 10:58:29,373 INFO Bot started
2026-01-05 10:58:34,715 INFO Bot started
2026-01-05 10:58:40,046 INFO Bot started
2026-01-05 10:58:45,521 INFO Bot started
2026-01-05 10:58:50,927 INFO Bot started
2026-01-05 10:58:56,196 INFO Bot started
2026-01-05 10:59:01,533 INFO Bot started
2026-01-05 10:59:07,023 INFO Bot started
2026-01-05 10:59:12,562 INFO Bot started
2026-01-05 10:59:17,898 INFO Bot started
2026-01-05 10:59:23,359 INFO Bot started
2026-01-05 10:59:28,661 INFO Bot started
2026-01-05 10:59:33,968 INFO Bot started
2026-01-05 10:59:39,272 INFO Bot started
2026-01-05 10:59:44,553 INFO Bot started
2026-01-05 10:59:50,041 INFO Bot started
2026-01-05 10:59:55,599 INFO Bot started
2026-01-05 11:00:01,192 INFO Bot started
2026-01-05 11:00:06,904 INFO Bot started
2026-01-05 11:00:12,412 INFO Bot started
2026-01-05 11:00:17,920 INFO Bot started
2026-01-05 11:00:23,387 INFO Bot started
2026-01-05 11:00:28,979 INFO Bot started
2026-01-05 11:00:34,512 INFO Bot started
2026-01-05 11:00:40,019 INFO Bot started
2026-01-05 11:00:45,531 INFO Bot started
2026-01-05 11:00:51,061 INFO Bot started
2026-01-05 11:00:56,463 INFO Bot started
2026-01-05 11:01:02,138 INFO Bot started
2026-01-05 11:01:07,510 INFO Bot started
2026-01-05 11:01:12,819 INFO Bot started
2026-01-05 11:01:18,165 INFO Bot started
2026-01-05 11:01:23,468 INFO Bot started
2026-01-05 11:01:28,801 INFO Bot started
2026-01-05 11:01:34,119 INFO Bot started
2026-01-05 11:01:39,456 INFO Bot started
2026-01-05 11:01:44,791 INFO Bot started
2026-01-05 11:01:50,098 INFO Bot started
2026-01-05 11:01:55,710 INFO Bot started
2026-01-05 11:02:01,143 INFO Bot started
2026-01-05 11:02:06,506 INFO Bot started
2026-01-05 11:02:12,186 INFO Bot started
2026-01-05 11:02:17,571 INFO Bot started
2026-01-05 11:02:22,990 INFO Bot started
2026-01-05 11:02:28,381 INFO Bot started
2026-01-05 11:02:33,760 INFO Bot started
2026-01-05 11:02:39,242 INFO Bot started
2026-01-05 11:02:44,828 INFO Bot started
2026-01-05 11:02:50,253 INFO Bot started
2026-01-05 11:02:50,670 ERROR 'entry'
2026-01-05 11:02:55,671 INFO Bot started
2026-01-05 11:02:56,082 ERROR 'entry'
2026-01-05 11:03:01,083 INFO Bot started
2026-01-05 11:03:01,512 ERROR 'entry'
2026-01-05 11:03:06,513 INFO Bot started
2026-01-05 11:03:06,940 ERROR 'entry'
2026-01-05 11:03:11,942 INFO Bot started
2026-01-05 11:03:12,337 ERROR 'entry'
2026-01-05 11:03:17,339 INFO Bot started
2026-01-05 11:03:17,714 ERROR 'entry'
2026-01-05 11:03:22,715 INFO Bot started
2026-01-05 11:03:23,222 ERROR 'entry'
2026-01-05 11:03:28,223 INFO Bot started
2026-01-05 11:03:28,706 ERROR 'entry'
2026-01-05 11:03:33,706 INFO Bot started
2026-01-05 11:03:34,320 ERROR 'entry'
2026-01-05 11:03:39,322 INFO Bot started
2026-01-05 11:03:39,711 ERROR 'entry'
2026-01-05 11:03:44,712 INFO Bot started
2026-01-05 11:03:45,112 ERROR 'entry'
2026-01-05 11:03:50,114 INFO Bot started
2026-01-05 11:03:50,599 ERROR 'entry'
2026-01-05 11:03:55,600 INFO Bot started
2026-01-05 11:03:56,098 ERROR 'entry'
2026-01-05 11:04:01,099 INFO Bot started
2026-01-05 11:04:01,727 ERROR 'entry'
2026-01-05 11:04:06,727 INFO Bot started
2026-01-05 11:04:07,083 ERROR 'entry'
2026-01-05 11:04:12,084 INFO Bot started
2026-01-05 11:04:12,623 ERROR 'entry'
2026-01-05 11:04:17,624 INFO Bot started
2026-01-05 11:04:18,051 ERROR 'entry'
2026-01-05 11:04:23,052 INFO Bot started
2026-01-05 11:04:23,397 ERROR 'entry'
2026-01-06 20:40:23,763 INFO Bot started
2026-01-06 20:40:33,237 INFO BUY TCS.NS @ 3255.800048828125 qty=15
2026-01-06 20:40:43,270 INFO Bot started
2026-01-06 20:40:51,538 INFO Bot started
2026-01-06 20:40:52,864 INFO BUY TCS.NS @ 3255.800048828125 qty=15
2026-01-06 20:41:02,896 INFO Bot started
2026-01-06 20:41:12,922 ERROR 
2 Failed downloads:
2026-01-06 20:41:12,922 ERROR ['INFY.NS', 'RELIANCE.NS']: TypeError("'NoneType' object is not subscriptable")
2026-01-06 20:41:12,931 ERROR single positional indexer is out-of-bounds
2026-01-06 20:41:22,932 INFO Bot started
2026-01-06 20:41:34,335 INFO Bot started
2026-01-06 20:41:45,511 INFO Bot started
2026-01-06 20:41:59,669 INFO Bot started
2026-01-06 20:42:11,771 INFO Bot started
2026-01-06 20:42:15,574 INFO Bot started
2026-01-06 20:42:22,161 INFO BUY TCS.NS @ 3255.800048828125 qty=15
2026-01-06 20:42:30,304 INFO Bot started
2026-01-06 20:42:32,204 INFO Bot started
2026-01-06 20:42:38,494 INFO BUY TCS.NS @ 3255.800048828125 qty=15
2026-01-06 20:42:48,089 INFO Bot started
2026-01-06 20:42:59,012 INFO Bot started
2026-01-06 20:43:10,561 INFO Bot started
2026-01-06 20:43:22,052 INFO Bot started
2026-01-06 20:43:33,297 INFO Bot started
2026-01-06 20:43:44,174 INFO Bot started
2026-01-06 20:43:55,408 INFO Bot started
2026-01-06 20:44:05,432 ERROR 
1 Failed download:
2026-01-06 20:44:05,432 ERROR ['RELIANCE.NS']: TypeError("'NoneType' object is not subscriptable")
2026-01-06 20:44:05,457 ERROR single positional indexer is out-of-bounds
2026-01-06 20:44:10,020 INFO Bot started
2026-01-06 20:44:12,565 INFO BUY TCS.NS @ 3255.800048828125 qty=15
2026-01-06 20:44:22,594 INFO Bot started
2026-01-06 20:44:33,380 INFO Bot started
2026-01-06 20:44:43,408 ERROR 
1 Failed download:
2026-01-06 20:44:43,408 ERROR ['TCS.NS']: TypeError("'NoneType' object is not subscriptable")
2026-01-06 20:44:43,427 ERROR single positional indexer is out-of-bounds
2026-01-06 20:44:53,428 INFO Bot started
2026-01-06 20:45:03,460 ERROR 
1 Failed download:
2026-01-06 20:45:03,460 ERROR ['RELIANCE.NS']: TypeError("'NoneType' object is not subscriptable")
2026-01-06 20:45:03,471 ERROR single positional indexer is out-of-bounds
2026-01-06 20:45:13,472 INFO Bot started
2026-01-06 20:45:30,291 INFO Bot started
2026-01-06 20:45:41,053 INFO Bot started
2026-01-06 20:45:53,147 INFO Bot started
2026-01-06 20:46:04,705 INFO Bot started
2026-01-06 20:46:14,730 ERROR 
1 Failed download:
2026-01-06 20:46:14,730 ERROR ['TCS.NS']: TypeError("'NoneType' object is not subscriptable")
2026-01-06 20:46:14,752 ERROR single positional indexer is out-of-bounds
2026-01-06 20:46:24,752 INFO Bot started
2026-01-06 20:46:51,865 INFO Bot started
2026-01-06 20:46:56,027 INFO BUY TCS.NS @ 3255.800048828125 qty=15
2026-01-06 23:56:32,726 INFO Bot started
2026-01-06 23:56:33,947 ERROR $ADANIGREEN.NS: possibly delisted; no price data found  (period=1d) (Yahoo error = "Invalid input - interval=3h is not supported. Valid intervals: [1m, 2m, 5m, 15m, 30m, 60m, 90m, 1h, 4h, 1d, 5d, 1wk, 1mo, 3mo]")
2026-01-06 23:56:33,950 ERROR $PAYTM.NS: possibly delisted; no price data found  (period=1d) (Yahoo error = "Invalid input - interval=3h is not supported. Valid intervals: [1m, 2m, 5m, 15m, 30m, 60m, 90m, 1h, 4h, 1d, 5d, 1wk, 1mo, 3mo]")
2026-01-06 23:56:33,952 ERROR $SHREECEM.NS: possibly delisted; no price data found  (period=1d) (Yahoo error = "Invalid input - interval=3h is not supported. Valid intervals: [1m, 2m, 5m, 15m, 30m, 60m, 90m, 1h, 4h, 1d, 5d, 1wk, 1mo, 3mo]")
2026-01-06 23:56:33,955 ERROR $WIPRO.NS: possibly delisted; no price data found  (period=1d) (Yahoo error = "Invalid input - interval=3h is not supported. Valid intervals: [1m, 2m, 5m, 15m, 30m, 60m, 90m, 1h, 4h, 1d, 5d, 1wk, 1mo, 3mo]")
2026-01-06 23:56:33,958 ERROR $DMART.NS: possibly delisted; no price data found  (period=1d) (Yahoo error = "Invalid input - interval=3h is not supported. Valid intervals: [1m, 2m, 5m, 15m, 30m, 60m, 90m, 1h, 4h, 1d, 5d, 1wk, 1mo, 3mo]")
2026-01-06 23:56:33,960 ERROR $BAJFINANCE.NS: possibly delisted; no price data found  (period=1d) (Yahoo error = "Invalid input - interval=3h is not supported. Valid intervals: [1m, 2m, 5m, 15m, 30m, 60m, 90m, 1h, 4h, 1d, 5d, 1wk, 1mo, 3mo]")
2026-01-06 23:56:33,961 ERROR $ADANIENT.NS: possibly delisted; no price data found  (period=1d) (Yahoo error = "Invalid input - interval=3h is not supported. Valid intervals: [1m, 2m, 5m, 15m, 30m, 60m, 90m, 1h, 4h, 1d, 5d, 1wk, 1mo, 3mo]")
2026-01-06 23:56:33,966 ERROR $APOLLOHOSP.NS: possibly delisted; no price data found  (period=1d) (Yahoo error = "Invalid input - interval=3h is not supported. Valid intervals: [1m, 2m, 5m, 15m, 30m, 60m, 90m, 1h, 4h, 1d, 5d, 1wk, 1mo, 3mo]")
2026-01-06 23:56:34,834 ERROR $TATAPOWER.NS: possibly delisted; no price data found  (period=1d) (Yahoo error = "Invalid input - interval=3h is not supported. Valid intervals: [1m, 2m, 5m, 15m, 30m, 60m, 90m, 1h, 4h, 1d, 5d, 1wk, 1mo, 3mo]")
2026-01-06 23:56:34,837 ERROR $ASIANPAINT.NS: possibly delisted; no price data found  (period=1d) (Yahoo error = "Invalid input - interval=3h is not supported. Valid intervals: [1m, 2m, 5m, 15m, 30m, 60m, 90m, 1h, 4h, 1d, 5d, 1wk, 1mo, 3mo]")
2026-01-06 23:56:34,837 ERROR $ICICIBANK.NS: possibly delisted; no price data found  (period=1d) (Yahoo error = "Invalid input - interval=3h is not supported. Valid intervals: [1m, 2m, 5m, 15m, 30m, 60m, 90m, 1h, 4h, 1d, 5d, 1wk, 1mo, 3mo]")
2026-01-06 23:56:34,838 ERROR $INDUSINDBK.NS: possibly delisted; no price data found  (period=1d) (Yahoo error = "Invalid input - interval=3h is not supported. Valid intervals: [1m, 2m, 5m, 15m, 30m, 60m, 90m, 1h, 4h, 1d, 5d, 1wk, 1mo, 3mo]")
2026-01-06 23:56:34,839 ERROR $JSWENERGY.NS: possibly delisted; no price data found  (period=1d) (Yahoo error = "Invalid input - interval=3h is not supported. Valid intervals: [1m, 2m, 5m, 15m, 30m, 60m, 90m, 1h, 4h, 1d, 5d, 1wk, 1mo, 3mo]")
2026-01-06 23:56:34,843 ERROR $SBIN.NS: possibly delisted; no price data found  (period=1d) (Yahoo error = "Invalid input - interval=3h is not supported. Valid intervals: [1m, 2m, 5m, 15m, 30m, 60m, 90m, 1h, 4h, 1d, 5d, 1wk, 1mo, 3mo]")
2026-01-06 23:56:34,846 ERROR $BPCL.NS: possibly delisted; no price data found  (period=1d) (Yahoo error = "Invalid input - interval=3h is not supported. Valid intervals: [1m, 2m, 5m, 15m, 30m, 60m, 90m, 1h, 4h, 1d, 5d, 1wk, 1mo, 3mo]")
2026-01-06 23:56:34,857 ERROR $SUNPHARMA.NS: possibly delisted; no price data found  (period=1d) (Yahoo error = "Invalid input - interval=3h is not supported. Valid intervals: [1m, 2m, 5m, 15m, 30m, 60m, 90m, 1h, 4h, 1d, 5d, 1wk, 1mo, 3mo]")
2026-01-06 23:56:36,330 ERROR $DABUR.NS: possibly delisted; no price data found  (period=1d) (Yahoo error = "Invalid input - interval=3h is not supported. Valid intervals: [1m, 2m, 5m, 15m, 30m, 60m, 90m, 1h, 4h, 1d, 5d, 1wk, 1mo, 3mo]")
2026-01-06 23:56:36,330 ERROR $NTPC.NS: possibly delisted; no price data found  (period=1d) (Yahoo error = "Invalid input - interval=3h is not supported. Valid intervals: [1m, 2m, 5m, 15m, 30m, 60m, 90m, 1h, 4h, 1d, 5d, 1wk, 1mo, 3mo]")
2026-01-06 23:56:36,331 ERROR $PNB.NS: possibly delisted; no price data found  (period=1d) (Yahoo error = "Invalid input - interval=3h is not supported. Valid intervals: [1m, 2m, 5m, 15m, 30m, 60m, 90m, 1h, 4h, 1d, 5d, 1wk, 1mo, 3mo]")
2026-01-06 23:56:36,332 ERROR $CANBK.NS: possibly delisted; no price data found  (period=1d) (Yahoo error = "Invalid input - interval=3h is not supported. Valid intervals: [1m, 2m, 5m, 15m, 30m, 60m, 90m, 1h, 4h, 1d, 5d, 1wk, 1mo, 3mo]")
2026-01-06 23:56:36,333 ERROR $ALKEM.NS: possibly delisted; no price data found  (period=1d) (Yahoo error = "Invalid input - interval=3h is not supported. Valid intervals: [1m, 2m, 5m, 15m, 30m, 60m, 90m, 1h, 4h, 1d, 5d, 1wk, 1mo, 3mo]")
2026-01-06 23:56:36,333 ERROR $TECHM.NS: possibly delisted; no price data found  (period=1d) (Yahoo error = "Invalid input - interval=3h is not supported. Valid intervals: [1m, 2m, 5m, 15m, 30m, 60m, 90m, 1h, 4h, 1d, 5d, 1wk, 1mo, 3mo]")
2026-01-06 23:56:36,335 ERROR $SIEMENS.NS: possibly delisted; no price data found  (period=1d) (Yahoo error = "Invalid input - interval=3h is not supported. Valid intervals: [1m, 2m, 5m, 15m, 30m, 60m, 90m, 1h, 4h, 1d, 5d, 1wk, 1mo, 3mo]")
2026-01-06 23:56:36,339 ERROR $IDFCFIRSTB.NS: possibly delisted; no price data found  (period=1d) (Yahoo error = "Invalid input - interval=3h is not supported. Valid intervals: [1m, 2m, 5m, 15m, 30m, 60m, 90m, 1h, 4h, 1d, 5d, 1wk, 1mo, 3mo]")
2026-01-06 23:56:37,482 ERROR $TATACONSUM.NS: possibly delisted; no price data found  (period=1d) (Yahoo error = "Invalid input - interval=3h is not supported. Valid intervals: [1m, 2m, 5m, 15m, 30m, 60m, 90m, 1h, 4h, 1d, 5d, 1wk, 1mo, 3mo]")
2026-01-06 23:56:37,483 ERROR $HEROMOTOCO.NS: possibly delisted; no price data found  (period=1d) (Yahoo error = "Invalid input - interval=3h is not supported. Valid intervals: [1m, 2m, 5m, 15m, 30m, 60m, 90m, 1h, 4h, 1d, 5d, 1wk, 1mo, 3mo]")
2026-01-06 23:56:37,485 ERROR $TITAN.NS: possibly delisted; no price data found  (period=1d) (Yahoo error = "Invalid input - interval=3h is not supported. Valid intervals: [1m, 2m, 5m, 15m, 30m, 60m, 90m, 1h, 4h, 1d, 5d, 1wk, 1mo, 3mo]")
2026-01-06 23:56:37,486 ERROR $CIPLA.NS: possibly delisted; no price data found  (period=1d) (Yahoo error = "Invalid input - interval=3h is not supported. Valid intervals: [1m, 2m, 5m, 15m, 30m, 60m, 90m, 1h, 4h, 1d, 5d, 1wk, 1mo, 3mo]")
2026-01-06 23:56:37,486 ERROR $SBILIFE.NS: possibly delisted; no price data found  (period=1d) (Yahoo error = "Invalid input - interval=3h is not supported. Valid intervals: [1m, 2m, 5m, 15m, 30m, 60m, 90m, 1h, 4h, 1d, 5d, 1wk, 1mo, 3mo]")
2026-01-06 23:56:37,487 ERROR $NESTLEIND.NS: possibly delisted; no price data found  (period=1d) (Yahoo error = "Invalid input - interval=3h is not supported. Valid intervals: [1m, 2m, 5m, 15m, 30m, 60m, 90m, 1h, 4h, 1d, 5d, 1wk, 1mo, 3mo]")
2026-01-06 23:56:37,487 ERROR $BEL.NS: possibly delisted; no price data found  (period=1d) (Yahoo error = "Invalid input - interval=3h is not supported. Valid intervals: [1m, 2m, 5m, 15m, 30m, 60m, 90m, 1h, 4h, 1d, 5d, 1wk, 1mo, 3mo]")
2026-01-06 23:56:37,488 ERROR $BAJAJFINSV.NS: possibly delisted; no price data found  (period=1d) (Yahoo error = "Invalid input - interval=3h is not supported. Valid intervals: [1m, 2m, 5m, 15m, 30m, 60m, 90m, 1h, 4h, 1d, 5d, 1wk, 1mo, 3mo]")
2026-01-06 23:56:38,517 ERROR $HCLTECH.NS: possibly delisted; no price data found  (period=1d) (Yahoo error = "Invalid input - interval=3h is not supported. Valid intervals: [1m, 2m, 5m, 15m, 30m, 60m, 90m, 1h, 4h, 1d, 5d, 1wk, 1mo, 3mo]")
2026-01-06 23:56:38,521 ERROR $LTIM.NS: possibly delisted; no price data found  (period=1d) (Yahoo error = "Invalid input - interval=3h is not supported. Valid intervals: [1m, 2m, 5m, 15m, 30m, 60m, 90m, 1h, 4h, 1d, 5d, 1wk, 1mo, 3mo]")
2026-01-06 23:56:38,522 ERROR $ADANIPORTS.NS: possibly delisted; no price data found  (period=1d) (Yahoo error = "Invalid input - interval=3h is not supported. Valid intervals: [1m, 2m, 5m, 15m, 30m, 60m, 90m, 1h, 4h, 1d, 5d, 1wk, 1mo, 3mo]")
2026-01-06 23:56:38,525 ERROR $DIVISLAB.NS: possibly delisted; no price data found  (period=1d) (Yahoo error = "Invalid input - interval=3h is not supported. Valid intervals: [1m, 2m, 5m, 15m, 30m, 60m, 90m, 1h, 4h, 1d, 5d, 1wk, 1mo, 3mo]")
2026-01-06 23:56:38,526 ERROR $NYKAA.NS: possibly delisted; no price data found  (period=1d) (Yahoo error = "Invalid input - interval=3h is not supported. Valid intervals: [1m, 2m, 5m, 15m, 30m, 60m, 90m, 1h, 4h, 1d, 5d, 1wk, 1mo, 3mo]")
2026-01-06 23:56:38,533 ERROR $RELIANCE.NS: possibly delisted; no price data found  (period=1d) (Yahoo error = "Invalid input - interval=3h is not supported. Valid intervals: [1m, 2m, 5m, 15m, 30m, 60m, 90m, 1h, 4h, 1d, 5d, 1wk, 1mo, 3mo]")
2026-01-06 23:56:38,533 ERROR $INFY.NS: possibly delisted; no price data found  (period=1d) (Yahoo error = "Invalid input - interval=3h is not supported. Valid intervals: [1m, 2m, 5m, 15m, 30m, 60m, 90m, 1h, 4h, 1d, 5d, 1wk, 1mo, 3mo]")
2026-01-06 23:56:38,544 ERROR $BANKBARODA.NS: possibly delisted; no price data found  (period=1d) (Yahoo error = "Invalid input - interval=3h is not supported. Valid intervals: [1m, 2m, 5m, 15m, 30m, 60m, 90m, 1h, 4h, 1d, 5d, 1wk, 1mo, 3mo]")
2026-01-06 23:56:39,325 ERROR $SBICARD.NS: possibly delisted; no price data found  (period=1d) (Yahoo error = "Invalid input - interval=3h is not supported. Valid intervals: [1m, 2m, 5m, 15m, 30m, 60m, 90m, 1h, 4h, 1d, 5d, 1wk, 1mo, 3mo]")
2026-01-06 23:56:39,328 ERROR $DRREDDY.NS: possibly delisted; no price data found  (period=1d) (Yahoo error = "Invalid input - interval=3h is not supported. Valid intervals: [1m, 2m, 5m, 15m, 30m, 60m, 90m, 1h, 4h, 1d, 5d, 1wk, 1mo, 3mo]")
2026-01-06 23:56:39,330 ERROR $ICICIPRULI.NS: possibly delisted; no price data found  (period=1d) (Yahoo error = "Invalid input - interval=3h is not supported. Valid intervals: [1m, 2m, 5m, 15m, 30m, 60m, 90m, 1h, 4h, 1d, 5d, 1wk, 1mo, 3mo]")
2026-01-06 23:56:39,333 ERROR $PIDILITIND.NS: possibly delisted; no price data found  (period=1d) (Yahoo error = "Invalid input - interval=3h is not supported. Valid intervals: [1m, 2m, 5m, 15m, 30m, 60m, 90m, 1h, 4h, 1d, 5d, 1wk, 1mo, 3mo]")
2026-01-06 23:56:39,335 ERROR $IOC.NS: possibly delisted; no price data found  (period=1d) (Yahoo error = "Invalid input - interval=3h is not supported. Valid intervals: [1m, 2m, 5m, 15m, 30m, 60m, 90m, 1h, 4h, 1d, 5d, 1wk, 1mo, 3mo]")
2026-01-06 23:56:39,338 ERROR $ONGC.NS: possibly delisted; no price data found  (period=1d) (Yahoo error = "Invalid input - interval=3h is not supported. Valid intervals: [1m, 2m, 5m, 15m, 30m, 60m, 90m, 1h, 4h, 1d, 5d, 1wk, 1mo, 3mo]")
2026-01-06 23:56:39,342 ERROR $AUROPHARMA.NS: possibly delisted; no price data found  (period=1d) (Yahoo error = "Invalid input - interval=3h is not supported. Valid intervals: [1m, 2m, 5m, 15m, 30m, 60m, 90m, 1h, 4h, 1d, 5d, 1wk, 1mo, 3mo]")
2026-01-06 23:56:39,344 ERROR $IRCTC.NS: possibly delisted; no price data found  (period=1d) (Yahoo error = "Invalid input - interval=3h is not supported. Valid intervals: [1m, 2m, 5m, 15m, 30m, 60m, 90m, 1h, 4h, 1d, 5d, 1wk, 1mo, 3mo]")
2026-01-06 23:56:40,490 ERROR $AXISBANK.NS: possibly delisted; no price data found  (period=1d) (Yahoo error = "Invalid input - interval=3h is not supported. Valid intervals: [1m, 2m, 5m, 15m, 30m, 60m, 90m, 1h, 4h, 1d, 5d, 1wk, 1mo, 3mo]")
2026-01-06 23:56:40,493 ERROR $BHARTIARTL.NS: possibly delisted; no price data found  (period=1d) (Yahoo error = "Invalid input - interval=3h is not supported. Valid intervals: [1m, 2m, 5m, 15m, 30m, 60m, 90m, 1h, 4h, 1d, 5d, 1wk, 1mo, 3mo]")
2026-01-06 23:56:40,496 ERROR $HAVELLS.NS: possibly delisted; no price data found  (period=1d) (Yahoo error = "Invalid input - interval=3h is not supported. Valid intervals: [1m, 2m, 5m, 15m, 30m, 60m, 90m, 1h, 4h, 1d, 5d, 1wk, 1mo, 3mo]")
2026-01-06 23:56:40,498 ERROR $GODREJCP.NS: possibly delisted; no price data found  (period=1d) (Yahoo error = "Invalid input - interval=3h is not supported. Valid intervals: [1m, 2m, 5m, 15m, 30m, 60m, 90m, 1h, 4h, 1d, 5d, 1wk, 1mo, 3mo]")
2026-01-06 23:56:40,501 ERROR $HAL.NS: possibly delisted; no price data found  (period=1d) (Yahoo error = "Invalid input - interval=3h is not supported. Valid intervals: [1m, 2m, 5m, 15m, 30m, 60m, 90m, 1h, 4h, 1d, 5d, 1wk, 1mo, 3mo]")
2026-01-06 23:56:40,504 ERROR $GRASIM.NS: possibly delisted; no price data found  (period=1d) (Yahoo error = "Invalid input - interval=3h is not supported. Valid intervals: [1m, 2m, 5m, 15m, 30m, 60m, 90m, 1h, 4h, 1d, 5d, 1wk, 1mo, 3mo]")
2026-01-06 23:56:41,370 ERROR HTTP Error 404: {"quoteSummary":{"result":null,"error":{"code":"Not Found","description":"Quote not found for symbol: TATAMOTORS.NS"}}}
2026-01-06 23:56:41,373 ERROR $BHEL.NS: possibly delisted; no price data found  (period=1d) (Yahoo error = "Invalid input - interval=3h is not supported. Valid intervals: [1m, 2m, 5m, 15m, 30m, 60m, 90m, 1h, 4h, 1d, 5d, 1wk, 1mo, 3mo]")
2026-01-06 23:56:41,379 ERROR $LUPIN.NS: possibly delisted; no price data found  (period=1d) (Yahoo error = "Invalid input - interval=3h is not supported. Valid intervals: [1m, 2m, 5m, 15m, 30m, 60m, 90m, 1h, 4h, 1d, 5d, 1wk, 1mo, 3mo]")
2026-01-06 23:56:41,383 ERROR $VEDL.NS: possibly delisted; no price data found  (period=1d) (Yahoo error = "Invalid input - interval=3h is not supported. Valid intervals: [1m, 2m, 5m, 15m, 30m, 60m, 90m, 1h, 4h, 1d, 5d, 1wk, 1mo, 3mo]")
2026-01-06 23:56:41,391 ERROR $HINDPETRO.NS: possibly delisted; no price data found  (period=1d) (Yahoo error = "Invalid input - interval=3h is not supported. Valid intervals: [1m, 2m, 5m, 15m, 30m, 60m, 90m, 1h, 4h, 1d, 5d, 1wk, 1mo, 3mo]")
2026-01-06 23:56:41,394 ERROR $COALINDIA.NS: possibly delisted; no price data found  (period=1d) (Yahoo error = "Invalid input - interval=3h is not supported. Valid intervals: [1m, 2m, 5m, 15m, 30m, 60m, 90m, 1h, 4h, 1d, 5d, 1wk, 1mo, 3mo]")
2026-01-06 23:56:41,397 ERROR $EICHERMOT.NS: possibly delisted; no price data found  (period=1d) (Yahoo error = "Invalid input - interval=3h is not supported. Valid intervals: [1m, 2m, 5m, 15m, 30m, 60m, 90m, 1h, 4h, 1d, 5d, 1wk, 1mo, 3mo]")
2026-01-06 23:56:42,600 ERROR $TATASTEEL.NS: possibly delisted; no price data found  (period=1d) (Yahoo error = "Invalid input - interval=3h is not supported. Valid intervals: [1m, 2m, 5m, 15m, 30m, 60m, 90m, 1h, 4h, 1d, 5d, 1wk, 1mo, 3mo]")
2026-01-06 23:56:42,604 ERROR $ITC.NS: possibly delisted; no price data found  (period=1d) (Yahoo error = "Invalid input - interval=3h is not supported. Valid intervals: [1m, 2m, 5m, 15m, 30m, 60m, 90m, 1h, 4h, 1d, 5d, 1wk, 1mo, 3mo]")
2026-01-06 23:56:42,605 ERROR $TATAMOTORS.NS: possibly delisted; no price data found  (period=1d) (Yahoo error = "Invalid input - interval=3h is not supported. Valid intervals: [1m, 2m, 5m, 15m, 30m, 60m, 90m, 1h, 4h, 1d, 5d, 1wk, 1mo, 3mo]")
2026-01-06 23:56:42,606 ERROR $HINDUNILVR.NS: possibly delisted; no price data found  (period=1d) (Yahoo error = "Invalid input - interval=3h is not supported. Valid intervals: [1m, 2m, 5m, 15m, 30m, 60m, 90m, 1h, 4h, 1d, 5d, 1wk, 1mo, 3mo]")
2026-01-06 23:56:42,607 ERROR $ADANIENSOL.NS: possibly delisted; no price data found  (period=1d) (Yahoo error = "Invalid input - interval=3h is not supported. Valid intervals: [1m, 2m, 5m, 15m, 30m, 60m, 90m, 1h, 4h, 1d, 5d, 1wk, 1mo, 3mo]")
2026-01-06 23:56:42,608 ERROR $ULTRACEMCO.NS: possibly delisted; no price data found  (period=1d) (Yahoo error = "Invalid input - interval=3h is not supported. Valid intervals: [1m, 2m, 5m, 15m, 30m, 60m, 90m, 1h, 4h, 1d, 5d, 1wk, 1mo, 3mo]")
2026-01-06 23:56:42,609 ERROR $ZOMATO.NS: possibly delisted; no price data found  (period=1d) (Yahoo error = "Invalid input - interval=3h is not supported. Valid intervals: [1m, 2m, 5m, 15m, 30m, 60m, 90m, 1h, 4h, 1d, 5d, 1wk, 1mo, 3mo]")
2026-01-06 23:56:42,612 ERROR $HDFCLIFE.NS: possibly delisted; no price data found  (period=1d) (Yahoo error = "Invalid input - interval=3h is not supported. Valid intervals: [1m, 2m, 5m, 15m, 30m, 60m, 90m, 1h, 4h, 1d, 5d, 1wk, 1mo, 3mo]")
2026-01-06 23:56:43,439 ERROR $LT.NS: possibly delisted; no price data found  (period=1d) (Yahoo error = "Invalid input - interval=3h is not supported. Valid intervals: [1m, 2m, 5m, 15m, 30m, 60m, 90m, 1h, 4h, 1d, 5d, 1wk, 1mo, 3mo]")
2026-01-06 23:56:43,442 ERROR $BRITANNIA.NS: possibly delisted; no price data found  (period=1d) (Yahoo error = "Invalid input - interval=3h is not supported. Valid intervals: [1m, 2m, 5m, 15m, 30m, 60m, 90m, 1h, 4h, 1d, 5d, 1wk, 1mo, 3mo]")
2026-01-06 23:56:43,445 ERROR $HDFCBANK.NS: possibly delisted; no price data found  (period=1d) (Yahoo error = "Invalid input - interval=3h is not supported. Valid intervals: [1m, 2m, 5m, 15m, 30m, 60m, 90m, 1h, 4h, 1d, 5d, 1wk, 1mo, 3mo]")
2026-01-06 23:56:43,448 ERROR $CHOLAFIN.NS: possibly delisted; no price data found  (period=1d) (Yahoo error = "Invalid input - interval=3h is not supported. Valid intervals: [1m, 2m, 5m, 15m, 30m, 60m, 90m, 1h, 4h, 1d, 5d, 1wk, 1mo, 3mo]")
2026-01-06 23:56:43,449 ERROR $M&M.NS: possibly delisted; no price data found  (period=1d) (Yahoo error = "Invalid input - interval=3h is not supported. Valid intervals: [1m, 2m, 5m, 15m, 30m, 60m, 90m, 1h, 4h, 1d, 5d, 1wk, 1mo, 3mo]")
2026-01-06 23:56:43,451 ERROR $TORNTPHARM.NS: possibly delisted; no price data found  (period=1d) (Yahoo error = "Invalid input - interval=3h is not supported. Valid intervals: [1m, 2m, 5m, 15m, 30m, 60m, 90m, 1h, 4h, 1d, 5d, 1wk, 1mo, 3mo]")
2026-01-06 23:56:43,453 ERROR $KOTAKBANK.NS: possibly delisted; no price data found  (period=1d) (Yahoo error = "Invalid input - interval=3h is not supported. Valid intervals: [1m, 2m, 5m, 15m, 30m, 60m, 90m, 1h, 4h, 1d, 5d, 1wk, 1mo, 3mo]")
2026-01-06 23:56:43,456 ERROR $POWERGRID.NS: possibly delisted; no price data found  (period=1d) (Yahoo error = "Invalid input - interval=3h is not supported. Valid intervals: [1m, 2m, 5m, 15m, 30m, 60m, 90m, 1h, 4h, 1d, 5d, 1wk, 1mo, 3mo]")
2026-01-06 23:56:44,824 ERROR $BANDHANBNK.NS: possibly delisted; no price data found  (period=1d) (Yahoo error = "Invalid input - interval=3h is not supported. Valid intervals: [1m, 2m, 5m, 15m, 30m, 60m, 90m, 1h, 4h, 1d, 5d, 1wk, 1mo, 3mo]")
2026-01-06 23:56:44,827 ERROR $ABB.NS: possibly delisted; no price data found  (period=1d) (Yahoo error = "Invalid input - interval=3h is not supported. Valid intervals: [1m, 2m, 5m, 15m, 30m, 60m, 90m, 1h, 4h, 1d, 5d, 1wk, 1mo, 3mo]")
2026-01-06 23:56:44,830 ERROR $JSWSTEEL.NS: possibly delisted; no price data found  (period=1d) (Yahoo error = "Invalid input - interval=3h is not supported. Valid intervals: [1m, 2m, 5m, 15m, 30m, 60m, 90m, 1h, 4h, 1d, 5d, 1wk, 1mo, 3mo]")
2026-01-06 23:56:44,832 ERROR $MARUTI.NS: possibly delisted; no price data found  (period=1d) (Yahoo error = "Invalid input - interval=3h is not supported. Valid intervals: [1m, 2m, 5m, 15m, 30m, 60m, 90m, 1h, 4h, 1d, 5d, 1wk, 1mo, 3mo]")
2026-01-06 23:56:44,833 ERROR $POLYCAB.NS: possibly delisted; no price data found  (period=1d) (Yahoo error = "Invalid input - interval=3h is not supported. Valid intervals: [1m, 2m, 5m, 15m, 30m, 60m, 90m, 1h, 4h, 1d, 5d, 1wk, 1mo, 3mo]")
2026-01-06 23:56:44,834 ERROR $TCS.NS: possibly delisted; no price data found  (period=1d) (Yahoo error = "Invalid input - interval=3h is not supported. Valid intervals: [1m, 2m, 5m, 15m, 30m, 60m, 90m, 1h, 4h, 1d, 5d, 1wk, 1mo, 3mo]")
2026-01-06 23:56:44,844 ERROR 
82 Failed downloads:
2026-01-06 23:56:44,844 ERROR ['ADANIGREEN.NS', 'PAYTM.NS', 'SHREECEM.NS', 'WIPRO.NS', 'DMART.NS', 'BAJFINANCE.NS', 'ADANIENT.NS', 'APOLLOHOSP.NS', 'TATAPOWER.NS', 'ASIANPAINT.NS', 'ICICIBANK.NS', 'INDUSINDBK.NS', 'JSWENERGY.NS', 'SBIN.NS', 'BPCL.NS', 'SUNPHARMA.NS', 'DABUR.NS', 'NTPC.NS', 'PNB.NS', 'CANBK.NS', 'ALKEM.NS', 'TECHM.NS', 'SIEMENS.NS', 'IDFCFIRSTB.NS', 'TATACONSUM.NS', 'HEROMOTOCO.NS', 'TITAN.NS', 'CIPLA.NS', 'SBILIFE.NS', 'NESTLEIND.NS', 'BEL.NS', 'BAJAJFINSV.NS', 'HCLTECH.NS', 'LTIM.NS', 'ADANIPORTS.NS', 'DIVISLAB.NS', 'NYKAA.NS', 'RELIANCE.NS', 'INFY.NS', 'BANKBARODA.NS', 'SBICARD.NS', 'DRREDDY.NS', 'ICICIPRULI.NS', 'PIDILITIND.NS', 'IOC.NS', 'ONGC.NS', 'AUROPHARMA.NS', 'IRCTC.NS', 'AXISBANK.NS', 'BHARTIARTL.NS', 'HAVELLS.NS', 'GODREJCP.NS', 'HAL.NS', 'GRASIM.NS', 'BHEL.NS', 'LUPIN.NS', 'VEDL.NS', 'HINDPETRO.NS', 'COALINDIA.NS', 'EICHERMOT.NS', 'TATASTEEL.NS', 'ITC.NS', 'TATAMOTORS.NS', 'HINDUNILVR.NS', 'ADANIENSOL.NS', 'ULTRACEMCO.NS', 'ZOMATO.NS', 'HDFCLIFE.NS', 'LT.NS', 'BRITANNIA.NS', 'HDFCBANK.NS', 'CHOLAFIN.NS', 'M&M.NS', 'TORNTPHARM.NS', 'KOTAKBANK.NS', 'POWERGRID.NS', 'BANDHANBNK.NS', 'ABB.NS', 'JSWSTEEL.NS', 'MARUTI.NS', 'POLYCAB.NS', 'TCS.NS']: possibly delisted; no price data found  (period=1d) (Yahoo error = "Invalid input - interval=3h is not supported. Valid intervals: [1m, 2m, 5m, 15m, 30m, 60m, 90m, 1h, 4h, 1d, 5d, 1wk, 1mo, 3mo]")
2026-01-06 23:57:10,461 INFO Bot started
2026-01-06 23:57:13,089 ERROR HTTP Error 404: {"quoteSummary":{"result":null,"error":{"code":"Not Found","description":"Quote not found for symbol: TATAMOTORS.NS"}}}
2026-01-06 23:57:13,765 ERROR $TATAMOTORS.NS: possibly delisted; no price data found  (period=1d) (Yahoo error = "No data found, symbol may be delisted")
2026-01-06 23:57:14,681 ERROR $ZOMATO.NS: possibly delisted; no price data found  (period=1d) (Yahoo error = "No data found, symbol may be delisted")
2026-01-06 23:57:16,254 ERROR 
2 Failed downloads:
2026-01-06 23:57:16,254 ERROR ['TATAMOTORS.NS', 'ZOMATO.NS']: possibly delisted; no price data found  (period=1d) (Yahoo error = "No data found, symbol may be delisted")
2026-01-06 23:58:14,809 INFO Bot started
2026-01-06 23:58:18,942 ERROR HTTP Error 404: {"quoteSummary":{"result":null,"error":{"code":"Not Found","description":"Quote not found for symbol: TATAMOTORS.NS"}}}
2026-01-06 23:58:19,920 ERROR $TATAMOTORS.NS: possibly delisted; no price data found  (period=1d) (Yahoo error = "No data found, symbol may be delisted")
2026-01-06 23:58:21,518 ERROR $ZOMATO.NS: possibly delisted; no price data found  (period=1d) (Yahoo error = "No data found, symbol may be delisted")
2026-01-06 23:58:21,523 ERROR 
2 Failed downloads:
2026-01-06 23:58:21,523 ERROR ['TATAMOTORS.NS', 'ZOMATO.NS']: possibly delisted; no price data found  (period=1d) (Yahoo error = "No data found, symbol may be delisted")
2026-01-07 00:01:34,627 INFO Bot started
2026-01-07 00:01:37,916 ERROR HTTP Error 404: {"quoteSummary":{"result":null,"error":{"code":"Not Found","description":"Quote not found for symbol: TATAMOTORS.NS"}}}
2026-01-07 00:01:38,864 ERROR $TATAMOTORS.NS: possibly delisted; no price data found  (period=25y) (Yahoo error = "No data found, symbol may be delisted")
2026-01-07 00:01:40,771 ERROR $ZOMATO.NS: possibly delisted; no price data found  (period=25y) (Yahoo error = "No data found, symbol may be delisted")
2026-01-07 00:01:42,518 ERROR 
2 Failed downloads:
2026-01-07 00:01:42,518 ERROR ['TATAMOTORS.NS', 'ZOMATO.NS']: possibly delisted; no price data found  (period=25y) (Yahoo error = "No data found, symbol may be delisted")
2026-01-07 00:01:44,763 INFO BUY DIVISLAB.NS @ 6642.5 qty=5
2026-01-07 00:11:09,286 INFO Bot started
2026-01-07 00:11:11,496 ERROR HTTP Error 404: {"quoteSummary":{"result":null,"error":{"code":"Not Found","description":"Quote not found for symbol: TATAMOTORS.NS"}}}
2026-01-07 00:11:12,380 ERROR $TATAMOTORS.NS: possibly delisted; no price data found  (period=25y) (Yahoo error = "No data found, symbol may be delisted")
2026-01-07 00:11:12,384 ERROR $ZOMATO.NS: possibly delisted; no price data found  (period=25y) (Yahoo error = "No data found, symbol may be delisted")
2026-01-07 00:11:16,525 ERROR 
2 Failed downloads:
2026-01-07 00:11:16,525 ERROR ['TATAMOTORS.NS', 'ZOMATO.NS']: possibly delisted; no price data found  (period=25y) (Yahoo error = "No data found, symbol may be delisted")
2026-01-07 00:11:18,669 INFO BUY DIVISLAB.NS @ 6642.5 qty=5
2026-01-07 00:11:29,540 INFO Bot started
2026-01-07 00:11:30,487 ERROR $ZOMATO.NS: possibly delisted; no price data found  (period=25y) (Yahoo error = "No data found, symbol may be delisted")
2026-01-07 00:11:30,489 ERROR $TATAMOTORS.NS: possibly delisted; no price data found  (period=25y) (Yahoo error = "No data found, symbol may be delisted")
2026-01-07 00:11:35,644 ERROR 
2 Failed downloads:
2026-01-07 00:11:35,644 ERROR ['ZOMATO.NS', 'TATAMOTORS.NS']: possibly delisted; no price data found  (period=25y) (Yahoo error = "No data found, symbol may be delisted")
2026-01-07 00:11:49,095 INFO Bot started
2026-01-07 00:11:50,069 ERROR $ZOMATO.NS: possibly delisted; no price data found  (period=25y) (Yahoo error = "No data found, symbol may be delisted")
2026-01-07 00:11:50,073 ERROR $TATAMOTORS.NS: possibly delisted; no price data found  (period=25y) (Yahoo error = "No data found, symbol may be delisted")
2026-01-07 00:11:55,735 ERROR 
2 Failed downloads:
2026-01-07 00:11:55,735 ERROR ['ZOMATO.NS', 'TATAMOTORS.NS']: possibly delisted; no price data found  (period=25y) (Yahoo error = "No data found, symbol may be delisted")
2026-01-07 00:16:27,247 INFO Bot started
2026-01-07 00:16:31,722 ERROR $ZOMATO.NS: possibly delisted; no price data found  (period=25y) (Yahoo error = "No data found, symbol may be delisted")
2026-01-07 00:16:34,235 ERROR HTTP Error 404: {"quoteSummary":{"result":null,"error":{"code":"Not Found","description":"Quote not found for symbol: TATAMOTORS.NS"}}}
2026-01-07 00:16:35,468 ERROR $TATAMOTORS.NS: possibly delisted; no price data found  (period=25y) (Yahoo error = "No data found, symbol may be delisted")
2026-01-07 00:16:35,477 ERROR 
2 Failed downloads:
2026-01-07 00:16:35,477 ERROR ['ZOMATO.NS', 'TATAMOTORS.NS']: possibly delisted; no price data found  (period=25y) (Yahoo error = "No data found, symbol may be delisted")
2026-01-07 00:16:37,823 INFO BUY DIVISLAB.NS @ 6642.5 qty=5
2026-01-07 00:16:49,119 INFO Bot started
2026-01-07 00:16:53,022 ERROR $ZOMATO.NS: possibly delisted; no price data found  (period=25y) (Yahoo error = "No data found, symbol may be delisted")
2026-01-07 00:16:55,762 ERROR $TATAMOTORS.NS: possibly delisted; no price data found  (period=25y) (Yahoo error = "No data found, symbol may be delisted")
2026-01-07 00:16:55,772 ERROR 
2 Failed downloads:
2026-01-07 00:16:55,772 ERROR ['ZOMATO.NS', 'TATAMOTORS.NS']: possibly delisted; no price data found  (period=25y) (Yahoo error = "No data found, symbol may be delisted")
2026-01-07 00:17:09,048 INFO Bot started
2026-01-07 00:17:12,852 ERROR $ZOMATO.NS: possibly delisted; no price data found  (period=25y) (Yahoo error = "No data found, symbol may be delisted")
2026-01-07 00:17:15,790 ERROR $TATAMOTORS.NS: possibly delisted; no price data found  (period=25y) (Yahoo error = "No data found, symbol may be delisted")
2026-01-07 00:17:15,793 ERROR 
2 Failed downloads:
2026-01-07 00:17:15,793 ERROR ['ZOMATO.NS', 'TATAMOTORS.NS']: possibly delisted; no price data found  (period=25y) (Yahoo error = "No data found, symbol may be delisted")
2026-01-07 00:17:29,969 INFO Bot started
2026-01-07 00:17:34,856 ERROR $ZOMATO.NS: possibly delisted; no price data found  (period=25y) (Yahoo error = "No data found, symbol may be delisted")
2026-01-07 00:17:38,787 ERROR $TATAMOTORS.NS: possibly delisted; no price data found  (period=25y) (Yahoo error = "No data found, symbol may be delisted")
2026-01-07 00:17:38,790 ERROR 
2 Failed downloads:
2026-01-07 00:17:38,790 ERROR ['ZOMATO.NS', 'TATAMOTORS.NS']: possibly delisted; no price data found  (period=25y) (Yahoo error = "No data found, symbol may be delisted")
2026-01-07 00:17:52,545 INFO Bot started
2026-01-07 00:17:57,215 ERROR $ZOMATO.NS: possibly delisted; no price data found  (period=25y) (Yahoo error = "No data found, symbol may be delisted")
2026-01-07 00:18:01,184 ERROR $TATAMOTORS.NS: possibly delisted; no price data found  (period=25y) (Yahoo error = "No data found, symbol may be delisted")
2026-01-07 00:18:01,190 ERROR 
2 Failed downloads:
2026-01-07 00:18:01,191 ERROR ['ZOMATO.NS', 'TATAMOTORS.NS']: possibly delisted; no price data found  (period=25y) (Yahoo error = "No data found, symbol may be delisted")
2026-01-07 00:18:14,618 INFO Bot started
2026-01-07 00:18:19,103 ERROR $ZOMATO.NS: possibly delisted; no price data found  (period=25y) (Yahoo error = "No data found, symbol may be delisted")
2026-01-07 00:18:23,279 ERROR $TATAMOTORS.NS: possibly delisted; no price data found  (period=25y) (Yahoo error = "No data found, symbol may be delisted")
2026-01-07 00:18:23,282 ERROR 
2 Failed downloads:
2026-01-07 00:18:23,282 ERROR ['ZOMATO.NS', 'TATAMOTORS.NS']: possibly delisted; no price data found  (period=25y) (Yahoo error = "No data found, symbol may be delisted")
2026-01-07 00:18:37,509 INFO Bot started
2026-01-07 00:18:43,315 ERROR $ZOMATO.NS: possibly delisted; no price data found  (period=25y) (Yahoo error = "No data found, symbol may be delisted")
2026-01-07 00:18:47,783 ERROR $TATAMOTORS.NS: possibly delisted; no price data found  (period=25y) (Yahoo error = "No data found, symbol may be delisted")
2026-01-07 00:18:47,786 ERROR 
2 Failed downloads:
2026-01-07 00:18:47,786 ERROR ['ZOMATO.NS', 'TATAMOTORS.NS']: possibly delisted; no price data found  (period=25y) (Yahoo error = "No data found, symbol may be delisted")
2026-01-07 00:19:01,779 INFO Bot started
2026-01-07 00:19:06,577 ERROR $ZOMATO.NS: possibly delisted; no price data found  (period=25y) (Yahoo error = "No data found, symbol may be delisted")
2026-01-07 00:19:54,492 INFO Bot started
2026-01-07 00:19:59,602 ERROR $ZOMATO.NS: possibly delisted; no price data found  (period=25y) (Yahoo error = "No data found, symbol may be delisted")
2026-01-07 00:20:02,053 ERROR HTTP Error 404: {"quoteSummary":{"result":null,"error":{"code":"Not Found","description":"Quote not found for symbol: TATAMOTORS.NS"}}}
2026-01-07 00:20:03,022 ERROR $TATAMOTORS.NS: possibly delisted; no price data found  (period=25y) (Yahoo error = "No data found, symbol may be delisted")
2026-01-07 00:20:03,028 ERROR 
2 Failed downloads:
2026-01-07 00:20:03,028 ERROR ['ZOMATO.NS', 'TATAMOTORS.NS']: possibly delisted; no price data found  (period=25y) (Yahoo error = "No data found, symbol may be delisted")
2026-01-07 00:20:05,273 INFO BUY DIVISLAB.NS @ 6642.5 qty=5
2026-01-07 00:20:16,465 INFO Bot started
2026-01-07 00:20:19,047 ERROR $ZOMATO.NS: possibly delisted; no price data found  (period=25y) (Yahoo error = "No data found, symbol may be delisted")
2026-01-07 00:20:20,959 ERROR $TATAMOTORS.NS: possibly delisted; no price data found  (period=25y) (Yahoo error = "No data found, symbol may be delisted")
2026-01-07 00:20:22,382 ERROR 
2 Failed downloads:
2026-01-07 00:20:22,382 ERROR ['ZOMATO.NS', 'TATAMOTORS.NS']: possibly delisted; no price data found  (period=25y) (Yahoo error = "No data found, symbol may be delisted")
2026-01-07 00:20:35,733 INFO Bot started
2026-01-07 00:20:38,586 ERROR $ZOMATO.NS: possibly delisted; no price data found  (period=25y) (Yahoo error = "No data found, symbol may be delisted")
2026-01-07 00:20:40,873 ERROR $TATAMOTORS.NS: possibly delisted; no price data found  (period=25y) (Yahoo error = "No data found, symbol may be delisted")
2026-01-07 00:20:42,327 ERROR 
2 Failed downloads:
2026-01-07 00:20:42,327 ERROR ['ZOMATO.NS', 'TATAMOTORS.NS']: possibly delisted; no price data found  (period=25y) (Yahoo error = "No data found, symbol may be delisted")
2026-01-07 00:21:10,778 INFO Bot started
2026-01-07 00:21:14,411 ERROR HTTP Error 404: {"quoteSummary":{"result":null,"error":{"code":"Not Found","description":"Quote not found for symbol: TATAMOTORS.NS"}}}
2026-01-07 00:21:15,320 ERROR $TATAMOTORS.NS: possibly delisted; no price data found  (period=25y) (Yahoo error = "No data found, symbol may be delisted")
2026-01-07 00:21:17,852 ERROR $ZOMATO.NS: possibly delisted; no price data found  (period=25y) (Yahoo error = "No data found, symbol may be delisted")
2026-01-07 00:21:18,130 ERROR 
2 Failed downloads:
2026-01-07 00:21:18,130 ERROR ['TATAMOTORS.NS', 'ZOMATO.NS']: possibly delisted; no price data found  (period=25y) (Yahoo error = "No data found, symbol may be delisted")
2026-01-07 00:21:20,032 INFO BUY DIVISLAB.NS @ 6642.5 qty=5
2026-01-07 00:21:30,759 INFO Bot started
2026-01-07 00:21:33,605 ERROR $TATAMOTORS.NS: possibly delisted; no price data found  (period=25y) (Yahoo error = "No data found, symbol may be delisted")
2026-01-07 00:21:36,469 ERROR $ZOMATO.NS: possibly delisted; no price data found  (period=25y) (Yahoo error = "No data found, symbol may be delisted")
2026-01-07 00:21:37,195 ERROR 
2 Failed downloads:
2026-01-07 00:21:37,195 ERROR ['TATAMOTORS.NS', 'ZOMATO.NS']: possibly delisted; no price data found  (period=25y) (Yahoo error = "No data found, symbol may be delisted")
2026-01-07 00:21:49,946 INFO Bot started
2026-01-07 00:21:53,783 ERROR $TATAMOTORS.NS: possibly delisted; no price data found  (period=25y) (Yahoo error = "No data found, symbol may be delisted")
2026-01-07 00:21:56,315 ERROR $ZOMATO.NS: possibly delisted; no price data found  (period=25y) (Yahoo error = "No data found, symbol may be delisted")
2026-01-07 00:21:57,131 ERROR 
2 Failed downloads:
2026-01-07 00:21:57,131 ERROR ['TATAMOTORS.NS', 'ZOMATO.NS']: possibly delisted; no price data found  (period=25y) (Yahoo error = "No data found, symbol may be delisted")
2026-01-07 00:21:58,335 INFO Bot started
2026-01-07 00:22:00,757 ERROR $ZOMATO.NS: possibly delisted; no price data found  (period=25y) (Yahoo error = "No data found, symbol may be delisted")
2026-01-07 00:22:06,898 ERROR HTTP Error 404: {"quoteSummary":{"result":null,"error":{"code":"Not Found","description":"Quote not found for symbol: TATAMOTORS.NS"}}}
2026-01-07 00:22:07,934 ERROR $TATAMOTORS.NS: possibly delisted; no price data found  (period=25y) (Yahoo error = "No data found, symbol may be delisted")
2026-01-07 00:22:08,854 ERROR 
2 Failed downloads:
2026-01-07 00:22:08,854 ERROR ['ZOMATO.NS', 'TATAMOTORS.NS']: possibly delisted; no price data found  (period=25y) (Yahoo error = "No data found, symbol may be delisted")
2026-01-07 00:22:10,720 INFO BUY DIVISLAB.NS @ 6642.5 qty=5
2026-01-07 00:22:21,400 INFO Bot started
2026-01-07 00:22:22,362 ERROR $ZOMATO.NS: possibly delisted; no price data found  (period=25y) (Yahoo error = "No data found, symbol may be delisted")
2026-01-07 00:22:38,432 INFO Bot started
2026-01-07 00:22:44,116 ERROR HTTP Error 404: {"quoteSummary":{"result":null,"error":{"code":"Not Found","description":"Quote not found for symbol: TATAMOTORS.NS"}}}
2026-01-07 00:22:45,182 ERROR $TATAMOTORS.NS: possibly delisted; no price data found  (period=25y) (Yahoo error = "No data found, symbol may be delisted")
2026-01-07 00:22:45,860 ERROR $ZOMATO.NS: possibly delisted; no price data found  (period=25y) (Yahoo error = "No data found, symbol may be delisted")
2026-01-07 00:22:50,778 ERROR 
2 Failed downloads:
2026-01-07 00:22:50,778 ERROR ['TATAMOTORS.NS', 'ZOMATO.NS']: possibly delisted; no price data found  (period=25y) (Yahoo error = "No data found, symbol may be delisted")
2026-01-07 00:22:52,486 INFO BUY DIVISLAB.NS @ 6642.5 qty=5
2026-01-07 00:23:03,073 INFO Bot started
2026-01-07 00:23:06,675 ERROR $TATAMOTORS.NS: possibly delisted; no price data found  (period=25y) (Yahoo error = "No data found, symbol may be delisted")
2026-01-07 00:23:07,817 ERROR $ZOMATO.NS: possibly delisted; no price data found  (period=25y) (Yahoo error = "No data found, symbol may be delisted")
2026-01-07 00:23:13,606 ERROR 
2 Failed downloads:
2026-01-07 00:23:13,606 ERROR ['TATAMOTORS.NS', 'ZOMATO.NS']: possibly delisted; no price data found  (period=25y) (Yahoo error = "No data found, symbol may be delisted")
2026-01-07 00:23:26,042 INFO Bot started
2026-01-07 00:23:30,485 ERROR $TATAMOTORS.NS: possibly delisted; no price data found  (period=25y) (Yahoo error = "No data found, symbol may be delisted")
2026-01-07 00:23:31,517 ERROR $ZOMATO.NS: possibly delisted; no price data found  (period=25y) (Yahoo error = "No data found, symbol may be delisted")
2026-01-07 00:23:36,192 ERROR 
2 Failed downloads:
2026-01-07 00:23:36,192 ERROR ['TATAMOTORS.NS', 'ZOMATO.NS']: possibly delisted; no price data found  (period=25y) (Yahoo error = "No data found, symbol may be delisted")
2026-01-07 00:23:48,682 INFO Bot started
2026-01-07 00:23:52,086 ERROR $TATAMOTORS.NS: possibly delisted; no price data found  (period=25y) (Yahoo error = "No data found, symbol may be delisted")
2026-01-07 00:23:53,054 ERROR $ZOMATO.NS: possibly delisted; no price data found  (period=25y) (Yahoo error = "No data found, symbol may be delisted")
2026-01-07 00:23:56,653 ERROR 
2 Failed downloads:
2026-01-07 00:23:56,653 ERROR ['TATAMOTORS.NS', 'ZOMATO.NS']: possibly delisted; no price data found  (period=25y) (Yahoo error = "No data found, symbol may be delisted")
2026-01-07 00:24:08,847 INFO Bot started
2026-01-07 00:24:11,793 ERROR $TATAMOTORS.NS: possibly delisted; no price data found  (period=25y) (Yahoo error = "No data found, symbol may be delisted")
2026-01-07 00:24:12,795 ERROR $ZOMATO.NS: possibly delisted; no price data found  (period=25y) (Yahoo error = "No data found, symbol may be delisted")
2026-01-07 00:24:17,188 ERROR 
2 Failed downloads:
2026-01-07 00:24:17,188 ERROR ['TATAMOTORS.NS', 'ZOMATO.NS']: possibly delisted; no price data found  (period=25y) (Yahoo error = "No data found, symbol may be delisted")
2026-01-07 00:24:31,750 INFO Bot started
2026-01-07 00:24:35,733 ERROR $TATAMOTORS.NS: possibly delisted; no price data found  (period=25y) (Yahoo error = "No data found, symbol may be delisted")
2026-01-07 00:24:36,831 ERROR $ZOMATO.NS: possibly delisted; no price data found  (period=25y) (Yahoo error = "No data found, symbol may be delisted")
2026-01-07 00:24:41,819 ERROR 
2 Failed downloads:
2026-01-07 00:24:41,819 ERROR ['TATAMOTORS.NS', 'ZOMATO.NS']: possibly delisted; no price data found  (period=25y) (Yahoo error = "No data found, symbol may be delisted")
2026-01-07 00:24:55,904 INFO Bot started
2026-01-07 00:25:00,330 ERROR $TATAMOTORS.NS: possibly delisted; no price data found  (period=25y) (Yahoo error = "No data found, symbol may be delisted")
2026-01-07 00:25:01,550 ERROR $ZOMATO.NS: possibly delisted; no price data found  (period=25y) (Yahoo error = "No data found, symbol may be delisted")
2026-01-07 00:25:07,707 ERROR 
2 Failed downloads:
2026-01-07 00:25:07,707 ERROR ['TATAMOTORS.NS', 'ZOMATO.NS']: possibly delisted; no price data found  (period=25y) (Yahoo error = "No data found, symbol may be delisted")
2026-01-07 00:25:21,704 INFO Bot started
2026-01-07 00:25:26,326 ERROR $TATAMOTORS.NS: possibly delisted; no price data found  (period=25y) (Yahoo error = "No data found, symbol may be delisted")
2026-01-07 00:25:27,709 ERROR $ZOMATO.NS: possibly delisted; no price data found  (period=25y) (Yahoo error = "No data found, symbol may be delisted")
2026-01-07 00:25:33,318 ERROR 
2 Failed downloads:
2026-01-07 00:25:33,318 ERROR ['TATAMOTORS.NS', 'ZOMATO.NS']: possibly delisted; no price data found  (period=25y) (Yahoo error = "No data found, symbol may be delisted")
2026-01-07 00:25:46,726 INFO Bot started
2026-01-07 00:25:50,238 ERROR $TATAMOTORS.NS: possibly delisted; no price data found  (period=25y) (Yahoo error = "No data found, symbol may be delisted")
2026-01-07 00:25:51,474 ERROR $ZOMATO.NS: possibly delisted; no price data found  (period=25y) (Yahoo error = "No data found, symbol may be delisted")
2026-01-07 00:25:56,189 ERROR 
2 Failed downloads:
2026-01-07 00:25:56,189 ERROR ['TATAMOTORS.NS', 'ZOMATO.NS']: possibly delisted; no price data found  (period=25y) (Yahoo error = "No data found, symbol may be delisted")
2026-01-07 00:26:10,397 INFO Bot started
2026-01-07 00:26:13,294 ERROR $TATAMOTORS.NS: possibly delisted; no price data found  (period=25y) (Yahoo error = "No data found, symbol may be delisted")
2026-01-07 00:26:14,335 ERROR $ZOMATO.NS: possibly delisted; no price data found  (period=25y) (Yahoo error = "No data found, symbol may be delisted")
2026-01-07 00:26:19,036 ERROR 
2 Failed downloads:
2026-01-07 00:26:19,036 ERROR ['TATAMOTORS.NS', 'ZOMATO.NS']: possibly delisted; no price data found  (period=25y) (Yahoo error = "No data found, symbol may be delisted")
2026-01-07 00:26:33,446 INFO Bot started
2026-01-07 00:26:37,333 ERROR $TATAMOTORS.NS: possibly delisted; no price data found  (period=25y) (Yahoo error = "No data found, symbol may be delisted")
2026-01-07 00:26:38,309 ERROR $ZOMATO.NS: possibly delisted; no price data found  (period=25y) (Yahoo error = "No data found, symbol may be delisted")
2026-01-07 00:26:43,387 ERROR 
2 Failed downloads:
2026-01-07 00:26:43,387 ERROR ['TATAMOTORS.NS', 'ZOMATO.NS']: possibly delisted; no price data found  (period=25y) (Yahoo error = "No data found, symbol may be delisted")
2026-01-07 00:26:57,037 INFO Bot started
2026-01-07 00:27:01,267 ERROR $TATAMOTORS.NS: possibly delisted; no price data found  (period=25y) (Yahoo error = "No data found, symbol may be delisted")
2026-01-07 00:27:02,365 ERROR $ZOMATO.NS: possibly delisted; no price data found  (period=25y) (Yahoo error = "No data found, symbol may be delisted")
2026-01-07 00:27:06,371 ERROR 
2 Failed downloads:
2026-01-07 00:27:06,371 ERROR ['TATAMOTORS.NS', 'ZOMATO.NS']: possibly delisted; no price data found  (period=25y) (Yahoo error = "No data found, symbol may be delisted")
2026-01-07 00:27:20,145 INFO Bot started
2026-01-07 00:27:23,533 ERROR $TATAMOTORS.NS: possibly delisted; no price data found  (period=25y) (Yahoo error = "No data found, symbol may be delisted")
2026-01-07 00:27:24,486 ERROR $ZOMATO.NS: possibly delisted; no price data found  (period=25y) (Yahoo error = "No data found, symbol may be delisted")
2026-01-07 00:27:29,058 ERROR 
2 Failed downloads:
2026-01-07 00:27:29,058 ERROR ['TATAMOTORS.NS', 'ZOMATO.NS']: possibly delisted; no price data found  (period=25y) (Yahoo error = "No data found, symbol may be delisted")
2026-01-07 00:27:42,653 INFO Bot started
2026-01-07 00:27:45,881 ERROR $TATAMOTORS.NS: possibly delisted; no price data found  (period=25y) (Yahoo error = "No data found, symbol may be delisted")
2026-01-07 00:27:47,875 ERROR $ZOMATO.NS: possibly delisted; no price data found  (period=25y) (Yahoo error = "No data found, symbol may be delisted")
2026-01-07 00:27:52,350 ERROR 
2 Failed downloads:
2026-01-07 00:27:52,351 ERROR ['TATAMOTORS.NS', 'ZOMATO.NS']: possibly delisted; no price data found  (period=25y) (Yahoo error = "No data found, symbol may be delisted")
2026-01-07 00:28:05,108 INFO Bot started
2026-01-07 00:28:08,725 ERROR $TATAMOTORS.NS: possibly delisted; no price data found  (period=25y) (Yahoo error = "No data found, symbol may be delisted")
2026-01-07 00:28:09,995 ERROR $ZOMATO.NS: possibly delisted; no price data found  (period=25y) (Yahoo error = "No data found, symbol may be delisted")
2026-01-07 00:28:14,638 ERROR 
2 Failed downloads:
2026-01-07 00:28:14,638 ERROR ['TATAMOTORS.NS', 'ZOMATO.NS']: possibly delisted; no price data found  (period=25y) (Yahoo error = "No data found, symbol may be delisted")
2026-01-07 00:28:28,959 INFO Bot started
2026-01-07 00:28:32,634 ERROR $TATAMOTORS.NS: possibly delisted; no price data found  (period=25y) (Yahoo error = "No data found, symbol may be delisted")
2026-01-07 00:28:33,516 ERROR $ZOMATO.NS: possibly delisted; no price data found  (period=25y) (Yahoo error = "No data found, symbol may be delisted")
2026-01-07 00:28:37,730 ERROR 
2 Failed downloads:
2026-01-07 00:28:37,730 ERROR ['TATAMOTORS.NS', 'ZOMATO.NS']: possibly delisted; no price data found  (period=25y) (Yahoo error = "No data found, symbol may be delisted")
2026-01-07 00:28:50,688 INFO Bot started
2026-01-07 00:28:55,032 ERROR $TATAMOTORS.NS: possibly delisted; no price data found  (period=25y) (Yahoo error = "No data found, symbol may be delisted")
2026-01-07 00:28:55,885 ERROR $ZOMATO.NS: possibly delisted; no price data found  (period=25y) (Yahoo error = "No data found, symbol may be delisted")
2026-01-07 00:28:59,952 ERROR 
2 Failed downloads:
2026-01-07 00:28:59,952 ERROR ['TATAMOTORS.NS', 'ZOMATO.NS']: possibly delisted; no price data found  (period=25y) (Yahoo error = "No data found, symbol may be delisted")
2026-01-07 00:29:13,942 INFO Bot started
2026-01-07 00:29:16,742 ERROR $TATAMOTORS.NS: possibly delisted; no price data found  (period=25y) (Yahoo error = "No data found, symbol may be delisted")
2026-01-07 00:29:17,737 ERROR $ZOMATO.NS: possibly delisted; no price data found  (period=25y) (Yahoo error = "No data found, symbol may be delisted")
2026-01-07 00:29:22,453 ERROR 
2 Failed downloads:
2026-01-07 00:29:22,453 ERROR ['TATAMOTORS.NS', 'ZOMATO.NS']: possibly delisted; no price data found  (period=25y) (Yahoo error = "No data found, symbol may be delisted")
2026-01-07 00:29:35,738 INFO Bot started
2026-01-07 00:29:39,891 ERROR $TATAMOTORS.NS: possibly delisted; no price data found  (period=25y) (Yahoo error = "No data found, symbol may be delisted")
2026-01-07 00:29:41,094 ERROR $ZOMATO.NS: possibly delisted; no price data found  (period=25y) (Yahoo error = "No data found, symbol may be delisted")
2026-01-07 00:29:46,550 ERROR 
2 Failed downloads:
2026-01-07 00:29:46,550 ERROR ['TATAMOTORS.NS', 'ZOMATO.NS']: possibly delisted; no price data found  (period=25y) (Yahoo error = "No data found, symbol may be delisted")
2026-01-07 00:30:00,357 INFO Bot started
2026-01-07 00:30:03,965 ERROR $TATAMOTORS.NS: possibly delisted; no price data found  (period=25y) (Yahoo error = "No data found, symbol may be delisted")
2026-01-07 00:30:05,710 ERROR $ZOMATO.NS: possibly delisted; no price data found  (period=25y) (Yahoo error = "No data found, symbol may be delisted")
2026-01-07 00:30:10,921 ERROR 
2 Failed downloads:
2026-01-07 00:30:10,921 ERROR ['TATAMOTORS.NS', 'ZOMATO.NS']: possibly delisted; no price data found  (period=25y) (Yahoo error = "No data found, symbol may be delisted")
2026-01-07 00:30:23,643 INFO Bot started
2026-01-07 00:30:28,387 ERROR $TATAMOTORS.NS: possibly delisted; no price data found  (period=25y) (Yahoo error = "No data found, symbol may be delisted")
2026-01-07 00:30:29,363 ERROR $ZOMATO.NS: possibly delisted; no price data found  (period=25y) (Yahoo error = "No data found, symbol may be delisted")
2026-01-07 00:30:35,044 ERROR 
2 Failed downloads:
2026-01-07 00:30:35,044 ERROR ['TATAMOTORS.NS', 'ZOMATO.NS']: possibly delisted; no price data found  (period=25y) (Yahoo error = "No data found, symbol may be delisted")
2026-01-07 00:30:48,168 INFO Bot started
2026-01-07 00:30:51,916 ERROR $TATAMOTORS.NS: possibly delisted; no price data found  (period=25y) (Yahoo error = "No data found, symbol may be delisted")
2026-01-07 00:30:52,842 ERROR $ZOMATO.NS: possibly delisted; no price data found  (period=25y) (Yahoo error = "No data found, symbol may be delisted")
2026-01-07 00:30:57,070 ERROR 
2 Failed downloads:
2026-01-07 00:30:57,070 ERROR ['TATAMOTORS.NS', 'ZOMATO.NS']: possibly delisted; no price data found  (period=25y) (Yahoo error = "No data found, symbol may be delisted")
2026-01-07 00:31:10,231 INFO Bot started
2026-01-07 00:31:14,051 ERROR $TATAMOTORS.NS: possibly delisted; no price data found  (period=25y) (Yahoo error = "No data found, symbol may be delisted")
2026-01-07 00:31:15,010 ERROR $ZOMATO.NS: possibly delisted; no price data found  (period=25y) (Yahoo error = "No data found, symbol may be delisted")
2026-01-07 00:31:20,406 ERROR 
2 Failed downloads:
2026-01-07 00:31:20,406 ERROR ['TATAMOTORS.NS', 'ZOMATO.NS']: possibly delisted; no price data found  (period=25y) (Yahoo error = "No data found, symbol may be delisted")
2026-01-07 00:31:42,744 INFO Bot started
2026-01-07 00:31:46,514 ERROR HTTP Error 404: {"quoteSummary":{"result":null,"error":{"code":"Not Found","description":"Quote not found for symbol: TATAMOTORS.NS"}}}
2026-01-07 00:31:47,355 ERROR $TATAMOTORS.NS: possibly delisted; no price data found  (period=25y) (Yahoo error = "No data found, symbol may be delisted")
2026-01-07 00:32:45,846 INFO Bot started
2026-01-07 00:32:52,606 ERROR $ZOMATO.NS: possibly delisted; no price data found  (period=25y) (Yahoo error = "No data found, symbol may be delisted")
2026-01-07 00:32:55,991 ERROR HTTP Error 404: {"quoteSummary":{"result":null,"error":{"code":"Not Found","description":"Quote not found for symbol: TATAMOTORS.NS"}}}
2026-01-07 00:32:56,611 ERROR $TATAMOTORS.NS: possibly delisted; no price data found  (period=25y) (Yahoo error = "No data found, symbol may be delisted")
2026-01-07 00:33:04,385 ERROR 
3 Failed downloads:
2026-01-07 00:33:04,386 ERROR ['ZOMATO.NS', 'TATAMOTORS.NS']: possibly delisted; no price data found  (period=25y) (Yahoo error = "No data found, symbol may be delisted")
2026-01-07 00:33:04,386 ERROR ['AUROPHARMA.NS']: TypeError("'NoneType' object is not subscriptable")
2026-01-07 00:33:07,833 INFO BUY DIVISLAB.NS @ 6642.5 qty=5
2026-01-07 00:33:18,848 INFO Bot started
2026-01-07 00:33:23,868 ERROR $ZOMATO.NS: possibly delisted; no price data found  (period=25y) (Yahoo error = "No data found, symbol may be delisted")
2026-01-07 00:33:27,301 ERROR $TATAMOTORS.NS: possibly delisted; no price data found  (period=25y) (Yahoo error = "No data found, symbol may be delisted")
2026-01-07 00:33:27,840 ERROR 
2 Failed downloads:
2026-01-07 00:33:27,840 ERROR ['ZOMATO.NS', 'TATAMOTORS.NS']: possibly delisted; no price data found  (period=25y) (Yahoo error = "No data found, symbol may be delisted")
2026-01-07 00:33:42,368 INFO Bot started
2026-01-07 00:33:57,126 INFO Bot started
2026-01-07 00:34:06,013 ERROR HTTP Error 404: {"quoteSummary":{"result":null,"error":{"code":"Not Found","description":"Quote not found for symbol: TATAMOTORS.NS"}}}
2026-01-07 00:34:07,068 ERROR $TATAMOTORS.NS: possibly delisted; no price data found  (period=25y) (Yahoo error = "No data found, symbol may be delisted")
2026-01-07 00:34:07,995 ERROR $ZOMATO.NS: possibly delisted; no price data found  (period=25y) (Yahoo error = "No data found, symbol may be delisted")
2026-01-07 00:34:07,999 ERROR 
2 Failed downloads:
2026-01-07 00:34:07,999 ERROR ['TATAMOTORS.NS', 'ZOMATO.NS']: possibly delisted; no price data found  (period=25y) (Yahoo error = "No data found, symbol may be delisted")
2026-01-07 00:34:10,955 INFO BUY DIVISLAB.NS @ 6642.5 qty=5
2026-01-07 00:34:21,871 INFO Bot started
2026-01-07 00:34:29,796 ERROR $TATAMOTORS.NS: possibly delisted; no price data found  (period=25y) (Yahoo error = "No data found, symbol may be delisted")
2026-01-07 00:34:30,589 ERROR $ZOMATO.NS: possibly delisted; no price data found  (period=25y) (Yahoo error = "No data found, symbol may be delisted")
2026-01-07 00:34:31,160 ERROR 
2 Failed downloads:
2026-01-07 00:34:31,160 ERROR ['TATAMOTORS.NS', 'ZOMATO.NS']: possibly delisted; no price data found  (period=25y) (Yahoo error = "No data found, symbol may be delisted")
2026-01-07 00:34:45,048 INFO Bot started
2026-01-07 00:34:55,476 ERROR $TATAMOTORS.NS: possibly delisted; no price data found  (period=25y) (Yahoo error = "No data found, symbol may be delisted")
2026-01-07 00:34:56,551 ERROR $ZOMATO.NS: possibly delisted; no price data found  (period=25y) (Yahoo error = "No data found, symbol may be delisted")
2026-01-07 00:34:56,681 ERROR 
2 Failed downloads:
2026-01-07 00:34:56,681 ERROR ['TATAMOTORS.NS', 'ZOMATO.NS']: possibly delisted; no price data found  (period=25y) (Yahoo error = "No data found, symbol may be delisted")
2026-01-07 00:35:10,696 INFO Bot started
2026-01-07 00:35:19,551 ERROR $TATAMOTORS.NS: possibly delisted; no price data found  (period=25y) (Yahoo error = "No data found, symbol may be delisted")
2026-01-07 00:35:20,397 ERROR $ZOMATO.NS: possibly delisted; no price data found  (period=25y) (Yahoo error = "No data found, symbol may be delisted")
2026-01-07 00:35:20,688 ERROR 
2 Failed downloads:
2026-01-07 00:35:20,688 ERROR ['TATAMOTORS.NS', 'ZOMATO.NS']: possibly delisted; no price data found  (period=25y) (Yahoo error = "No data found, symbol may be delisted")
2026-01-07 00:35:34,681 INFO Bot started
2026-01-07 00:35:43,768 ERROR $TATAMOTORS.NS: possibly delisted; no price data found  (period=25y) (Yahoo error = "No data found, symbol may be delisted")
2026-01-07 00:35:44,961 ERROR $ZOMATO.NS: possibly delisted; no price data found  (period=25y) (Yahoo error = "No data found, symbol may be delisted")
2026-01-07 00:35:45,379 ERROR 
2 Failed downloads:
2026-01-07 00:35:45,379 ERROR ['TATAMOTORS.NS', 'ZOMATO.NS']: possibly delisted; no price data found  (period=25y) (Yahoo error = "No data found, symbol may be delisted")
2026-01-07 00:35:59,808 INFO Bot started
2026-01-07 00:36:09,546 ERROR $TATAMOTORS.NS: possibly delisted; no price data found  (period=25y) (Yahoo error = "No data found, symbol may be delisted")
2026-01-07 00:36:10,389 ERROR $ZOMATO.NS: possibly delisted; no price data found  (period=25y) (Yahoo error = "No data found, symbol may be delisted")
2026-01-07 00:36:18,472 INFO Bot started
2026-01-07 00:36:26,221 ERROR $ZOMATO.NS: possibly delisted; no price data found  (period=25y) (Yahoo error = "No data found, symbol may be delisted")
2026-01-07 00:36:26,249 ERROR HTTP Error 404: {"quoteSummary":{"result":null,"error":{"code":"Not Found","description":"Quote not found for symbol: TATAMOTORS.NS"}}}
2026-01-07 00:36:27,325 ERROR $TATAMOTORS.NS: possibly delisted; no price data found  (period=25y) (Yahoo error = "No data found, symbol may be delisted")
2026-01-07 00:36:30,556 ERROR 
2 Failed downloads:
2026-01-07 00:36:30,556 ERROR ['ZOMATO.NS', 'TATAMOTORS.NS']: possibly delisted; no price data found  (period=25y) (Yahoo error = "No data found, symbol may be delisted")
2026-01-07 00:36:33,091 INFO BUY DIVISLAB.NS @ 6642.5 qty=5
2026-01-07 00:36:44,093 INFO Bot started
2026-01-07 00:36:49,085 ERROR $ZOMATO.NS: possibly delisted; no price data found  (period=25y) (Yahoo error = "No data found, symbol may be delisted")
2026-01-07 00:36:50,115 ERROR $TATAMOTORS.NS: possibly delisted; no price data found  (period=25y) (Yahoo error = "No data found, symbol may be delisted")
2026-01-07 00:36:55,524 ERROR 
2 Failed downloads:
2026-01-07 00:36:55,524 ERROR ['ZOMATO.NS', 'TATAMOTORS.NS']: possibly delisted; no price data found  (period=25y) (Yahoo error = "No data found, symbol may be delisted")
2026-01-07 00:37:09,534 INFO Bot started
2026-01-07 00:37:14,232 ERROR $TATAMOTORS.NS: possibly delisted; no price data found  (period=25y) (Yahoo error = "No data found, symbol may be delisted")
2026-01-07 00:37:14,233 ERROR $ZOMATO.NS: possibly delisted; no price data found  (period=25y) (Yahoo error = "No data found, symbol may be delisted")
2026-01-07 00:37:19,604 ERROR 
2 Failed downloads:
2026-01-07 00:37:19,604 ERROR ['TATAMOTORS.NS', 'ZOMATO.NS']: possibly delisted; no price data found  (period=25y) (Yahoo error = "No data found, symbol may be delisted")
2026-01-07 00:37:33,721 INFO Bot started
2026-01-07 00:37:41,553 ERROR HTTP Error 404: {"quoteSummary":{"result":null,"error":{"code":"Not Found","description":"Quote not found for symbol: TATAMOTORS.NS"}}}
2026-01-07 00:37:41,564 ERROR $ZOMATO.NS: possibly delisted; no price data found  (period=25y) (Yahoo error = "No data found, symbol may be delisted")
2026-01-07 00:37:42,612 ERROR $TATAMOTORS.NS: possibly delisted; no price data found  (period=25y) (Yahoo error = "No data found, symbol may be delisted")
2026-01-07 00:37:45,123 ERROR 
2 Failed downloads:
2026-01-07 00:37:45,123 ERROR ['ZOMATO.NS', 'TATAMOTORS.NS']: possibly delisted; no price data found  (period=25y) (Yahoo error = "No data found, symbol may be delisted")
2026-01-07 00:37:47,096 INFO BUY DIVISLAB.NS @ 6642.5 qty=5
2026-01-07 00:37:57,910 INFO Bot started
2026-01-07 00:38:02,330 ERROR $ZOMATO.NS: possibly delisted; no price data found  (period=25y) (Yahoo error = "No data found, symbol may be delisted")
2026-01-07 00:38:03,217 ERROR $TATAMOTORS.NS: possibly delisted; no price data found  (period=25y) (Yahoo error = "No data found, symbol may be delisted")
2026-01-07 00:38:07,289 ERROR 
2 Failed downloads:
2026-01-07 00:38:07,289 ERROR ['ZOMATO.NS', 'TATAMOTORS.NS']: possibly delisted; no price data found  (period=25y) (Yahoo error = "No data found, symbol may be delisted")
2026-01-07 00:38:20,854 INFO Bot started
2026-01-07 00:38:24,655 ERROR $ZOMATO.NS: possibly delisted; no price data found  (period=25y) (Yahoo error = "No data found, symbol may be delisted")
2026-01-07 00:38:25,580 ERROR $TATAMOTORS.NS: possibly delisted; no price data found  (period=25y) (Yahoo error = "No data found, symbol may be delisted")
2026-01-07 00:38:29,376 ERROR 
2 Failed downloads:
2026-01-07 00:38:29,376 ERROR ['ZOMATO.NS', 'TATAMOTORS.NS']: possibly delisted; no price data found  (period=25y) (Yahoo error = "No data found, symbol may be delisted")
2026-01-07 00:38:42,562 INFO Bot started
2026-01-07 00:38:48,190 ERROR $ZOMATO.NS: possibly delisted; no price data found  (period=25y) (Yahoo error = "No data found, symbol may be delisted")
2026-01-07 00:39:30,840 INFO Bot started
2026-01-07 00:39:33,266 ERROR HTTP Error 404: {"quoteSummary":{"result":null,"error":{"code":"Not Found","description":"Quote not found for symbol: TATAMOTORS.NS"}}}
2026-01-07 00:39:34,011 ERROR $TATAMOTORS.NS: possibly delisted; no price data found  (period=25y) (Yahoo error = "No data found, symbol may be delisted")
2026-01-07 00:39:42,223 ERROR $ZOMATO.NS: possibly delisted; no price data found  (period=25y) (Yahoo error = "No data found, symbol may be delisted")
2026-01-07 00:39:42,265 ERROR 
2 Failed downloads:
2026-01-07 00:39:42,265 ERROR ['TATAMOTORS.NS', 'ZOMATO.NS']: possibly delisted; no price data found  (period=25y) (Yahoo error = "No data found, symbol may be delisted")
2026-01-07 00:39:45,057 INFO Bot started
2026-01-07 00:39:46,017 ERROR 'charmap' codec can't encode characters in position 0-1: character maps to <undefined>
2026-01-07 00:39:52,053 ERROR HTTP Error 404: {"quoteSummary":{"result":null,"error":{"code":"Not Found","description":"Quote not found for symbol: TATAMOTORS.NS"}}}
2026-01-07 00:39:52,868 ERROR $ZOMATO.NS: possibly delisted; no price data found  (period=25y) (Yahoo error = "No data found, symbol may be delisted")
2026-01-07 00:39:52,877 ERROR $TATAMOTORS.NS: possibly delisted; no price data found  (period=25y) (Yahoo error = "No data found, symbol may be delisted")
2026-01-07 00:39:56,019 INFO Bot started
2026-01-07 00:39:57,478 ERROR $TATAMOTORS.NS: possibly delisted; no price data found  (period=25y) (Yahoo error = "No data found, symbol may be delisted")
2026-01-07 00:39:58,478 ERROR 
2 Failed downloads:
2026-01-07 00:39:58,478 ERROR ['ZOMATO.NS', 'TATAMOTORS.NS']: possibly delisted; no price data found  (period=25y) (Yahoo error = "No data found, symbol may be delisted")
2026-01-07 00:40:02,776 INFO BUY DIVISLAB.NS @ 6642.5 qty=5
2026-01-07 00:40:06,294 ERROR $ZOMATO.NS: possibly delisted; no price data found  (period=25y) (Yahoo error = "No data found, symbol may be delisted")
2026-01-07 00:40:07,317 ERROR 
2 Failed downloads:
2026-01-07 00:40:07,317 ERROR ['TATAMOTORS.NS', 'ZOMATO.NS']: possibly delisted; no price data found  (period=25y) (Yahoo error = "No data found, symbol may be delisted")
2026-01-07 00:40:09,879 ERROR 'charmap' codec can't encode characters in position 0-1: character maps to <undefined>
2026-01-07 00:40:14,114 INFO Bot started
2026-01-07 00:40:18,982 ERROR $TATAMOTORS.NS: possibly delisted; no price data found  (period=25y) (Yahoo error = "No data found, symbol may be delisted")
2026-01-07 00:40:19,869 ERROR $ZOMATO.NS: possibly delisted; no price data found  (period=25y) (Yahoo error = "No data found, symbol may be delisted")
2026-01-07 00:40:19,879 INFO Bot started
2026-01-07 00:40:21,169 ERROR $TATAMOTORS.NS: possibly delisted; no price data found  (period=25y) (Yahoo error = "No data found, symbol may be delisted")
2026-01-07 00:40:26,235 ERROR 
2 Failed downloads:
2026-01-07 00:40:26,235 ERROR ['TATAMOTORS.NS', 'ZOMATO.NS']: possibly delisted; no price data found  (period=25y) (Yahoo error = "No data found, symbol may be delisted")
2026-01-07 00:40:30,533 ERROR $ZOMATO.NS: possibly delisted; no price data found  (period=25y) (Yahoo error = "No data found, symbol may be delisted")
2026-01-07 00:40:31,935 ERROR 
2 Failed downloads:
2026-01-07 00:40:31,935 ERROR ['TATAMOTORS.NS', 'ZOMATO.NS']: possibly delisted; no price data found  (period=25y) (Yahoo error = "No data found, symbol may be delisted")
2026-01-07 00:40:35,091 ERROR 'charmap' codec can't encode characters in position 0-1: character maps to <undefined>
2026-01-07 00:40:42,014 INFO Bot started
2026-01-07 00:40:45,091 INFO Bot started
2026-01-07 00:40:46,474 ERROR $TATAMOTORS.NS: possibly delisted; no price data found  (period=25y) (Yahoo error = "No data found, symbol may be delisted")
2026-01-07 00:40:47,244 ERROR $TATAMOTORS.NS: possibly delisted; no price data found  (period=25y) (Yahoo error = "No data found, symbol may be delisted")
2026-01-07 00:40:48,150 ERROR $ZOMATO.NS: possibly delisted; no price data found  (period=25y) (Yahoo error = "No data found, symbol may be delisted")
2026-01-07 00:40:54,687 ERROR 
2 Failed downloads:
2026-01-07 00:40:54,687 ERROR ['TATAMOTORS.NS', 'ZOMATO.NS']: possibly delisted; no price data found  (period=25y) (Yahoo error = "No data found, symbol may be delisted")
2026-01-07 00:40:55,680 ERROR $ZOMATO.NS: possibly delisted; no price data found  (period=25y) (Yahoo error = "No data found, symbol may be delisted")
2026-01-07 00:40:57,356 ERROR 
2 Failed downloads:
2026-01-07 00:40:57,356 ERROR ['TATAMOTORS.NS', 'ZOMATO.NS']: possibly delisted; no price data found  (period=25y) (Yahoo error = "No data found, symbol may be delisted")
2026-01-07 00:41:01,337 ERROR 'charmap' codec can't encode characters in position 0-1: character maps to <undefined>
2026-01-07 00:41:10,316 INFO Bot started
2026-01-07 00:41:11,339 INFO Bot started
2026-01-07 00:41:12,669 ERROR $TATAMOTORS.NS: possibly delisted; no price data found  (period=25y) (Yahoo error = "No data found, symbol may be delisted")
2026-01-07 00:41:15,858 ERROR $TATAMOTORS.NS: possibly delisted; no price data found  (period=25y) (Yahoo error = "No data found, symbol may be delisted")
2026-01-07 00:41:16,674 ERROR $ZOMATO.NS: possibly delisted; no price data found  (period=25y) (Yahoo error = "No data found, symbol may be delisted")
2026-01-07 00:41:22,313 ERROR $ZOMATO.NS: possibly delisted; no price data found  (period=25y) (Yahoo error = "No data found, symbol may be delisted")
2026-01-07 00:41:22,857 ERROR 
2 Failed downloads:
2026-01-07 00:41:22,858 ERROR ['TATAMOTORS.NS', 'ZOMATO.NS']: possibly delisted; no price data found  (period=25y) (Yahoo error = "No data found, symbol may be delisted")
2026-01-07 00:41:23,557 ERROR 
2 Failed downloads:
2026-01-07 00:41:23,557 ERROR ['TATAMOTORS.NS', 'ZOMATO.NS']: possibly delisted; no price data found  (period=25y) (Yahoo error = "No data found, symbol may be delisted")
2026-01-07 00:41:27,318 ERROR 'charmap' codec can't encode characters in position 0-1: character maps to <undefined>
2026-01-07 00:41:37,319 INFO Bot started
2026-01-07 00:41:38,459 INFO Bot started
2026-01-07 00:41:38,596 ERROR $TATAMOTORS.NS: possibly delisted; no price data found  (period=25y) (Yahoo error = "No data found, symbol may be delisted")
2026-01-07 00:41:43,882 ERROR $TATAMOTORS.NS: possibly delisted; no price data found  (period=25y) (Yahoo error = "No data found, symbol may be delisted")
2026-01-07 00:41:44,606 ERROR $ZOMATO.NS: possibly delisted; no price data found  (period=25y) (Yahoo error = "No data found, symbol may be delisted")
2026-01-07 00:41:48,107 ERROR $ZOMATO.NS: possibly delisted; no price data found  (period=25y) (Yahoo error = "No data found, symbol may be delisted")
2026-01-07 00:41:49,769 ERROR 
2 Failed downloads:
2026-01-07 00:41:49,769 ERROR ['TATAMOTORS.NS', 'ZOMATO.NS']: possibly delisted; no price data found  (period=25y) (Yahoo error = "No data found, symbol may be delisted")
2026-01-07 00:41:51,361 ERROR 
2 Failed downloads:
2026-01-07 00:41:51,361 ERROR ['TATAMOTORS.NS', 'ZOMATO.NS']: possibly delisted; no price data found  (period=25y) (Yahoo error = "No data found, symbol may be delisted")
2026-01-07 00:41:53,138 ERROR 'charmap' codec can't encode characters in position 0-1: character maps to <undefined>
2026-01-07 00:42:03,139 INFO Bot started
2026-01-07 00:42:04,651 ERROR $TATAMOTORS.NS: possibly delisted; no price data found  (period=25y) (Yahoo error = "No data found, symbol may be delisted")
2026-01-07 00:42:05,827 INFO Bot started
2026-01-07 00:42:10,921 ERROR $ZOMATO.NS: possibly delisted; no price data found  (period=25y) (Yahoo error = "No data found, symbol may be delisted")
2026-01-07 00:42:10,925 ERROR $TATAMOTORS.NS: possibly delisted; no price data found  (period=25y) (Yahoo error = "No data found, symbol may be delisted")
2026-01-07 00:42:13,678 ERROR $ZOMATO.NS: possibly delisted; no price data found  (period=25y) (Yahoo error = "No data found, symbol may be delisted")
2026-01-07 00:42:14,850 ERROR 
2 Failed downloads:
2026-01-07 00:42:14,850 ERROR ['TATAMOTORS.NS', 'ZOMATO.NS']: possibly delisted; no price data found  (period=25y) (Yahoo error = "No data found, symbol may be delisted")
2026-01-07 00:42:17,211 ERROR 
2 Failed downloads:
2026-01-07 00:42:17,211 ERROR ['ZOMATO.NS', 'TATAMOTORS.NS']: possibly delisted; no price data found  (period=25y) (Yahoo error = "No data found, symbol may be delisted")
2026-01-07 00:42:18,536 ERROR 'charmap' codec can't encode characters in position 0-1: character maps to <undefined>
2026-01-07 00:42:28,537 INFO Bot started
2026-01-07 00:42:29,608 ERROR $TATAMOTORS.NS: possibly delisted; no price data found  (period=25y) (Yahoo error = "No data found, symbol may be delisted")
2026-01-07 00:42:32,167 INFO Bot started
2026-01-07 00:42:37,204 ERROR $TATAMOTORS.NS: possibly delisted; no price data found  (period=25y) (Yahoo error = "No data found, symbol may be delisted")
2026-01-07 00:42:38,321 ERROR $ZOMATO.NS: possibly delisted; no price data found  (period=25y) (Yahoo error = "No data found, symbol may be delisted")
2026-01-07 00:42:38,500 ERROR $ZOMATO.NS: possibly delisted; no price data found  (period=25y) (Yahoo error = "No data found, symbol may be delisted")
2026-01-07 00:42:39,985 ERROR 
2 Failed downloads:
2026-01-07 00:42:39,985 ERROR ['TATAMOTORS.NS', 'ZOMATO.NS']: possibly delisted; no price data found  (period=25y) (Yahoo error = "No data found, symbol may be delisted")
2026-01-07 00:42:43,436 ERROR 
2 Failed downloads:
2026-01-07 00:42:43,436 ERROR ['TATAMOTORS.NS', 'ZOMATO.NS']: possibly delisted; no price data found  (period=25y) (Yahoo error = "No data found, symbol may be delisted")
2026-01-07 00:42:43,945 ERROR 'charmap' codec can't encode characters in position 0-1: character maps to <undefined>
2026-01-07 00:42:53,946 INFO Bot started
2026-01-07 00:42:55,558 ERROR $TATAMOTORS.NS: possibly delisted; no price data found  (period=25y) (Yahoo error = "No data found, symbol may be delisted")
2026-01-07 00:42:59,459 INFO Bot started
2026-01-07 00:43:05,877 ERROR $TATAMOTORS.NS: possibly delisted; no price data found  (period=25y) (Yahoo error = "No data found, symbol may be delisted")
2026-01-07 00:43:06,871 ERROR $ZOMATO.NS: possibly delisted; no price data found  (period=25y) (Yahoo error = "No data found, symbol may be delisted")
2026-01-07 00:43:07,610 ERROR $ZOMATO.NS: possibly delisted; no price data found  (period=25y) (Yahoo error = "No data found, symbol may be delisted")
2026-01-07 00:43:10,299 ERROR 
2 Failed downloads:
2026-01-07 00:43:10,299 ERROR ['TATAMOTORS.NS', 'ZOMATO.NS']: possibly delisted; no price data found  (period=25y) (Yahoo error = "No data found, symbol may be delisted")
2026-01-07 00:43:13,568 ERROR 
2 Failed downloads:
2026-01-07 00:43:13,568 ERROR ['TATAMOTORS.NS', 'ZOMATO.NS']: possibly delisted; no price data found  (period=25y) (Yahoo error = "No data found, symbol may be delisted")
2026-01-07 00:43:14,207 ERROR 'charmap' codec can't encode characters in position 0-1: character maps to <undefined>
2026-01-07 00:43:24,208 INFO Bot started
2026-01-07 00:43:25,183 ERROR $TATAMOTORS.NS: possibly delisted; no price data found  (period=25y) (Yahoo error = "No data found, symbol may be delisted")
2026-01-07 00:43:27,809 INFO Bot started
2026-01-07 00:43:34,764 ERROR $TATAMOTORS.NS: possibly delisted; no price data found  (period=25y) (Yahoo error = "No data found, symbol may be delisted")
2026-01-07 00:43:34,773 ERROR $ZOMATO.NS: possibly delisted; no price data found  (period=25y) (Yahoo error = "No data found, symbol may be delisted")
2026-01-07 00:43:35,382 ERROR $ZOMATO.NS: possibly delisted; no price data found  (period=25y) (Yahoo error = "No data found, symbol may be delisted")
2026-01-07 00:43:37,036 ERROR 
2 Failed downloads:
2026-01-07 00:43:37,036 ERROR ['TATAMOTORS.NS', 'ZOMATO.NS']: possibly delisted; no price data found  (period=25y) (Yahoo error = "No data found, symbol may be delisted")
2026-01-07 00:43:40,396 ERROR 
2 Failed downloads:
2026-01-07 00:43:40,397 ERROR ['TATAMOTORS.NS', 'ZOMATO.NS']: possibly delisted; no price data found  (period=25y) (Yahoo error = "No data found, symbol may be delisted")
2026-01-07 00:43:40,676 ERROR 'charmap' codec can't encode characters in position 0-1: character maps to <undefined>
2026-01-07 00:43:50,677 INFO Bot started
2026-01-07 00:43:52,105 ERROR $TATAMOTORS.NS: possibly delisted; no price data found  (period=25y) (Yahoo error = "No data found, symbol may be delisted")
2026-01-07 00:43:54,573 INFO Bot started
2026-01-07 00:43:59,777 ERROR $TATAMOTORS.NS: possibly delisted; no price data found  (period=25y) (Yahoo error = "No data found, symbol may be delisted")
2026-01-07 00:44:00,591 ERROR $ZOMATO.NS: possibly delisted; no price data found  (period=25y) (Yahoo error = "No data found, symbol may be delisted")
2026-01-07 00:44:00,769 ERROR $ZOMATO.NS: possibly delisted; no price data found  (period=25y) (Yahoo error = "No data found, symbol may be delisted")
2026-01-07 00:44:01,914 ERROR 
2 Failed downloads:
2026-01-07 00:44:01,914 ERROR ['TATAMOTORS.NS', 'ZOMATO.NS']: possibly delisted; no price data found  (period=25y) (Yahoo error = "No data found, symbol may be delisted")
2026-01-07 00:44:05,428 ERROR 'charmap' codec can't encode characters in position 0-1: character maps to <undefined>
2026-01-07 00:44:06,529 ERROR 
2 Failed downloads:
2026-01-07 00:44:06,529 ERROR ['TATAMOTORS.NS', 'ZOMATO.NS']: possibly delisted; no price data found  (period=25y) (Yahoo error = "No data found, symbol may be delisted")
2026-01-07 00:44:15,429 INFO Bot started
2026-01-07 00:44:16,774 ERROR $TATAMOTORS.NS: possibly delisted; no price data found  (period=25y) (Yahoo error = "No data found, symbol may be delisted")
2026-01-07 00:44:19,915 INFO Bot started
2026-01-07 00:44:24,990 ERROR $TATAMOTORS.NS: possibly delisted; no price data found  (period=25y) (Yahoo error = "No data found, symbol may be delisted")
2026-01-07 00:44:25,957 ERROR $ZOMATO.NS: possibly delisted; no price data found  (period=25y) (Yahoo error = "No data found, symbol may be delisted")
2026-01-07 00:44:26,154 ERROR $ZOMATO.NS: possibly delisted; no price data found  (period=25y) (Yahoo error = "No data found, symbol may be delisted")
2026-01-07 00:44:30,646 ERROR 
2 Failed downloads:
2026-01-07 00:44:30,646 ERROR ['TATAMOTORS.NS', 'ZOMATO.NS']: possibly delisted; no price data found  (period=25y) (Yahoo error = "No data found, symbol may be delisted")
2026-01-07 00:44:34,029 ERROR 
2 Failed downloads:
2026-01-07 00:44:34,029 ERROR ['TATAMOTORS.NS', 'ZOMATO.NS']: possibly delisted; no price data found  (period=25y) (Yahoo error = "No data found, symbol may be delisted")
2026-01-07 00:44:34,237 ERROR 'charmap' codec can't encode characters in position 0-1: character maps to <undefined>
2026-01-07 00:44:44,239 INFO Bot started
2026-01-07 00:44:45,558 ERROR $TATAMOTORS.NS: possibly delisted; no price data found  (period=25y) (Yahoo error = "No data found, symbol may be delisted")
2026-01-07 00:44:49,772 INFO Bot started
2026-01-07 00:44:52,393 ERROR $ZOMATO.NS: possibly delisted; no price data found  (period=25y) (Yahoo error = "No data found, symbol may be delisted")
2026-01-07 00:44:53,963 ERROR 
2 Failed downloads:
2026-01-07 00:44:53,964 ERROR ['TATAMOTORS.NS', 'ZOMATO.NS']: possibly delisted; no price data found  (period=25y) (Yahoo error = "No data found, symbol may be delisted")
2026-01-07 00:44:54,664 ERROR $TATAMOTORS.NS: possibly delisted; no price data found  (period=25y) (Yahoo error = "No data found, symbol may be delisted")
2026-01-07 00:44:55,550 ERROR $ZOMATO.NS: possibly delisted; no price data found  (period=25y) (Yahoo error = "No data found, symbol may be delisted")
2026-01-07 00:44:58,647 ERROR 'charmap' codec can't encode characters in position 0-1: character maps to <undefined>
2026-01-07 00:45:01,175 ERROR 
2 Failed downloads:
2026-01-07 00:45:01,175 ERROR ['TATAMOTORS.NS', 'ZOMATO.NS']: possibly delisted; no price data found  (period=25y) (Yahoo error = "No data found, symbol may be delisted")
2026-01-07 00:45:08,648 INFO Bot started
2026-01-07 00:45:09,628 ERROR $TATAMOTORS.NS: possibly delisted; no price data found  (period=25y) (Yahoo error = "No data found, symbol may be delisted")
2026-01-07 00:45:15,284 INFO Bot started
2026-01-07 00:45:16,519 ERROR $ZOMATO.NS: possibly delisted; no price data found  (period=25y) (Yahoo error = "No data found, symbol may be delisted")
2026-01-07 00:45:18,038 ERROR 
2 Failed downloads:
2026-01-07 00:45:18,038 ERROR ['TATAMOTORS.NS', 'ZOMATO.NS']: possibly delisted; no price data found  (period=25y) (Yahoo error = "No data found, symbol may be delisted")
2026-01-07 00:45:20,626 ERROR $TATAMOTORS.NS: possibly delisted; no price data found  (period=25y) (Yahoo error = "No data found, symbol may be delisted")
2026-01-07 00:45:20,627 ERROR $ZOMATO.NS: possibly delisted; no price data found  (period=25y) (Yahoo error = "No data found, symbol may be delisted")
2026-01-07 00:45:21,115 ERROR 'charmap' codec can't encode characters in position 0-1: character maps to <undefined>
2026-01-07 00:45:26,354 ERROR 
2 Failed downloads:
2026-01-07 00:45:26,354 ERROR ['TATAMOTORS.NS', 'ZOMATO.NS']: possibly delisted; no price data found  (period=25y) (Yahoo error = "No data found, symbol may be delisted")
2026-01-07 00:45:31,117 INFO Bot started
2026-01-07 00:45:32,421 ERROR $TATAMOTORS.NS: possibly delisted; no price data found  (period=25y) (Yahoo error = "No data found, symbol may be delisted")
2026-01-07 00:45:39,468 ERROR $ZOMATO.NS: possibly delisted; no price data found  (period=25y) (Yahoo error = "No data found, symbol may be delisted")
2026-01-07 00:45:39,721 INFO Bot started
2026-01-07 00:45:41,076 ERROR 
2 Failed downloads:
2026-01-07 00:45:41,076 ERROR ['TATAMOTORS.NS', 'ZOMATO.NS']: possibly delisted; no price data found  (period=25y) (Yahoo error = "No data found, symbol may be delisted")
2026-01-07 00:45:43,963 ERROR 'charmap' codec can't encode characters in position 0-1: character maps to <undefined>
2026-01-07 00:45:44,155 ERROR $TATAMOTORS.NS: possibly delisted; no price data found  (period=25y) (Yahoo error = "No data found, symbol may be delisted")
2026-01-07 00:45:45,104 ERROR $ZOMATO.NS: possibly delisted; no price data found  (period=25y) (Yahoo error = "No data found, symbol may be delisted")
2026-01-07 00:45:49,594 ERROR 
2 Failed downloads:
2026-01-07 00:45:49,594 ERROR ['TATAMOTORS.NS', 'ZOMATO.NS']: possibly delisted; no price data found  (period=25y) (Yahoo error = "No data found, symbol may be delisted")
2026-01-07 00:45:53,963 INFO Bot started
2026-01-07 00:45:55,184 ERROR $TATAMOTORS.NS: possibly delisted; no price data found  (period=25y) (Yahoo error = "No data found, symbol may be delisted")
2026-01-07 00:46:02,520 INFO Bot started
2026-01-07 00:46:04,424 ERROR $ZOMATO.NS: possibly delisted; no price data found  (period=25y) (Yahoo error = "No data found, symbol may be delisted")
2026-01-07 00:46:05,652 ERROR 
2 Failed downloads:
2026-01-07 00:46:05,652 ERROR ['TATAMOTORS.NS', 'ZOMATO.NS']: possibly delisted; no price data found  (period=25y) (Yahoo error = "No data found, symbol may be delisted")
2026-01-07 00:46:07,215 ERROR $TATAMOTORS.NS: possibly delisted; no price data found  (period=25y) (Yahoo error = "No data found, symbol may be delisted")
2026-01-07 00:46:08,302 ERROR $ZOMATO.NS: possibly delisted; no price data found  (period=25y) (Yahoo error = "No data found, symbol may be delisted")
2026-01-07 00:46:08,799 ERROR 'charmap' codec can't encode characters in position 0-1: character maps to <undefined>
2026-01-07 00:46:13,322 ERROR 
2 Failed downloads:
2026-01-07 00:46:13,322 ERROR ['TATAMOTORS.NS', 'ZOMATO.NS']: possibly delisted; no price data found  (period=25y) (Yahoo error = "No data found, symbol may be delisted")
2026-01-07 00:46:18,800 INFO Bot started
2026-01-07 00:46:19,956 ERROR $TATAMOTORS.NS: possibly delisted; no price data found  (period=25y) (Yahoo error = "No data found, symbol may be delisted")
2026-01-07 00:46:26,848 INFO Bot started
2026-01-07 00:46:26,989 ERROR $ZOMATO.NS: possibly delisted; no price data found  (period=25y) (Yahoo error = "No data found, symbol may be delisted")
2026-01-07 00:46:28,414 ERROR 
2 Failed downloads:
2026-01-07 00:46:28,414 ERROR ['TATAMOTORS.NS', 'ZOMATO.NS']: possibly delisted; no price data found  (period=25y) (Yahoo error = "No data found, symbol may be delisted")
2026-01-07 00:46:30,968 ERROR $TATAMOTORS.NS: possibly delisted; no price data found  (period=25y) (Yahoo error = "No data found, symbol may be delisted")
2026-01-07 00:46:31,716 ERROR 'charmap' codec can't encode characters in position 0-1: character maps to <undefined>
2026-01-07 00:46:31,817 ERROR $ZOMATO.NS: possibly delisted; no price data found  (period=25y) (Yahoo error = "No data found, symbol may be delisted")
2026-01-07 00:46:36,404 ERROR 
2 Failed downloads:
2026-01-07 00:46:36,404 ERROR ['TATAMOTORS.NS', 'ZOMATO.NS']: possibly delisted; no price data found  (period=25y) (Yahoo error = "No data found, symbol may be delisted")
2026-01-07 00:46:41,717 INFO Bot started
2026-01-07 00:46:42,548 ERROR $TATAMOTORS.NS: possibly delisted; no price data found  (period=25y) (Yahoo error = "No data found, symbol may be delisted")
2026-01-07 00:46:49,689 ERROR $ZOMATO.NS: possibly delisted; no price data found  (period=25y) (Yahoo error = "No data found, symbol may be delisted")
2026-01-07 00:46:50,107 INFO Bot started
2026-01-07 00:46:50,678 ERROR 
2 Failed downloads:
2026-01-07 00:46:50,678 ERROR ['TATAMOTORS.NS', 'ZOMATO.NS']: possibly delisted; no price data found  (period=25y) (Yahoo error = "No data found, symbol may be delisted")
2026-01-07 00:46:54,218 ERROR 'charmap' codec can't encode characters in position 0-1: character maps to <undefined>
2026-01-07 00:46:54,386 ERROR $TATAMOTORS.NS: possibly delisted; no price data found  (period=25y) (Yahoo error = "No data found, symbol may be delisted")
2026-01-07 00:46:55,159 ERROR $ZOMATO.NS: possibly delisted; no price data found  (period=25y) (Yahoo error = "No data found, symbol may be delisted")
2026-01-07 00:47:00,368 ERROR 
2 Failed downloads:
2026-01-07 00:47:00,368 ERROR ['TATAMOTORS.NS', 'ZOMATO.NS']: possibly delisted; no price data found  (period=25y) (Yahoo error = "No data found, symbol may be delisted")
2026-01-07 00:47:04,219 INFO Bot started
2026-01-07 00:47:05,344 ERROR $TATAMOTORS.NS: possibly delisted; no price data found  (period=25y) (Yahoo error = "No data found, symbol may be delisted")
2026-01-07 00:47:12,261 ERROR $ZOMATO.NS: possibly delisted; no price data found  (period=25y) (Yahoo error = "No data found, symbol may be delisted")
2026-01-07 00:47:13,041 ERROR 
2 Failed downloads:
2026-01-07 00:47:13,041 ERROR ['TATAMOTORS.NS', 'ZOMATO.NS']: possibly delisted; no price data found  (period=25y) (Yahoo error = "No data found, symbol may be delisted")
2026-01-07 00:47:15,240 INFO Bot started
2026-01-07 00:47:15,739 ERROR 'charmap' codec can't encode characters in position 0-1: character maps to <undefined>
2026-01-07 00:47:18,930 ERROR $TATAMOTORS.NS: possibly delisted; no price data found  (period=25y) (Yahoo error = "No data found, symbol may be delisted")
2026-01-07 00:47:19,863 ERROR $ZOMATO.NS: possibly delisted; no price data found  (period=25y) (Yahoo error = "No data found, symbol may be delisted")
2026-01-07 00:47:23,801 ERROR 
2 Failed downloads:
2026-01-07 00:47:23,801 ERROR ['TATAMOTORS.NS', 'ZOMATO.NS']: possibly delisted; no price data found  (period=25y) (Yahoo error = "No data found, symbol may be delisted")
2026-01-07 00:47:25,740 INFO Bot started
2026-01-07 00:47:27,227 ERROR $TATAMOTORS.NS: possibly delisted; no price data found  (period=25y) (Yahoo error = "No data found, symbol may be delisted")
2026-01-07 00:47:35,176 ERROR $ZOMATO.NS: possibly delisted; no price data found  (period=25y) (Yahoo error = "No data found, symbol may be delisted")
2026-01-07 00:47:36,403 ERROR 
2 Failed downloads:
2026-01-07 00:47:36,403 ERROR ['TATAMOTORS.NS', 'ZOMATO.NS']: possibly delisted; no price data found  (period=25y) (Yahoo error = "No data found, symbol may be delisted")
2026-01-07 00:47:37,349 INFO Bot started
2026-01-07 00:47:40,047 ERROR 'charmap' codec can't encode characters in position 0-1: character maps to <undefined>
2026-01-07 00:47:42,142 ERROR $TATAMOTORS.NS: possibly delisted; no price data found  (period=25y) (Yahoo error = "No data found, symbol may be delisted")
2026-01-07 00:47:42,934 ERROR $ZOMATO.NS: possibly delisted; no price data found  (period=25y) (Yahoo error = "No data found, symbol may be delisted")
2026-01-07 00:47:47,149 ERROR 
2 Failed downloads:
2026-01-07 00:47:47,150 ERROR ['TATAMOTORS.NS', 'ZOMATO.NS']: possibly delisted; no price data found  (period=25y) (Yahoo error = "No data found, symbol may be delisted")
2026-01-07 00:47:50,047 INFO Bot started
2026-01-07 00:47:51,019 ERROR $TATAMOTORS.NS: possibly delisted; no price data found  (period=25y) (Yahoo error = "No data found, symbol may be delisted")
2026-01-07 00:47:58,172 ERROR $ZOMATO.NS: possibly delisted; no price data found  (period=25y) (Yahoo error = "No data found, symbol may be delisted")
2026-01-07 00:47:59,068 ERROR 
2 Failed downloads:
2026-01-07 00:47:59,068 ERROR ['TATAMOTORS.NS', 'ZOMATO.NS']: possibly delisted; no price data found  (period=25y) (Yahoo error = "No data found, symbol may be delisted")
2026-01-07 00:47:59,920 INFO Bot started
2026-01-07 00:48:01,871 ERROR 'charmap' codec can't encode characters in position 0-1: character maps to <undefined>
2026-01-07 00:48:05,684 ERROR $ZOMATO.NS: possibly delisted; no price data found  (period=25y) (Yahoo error = "No data found, symbol may be delisted")
2026-01-07 00:48:05,706 ERROR $TATAMOTORS.NS: possibly delisted; no price data found  (period=25y) (Yahoo error = "No data found, symbol may be delisted")
2026-01-07 00:48:10,587 ERROR 
2 Failed downloads:
2026-01-07 00:48:10,587 ERROR ['ZOMATO.NS', 'TATAMOTORS.NS']: possibly delisted; no price data found  (period=25y) (Yahoo error = "No data found, symbol may be delisted")
2026-01-07 00:48:11,872 INFO Bot started
2026-01-07 00:48:12,995 ERROR $TATAMOTORS.NS: possibly delisted; no price data found  (period=25y) (Yahoo error = "No data found, symbol may be delisted")
2026-01-07 00:48:20,736 ERROR $ZOMATO.NS: possibly delisted; no price data found  (period=25y) (Yahoo error = "No data found, symbol may be delisted")
2026-01-07 00:48:21,515 ERROR 
2 Failed downloads:
2026-01-07 00:48:21,515 ERROR ['TATAMOTORS.NS', 'ZOMATO.NS']: possibly delisted; no price data found  (period=25y) (Yahoo error = "No data found, symbol may be delisted")
2026-01-07 00:48:23,673 ERROR 'charmap' codec can't encode characters in position 0-1: character maps to <undefined>
2026-01-07 00:48:25,639 INFO Bot started
2026-01-07 00:48:28,628 ERROR $TATAMOTORS.NS: possibly delisted; no price data found  (period=25y) (Yahoo error = "No data found, symbol may be delisted")
2026-01-07 00:48:29,391 ERROR $ZOMATO.NS: possibly delisted; no price data found  (period=25y) (Yahoo error = "No data found, symbol may be delisted")
2026-01-07 00:48:33,674 INFO Bot started
2026-01-07 00:48:33,894 ERROR 
2 Failed downloads:
2026-01-07 00:48:33,894 ERROR ['TATAMOTORS.NS', 'ZOMATO.NS']: possibly delisted; no price data found  (period=25y) (Yahoo error = "No data found, symbol may be delisted")
2026-01-07 00:48:34,732 ERROR $TATAMOTORS.NS: possibly delisted; no price data found  (period=25y) (Yahoo error = "No data found, symbol may be delisted")
2026-01-07 00:48:40,451 ERROR $ZOMATO.NS: possibly delisted; no price data found  (period=25y) (Yahoo error = "No data found, symbol may be delisted")
2026-01-07 00:48:41,896 ERROR 
2 Failed downloads:
2026-01-07 00:48:41,896 ERROR ['TATAMOTORS.NS', 'ZOMATO.NS']: possibly delisted; no price data found  (period=25y) (Yahoo error = "No data found, symbol may be delisted")
2026-01-07 00:48:44,222 ERROR 'charmap' codec can't encode characters in position 0-1: character maps to <undefined>
2026-01-07 00:48:48,208 INFO Bot started
2026-01-07 00:48:51,276 ERROR $TATAMOTORS.NS: possibly delisted; no price data found  (period=25y) (Yahoo error = "No data found, symbol may be delisted")
2026-01-07 00:48:52,082 ERROR $ZOMATO.NS: possibly delisted; no price data found  (period=25y) (Yahoo error = "No data found, symbol may be delisted")
2026-01-07 00:48:54,223 INFO Bot started
2026-01-07 00:48:55,113 ERROR $TATAMOTORS.NS: possibly delisted; no price data found  (period=25y) (Yahoo error = "No data found, symbol may be delisted")
2026-01-07 00:48:56,152 ERROR 
2 Failed downloads:
2026-01-07 00:48:56,152 ERROR ['TATAMOTORS.NS', 'ZOMATO.NS']: possibly delisted; no price data found  (period=25y) (Yahoo error = "No data found, symbol may be delisted")
2026-01-07 00:49:01,570 ERROR $ZOMATO.NS: possibly delisted; no price data found  (period=25y) (Yahoo error = "No data found, symbol may be delisted")
2026-01-07 00:49:02,535 ERROR 
2 Failed downloads:
2026-01-07 00:49:02,535 ERROR ['TATAMOTORS.NS', 'ZOMATO.NS']: possibly delisted; no price data found  (period=25y) (Yahoo error = "No data found, symbol may be delisted")
2026-01-07 00:49:05,083 ERROR 'charmap' codec can't encode characters in position 0-1: character maps to <undefined>
2026-01-07 00:49:15,084 INFO Bot started
2026-01-07 00:49:16,033 ERROR $TATAMOTORS.NS: possibly delisted; no price data found  (period=25y) (Yahoo error = "No data found, symbol may be delisted")
2026-01-07 00:49:21,482 ERROR $ZOMATO.NS: possibly delisted; no price data found  (period=25y) (Yahoo error = "No data found, symbol may be delisted")
2026-01-07 00:49:22,289 ERROR 
2 Failed downloads:
2026-01-07 00:49:22,289 ERROR ['TATAMOTORS.NS', 'ZOMATO.NS']: possibly delisted; no price data found  (period=25y) (Yahoo error = "No data found, symbol may be delisted")
2026-01-07 00:49:24,026 ERROR 'charmap' codec can't encode characters in position 0-1: character maps to <undefined>
2026-01-07 00:49:34,027 INFO Bot started
2026-01-07 00:49:35,192 ERROR $TATAMOTORS.NS: possibly delisted; no price data found  (period=25y) (Yahoo error = "No data found, symbol may be delisted")
2026-01-07 00:49:41,888 ERROR $ZOMATO.NS: possibly delisted; no price data found  (period=25y) (Yahoo error = "No data found, symbol may be delisted")
2026-01-07 00:49:42,806 ERROR 
2 Failed downloads:
2026-01-07 00:49:42,806 ERROR ['TATAMOTORS.NS', 'ZOMATO.NS']: possibly delisted; no price data found  (period=25y) (Yahoo error = "No data found, symbol may be delisted")
2026-01-07 00:49:44,867 ERROR 'charmap' codec can't encode characters in position 0-1: character maps to <undefined>
2026-01-07 00:49:54,868 INFO Bot started
2026-01-07 00:49:56,237 ERROR $TATAMOTORS.NS: possibly delisted; no price data found  (period=25y) (Yahoo error = "No data found, symbol may be delisted")
2026-01-07 00:50:02,324 ERROR $ZOMATO.NS: possibly delisted; no price data found  (period=25y) (Yahoo error = "No data found, symbol may be delisted")
2026-01-07 00:50:03,110 ERROR 
2 Failed downloads:
2026-01-07 00:50:03,110 ERROR ['TATAMOTORS.NS', 'ZOMATO.NS']: possibly delisted; no price data found  (period=25y) (Yahoo error = "No data found, symbol may be delisted")
2026-01-07 00:50:04,707 ERROR 'charmap' codec can't encode characters in position 0-1: character maps to <undefined>
2026-01-07 00:50:14,708 INFO Bot started
2026-01-07 00:50:15,763 ERROR $TATAMOTORS.NS: possibly delisted; no price data found  (period=25y) (Yahoo error = "No data found, symbol may be delisted")
2026-01-07 00:50:21,823 ERROR $ZOMATO.NS: possibly delisted; no price data found  (period=25y) (Yahoo error = "No data found, symbol may be delisted")
2026-01-07 00:50:22,796 ERROR 
2 Failed downloads:
2026-01-07 00:50:22,796 ERROR ['TATAMOTORS.NS', 'ZOMATO.NS']: possibly delisted; no price data found  (period=25y) (Yahoo error = "No data found, symbol may be delisted")
2026-01-07 00:50:24,399 ERROR 'charmap' codec can't encode characters in position 0-1: character maps to <undefined>
2026-01-07 00:50:34,399 INFO Bot started
2026-01-07 00:50:35,666 ERROR $TATAMOTORS.NS: possibly delisted; no price data found  (period=25y) (Yahoo error = "No data found, symbol may be delisted")
2026-01-07 00:50:44,995 ERROR $ZOMATO.NS: possibly delisted; no price data found  (period=25y) (Yahoo error = "No data found, symbol may be delisted")
2026-01-07 00:50:46,618 ERROR 
2 Failed downloads:
2026-01-07 00:50:46,619 ERROR ['TATAMOTORS.NS', 'ZOMATO.NS']: possibly delisted; no price data found  (period=25y) (Yahoo error = "No data found, symbol may be delisted")
2026-01-07 00:50:48,692 ERROR 'charmap' codec can't encode characters in position 0-1: character maps to <undefined>
2026-01-07 00:50:58,694 INFO Bot started
2026-01-07 00:51:00,365 ERROR $TATAMOTORS.NS: possibly delisted; no price data found  (period=25y) (Yahoo error = "No data found, symbol may be delisted")
2026-01-07 00:51:06,576 ERROR $ZOMATO.NS: possibly delisted; no price data found  (period=25y) (Yahoo error = "No data found, symbol may be delisted")
2026-01-07 00:51:07,710 ERROR 
2 Failed downloads:
2026-01-07 00:51:07,710 ERROR ['TATAMOTORS.NS', 'ZOMATO.NS']: possibly delisted; no price data found  (period=25y) (Yahoo error = "No data found, symbol may be delisted")
2026-01-07 00:51:09,932 ERROR 'charmap' codec can't encode characters in position 0-1: character maps to <undefined>
2026-01-07 00:51:19,934 INFO Bot started
2026-01-07 00:51:21,538 ERROR $TATAMOTORS.NS: possibly delisted; no price data found  (period=25y) (Yahoo error = "No data found, symbol may be delisted")
2026-01-07 00:51:27,804 ERROR $ZOMATO.NS: possibly delisted; no price data found  (period=25y) (Yahoo error = "No data found, symbol may be delisted")
2026-01-07 00:51:28,997 ERROR 
2 Failed downloads:
2026-01-07 00:51:28,997 ERROR ['TATAMOTORS.NS', 'ZOMATO.NS']: possibly delisted; no price data found  (period=25y) (Yahoo error = "No data found, symbol may be delisted")
2026-01-07 00:51:31,134 ERROR 'charmap' codec can't encode characters in position 0-1: character maps to <undefined>
2026-01-07 00:51:41,135 INFO Bot started
2026-01-07 00:51:42,376 ERROR $TATAMOTORS.NS: possibly delisted; no price data found  (period=25y) (Yahoo error = "No data found, symbol may be delisted")
2026-01-07 00:51:48,358 ERROR $ZOMATO.NS: possibly delisted; no price data found  (period=25y) (Yahoo error = "No data found, symbol may be delisted")
2026-01-07 00:51:49,115 ERROR 
2 Failed downloads:
2026-01-07 00:51:49,115 ERROR ['TATAMOTORS.NS', 'ZOMATO.NS']: possibly delisted; no price data found  (period=25y) (Yahoo error = "No data found, symbol may be delisted")
2026-01-07 00:51:51,066 ERROR 'charmap' codec can't encode characters in position 0-1: character maps to <undefined>
2026-01-07 00:52:01,067 INFO Bot started
2026-01-07 00:52:02,599 ERROR $TATAMOTORS.NS: possibly delisted; no price data found  (period=25y) (Yahoo error = "No data found, symbol may be delisted")
2026-01-07 00:52:09,135 ERROR $ZOMATO.NS: possibly delisted; no price data found  (period=25y) (Yahoo error = "No data found, symbol may be delisted")
2026-01-07 00:52:10,202 ERROR 
2 Failed downloads:
2026-01-07 00:52:10,202 ERROR ['TATAMOTORS.NS', 'ZOMATO.NS']: possibly delisted; no price data found  (period=25y) (Yahoo error = "No data found, symbol may be delisted")
2026-01-07 00:52:11,594 ERROR 'charmap' codec can't encode characters in position 0-1: character maps to <undefined>
2026-01-07 00:52:21,594 INFO Bot started
2026-01-07 00:52:22,689 ERROR $TATAMOTORS.NS: possibly delisted; no price data found  (period=25y) (Yahoo error = "No data found, symbol may be delisted")
2026-01-07 00:52:29,030 ERROR $ZOMATO.NS: possibly delisted; no price data found  (period=25y) (Yahoo error = "No data found, symbol may be delisted")
2026-01-07 00:52:30,103 ERROR 
2 Failed downloads:
2026-01-07 00:52:30,103 ERROR ['TATAMOTORS.NS', 'ZOMATO.NS']: possibly delisted; no price data found  (period=25y) (Yahoo error = "No data found, symbol may be delisted")
2026-01-07 00:52:31,420 ERROR 'charmap' codec can't encode characters in position 0-1: character maps to <undefined>
2026-01-07 00:52:41,422 INFO Bot started
2026-01-07 00:52:42,944 ERROR $TATAMOTORS.NS: possibly delisted; no price data found  (period=25y) (Yahoo error = "No data found, symbol may be delisted")
2026-01-07 00:52:48,110 ERROR $ZOMATO.NS: possibly delisted; no price data found  (period=25y) (Yahoo error = "No data found, symbol may be delisted")
2026-01-07 00:52:48,722 ERROR 
2 Failed downloads:
2026-01-07 00:52:48,722 ERROR ['TATAMOTORS.NS', 'ZOMATO.NS']: possibly delisted; no price data found  (period=25y) (Yahoo error = "No data found, symbol may be delisted")
2026-01-07 00:52:50,072 ERROR 'charmap' codec can't encode characters in position 0-1: character maps to <undefined>
2026-01-07 00:53:00,073 INFO Bot started
2026-01-07 00:53:01,145 ERROR $TATAMOTORS.NS: possibly delisted; no price data found  (period=25y) (Yahoo error = "No data found, symbol may be delisted")
2026-01-07 00:53:05,876 ERROR $ZOMATO.NS: possibly delisted; no price data found  (period=25y) (Yahoo error = "No data found, symbol may be delisted")
2026-01-07 00:53:06,574 ERROR 
2 Failed downloads:
2026-01-07 00:53:06,574 ERROR ['TATAMOTORS.NS', 'ZOMATO.NS']: possibly delisted; no price data found  (period=25y) (Yahoo error = "No data found, symbol may be delisted")
2026-01-07 00:53:07,869 ERROR 'charmap' codec can't encode characters in position 0-1: character maps to <undefined>
2026-01-07 00:53:17,870 INFO Bot started
2026-01-07 00:53:18,657 ERROR $TATAMOTORS.NS: possibly delisted; no price data found  (period=25y) (Yahoo error = "No data found, symbol may be delisted")
2026-01-07 00:53:23,155 ERROR $ZOMATO.NS: possibly delisted; no price data found  (period=25y) (Yahoo error = "No data found, symbol may be delisted")
2026-01-07 00:53:23,874 ERROR 
2 Failed downloads:
2026-01-07 00:53:23,874 ERROR ['TATAMOTORS.NS', 'ZOMATO.NS']: possibly delisted; no price data found  (period=25y) (Yahoo error = "No data found, symbol may be delisted")
2026-01-07 00:53:25,181 ERROR 'charmap' codec can't encode characters in position 0-1: character maps to <undefined>
2026-01-07 00:53:35,313 INFO Bot started
2026-01-07 00:53:36,164 ERROR $TATAMOTORS.NS: possibly delisted; no price data found  (period=25y) (Yahoo error = "No data found, symbol may be delisted")
2026-01-07 00:53:40,771 ERROR $ZOMATO.NS: possibly delisted; no price data found  (period=25y) (Yahoo error = "No data found, symbol may be delisted")
2026-01-07 00:53:41,907 ERROR 
2 Failed downloads:
2026-01-07 00:53:41,907 ERROR ['TATAMOTORS.NS', 'ZOMATO.NS']: possibly delisted; no price data found  (period=25y) (Yahoo error = "No data found, symbol may be delisted")
2026-01-07 00:53:43,241 ERROR 'charmap' codec can't encode characters in position 0-1: character maps to <undefined>
2026-01-07 00:53:53,242 INFO Bot started
2026-01-07 00:53:54,035 ERROR $TATAMOTORS.NS: possibly delisted; no price data found  (period=25y) (Yahoo error = "No data found, symbol may be delisted")
2026-01-07 00:53:59,175 ERROR $ZOMATO.NS: possibly delisted; no price data found  (period=25y) (Yahoo error = "No data found, symbol may be delisted")
2026-01-07 00:53:59,716 ERROR 
2 Failed downloads:
2026-01-07 00:53:59,716 ERROR ['TATAMOTORS.NS', 'ZOMATO.NS']: possibly delisted; no price data found  (period=25y) (Yahoo error = "No data found, symbol may be delisted")
2026-01-07 00:54:01,135 ERROR 'charmap' codec can't encode characters in position 0-1: character maps to <undefined>
2026-01-07 00:54:11,136 INFO Bot started
2026-01-07 00:54:12,033 ERROR $TATAMOTORS.NS: possibly delisted; no price data found  (period=25y) (Yahoo error = "No data found, symbol may be delisted")
2026-01-07 00:54:16,836 ERROR $ZOMATO.NS: possibly delisted; no price data found  (period=25y) (Yahoo error = "No data found, symbol may be delisted")
2026-01-07 00:54:17,372 ERROR 
2 Failed downloads:
2026-01-07 00:54:17,372 ERROR ['TATAMOTORS.NS', 'ZOMATO.NS']: possibly delisted; no price data found  (period=25y) (Yahoo error = "No data found, symbol may be delisted")
2026-01-07 00:54:18,724 ERROR 'charmap' codec can't encode characters in position 0-1: character maps to <undefined>
2026-01-07 00:54:28,725 INFO Bot started
2026-01-07 00:54:29,489 ERROR $TATAMOTORS.NS: possibly delisted; no price data found  (period=25y) (Yahoo error = "No data found, symbol may be delisted")
2026-01-07 00:54:35,652 ERROR $ZOMATO.NS: possibly delisted; no price data found  (period=25y) (Yahoo error = "No data found, symbol may be delisted")
2026-01-07 00:54:36,713 ERROR 
2 Failed downloads:
2026-01-07 00:54:36,713 ERROR ['TATAMOTORS.NS', 'ZOMATO.NS']: possibly delisted; no price data found  (period=25y) (Yahoo error = "No data found, symbol may be delisted")
2026-01-07 00:54:38,046 ERROR 'charmap' codec can't encode characters in position 0-1: character maps to <undefined>
2026-01-07 00:54:48,047 INFO Bot started
2026-01-07 00:54:49,134 ERROR $TATAMOTORS.NS: possibly delisted; no price data found  (period=25y) (Yahoo error = "No data found, symbol may be delisted")
2026-01-07 00:54:55,221 ERROR $ZOMATO.NS: possibly delisted; no price data found  (period=25y) (Yahoo error = "No data found, symbol may be delisted")
2026-01-07 00:54:56,144 ERROR 
2 Failed downloads:
2026-01-07 00:54:56,144 ERROR ['TATAMOTORS.NS', 'ZOMATO.NS']: possibly delisted; no price data found  (period=25y) (Yahoo error = "No data found, symbol may be delisted")
2026-01-07 00:54:57,489 ERROR 'charmap' codec can't encode characters in position 0-1: character maps to <undefined>
2026-01-07 00:55:07,490 INFO Bot started
2026-01-07 00:55:08,809 ERROR $TATAMOTORS.NS: possibly delisted; no price data found  (period=25y) (Yahoo error = "No data found, symbol may be delisted")
2026-01-07 00:55:14,437 ERROR $ZOMATO.NS: possibly delisted; no price data found  (period=25y) (Yahoo error = "No data found, symbol may be delisted")
2026-01-07 00:55:15,465 ERROR 
2 Failed downloads:
2026-01-07 00:55:15,465 ERROR ['TATAMOTORS.NS', 'ZOMATO.NS']: possibly delisted; no price data found  (period=25y) (Yahoo error = "No data found, symbol may be delisted")
2026-01-07 00:55:16,844 ERROR 'charmap' codec can't encode characters in position 0-1: character maps to <undefined>
2026-01-07 00:55:26,845 INFO Bot started
2026-01-07 00:55:27,890 ERROR $TATAMOTORS.NS: possibly delisted; no price data found  (period=25y) (Yahoo error = "No data found, symbol may be delisted")
2026-01-07 00:55:33,275 ERROR $ZOMATO.NS: possibly delisted; no price data found  (period=25y) (Yahoo error = "No data found, symbol may be delisted")
2026-01-07 00:55:34,189 ERROR 
2 Failed downloads:
2026-01-07 00:55:34,189 ERROR ['TATAMOTORS.NS', 'ZOMATO.NS']: possibly delisted; no price data found  (period=25y) (Yahoo error = "No data found, symbol may be delisted")
2026-01-07 00:55:35,520 ERROR 'charmap' codec can't encode characters in position 0-1: character maps to <undefined>
2026-01-07 00:55:45,521 INFO Bot started
2026-01-07 00:55:46,429 ERROR $TATAMOTORS.NS: possibly delisted; no price data found  (period=25y) (Yahoo error = "No data found, symbol may be delisted")
2026-01-07 00:55:51,297 ERROR $ZOMATO.NS: possibly delisted; no price data found  (period=25y) (Yahoo error = "No data found, symbol may be delisted")
2026-01-07 00:55:52,058 ERROR 
2 Failed downloads:
2026-01-07 00:55:52,058 ERROR ['TATAMOTORS.NS', 'ZOMATO.NS']: possibly delisted; no price data found  (period=25y) (Yahoo error = "No data found, symbol may be delisted")
2026-01-07 00:55:53,389 ERROR 'charmap' codec can't encode characters in position 0-1: character maps to <undefined>
2026-01-07 00:56:03,391 INFO Bot started
2026-01-07 00:56:04,193 ERROR $TATAMOTORS.NS: possibly delisted; no price data found  (period=25y) (Yahoo error = "No data found, symbol may be delisted")
2026-01-07 00:56:08,729 ERROR $ZOMATO.NS: possibly delisted; no price data found  (period=25y) (Yahoo error = "No data found, symbol may be delisted")
2026-01-07 00:56:09,684 ERROR 
2 Failed downloads:
2026-01-07 00:56:09,684 ERROR ['TATAMOTORS.NS', 'ZOMATO.NS']: possibly delisted; no price data found  (period=25y) (Yahoo error = "No data found, symbol may be delisted")
2026-01-07 00:56:11,009 ERROR 'charmap' codec can't encode characters in position 0-1: character maps to <undefined>
2026-01-07 00:56:21,010 INFO Bot started
2026-01-07 00:56:21,832 ERROR $TATAMOTORS.NS: possibly delisted; no price data found  (period=25y) (Yahoo error = "No data found, symbol may be delisted")
2026-01-07 00:56:27,247 ERROR $ZOMATO.NS: possibly delisted; no price data found  (period=25y) (Yahoo error = "No data found, symbol may be delisted")
2026-01-07 00:56:28,069 ERROR 
2 Failed downloads:
2026-01-07 00:56:28,069 ERROR ['TATAMOTORS.NS', 'ZOMATO.NS']: possibly delisted; no price data found  (period=25y) (Yahoo error = "No data found, symbol may be delisted")
2026-01-07 00:56:29,427 ERROR 'charmap' codec can't encode characters in position 0-1: character maps to <undefined>
2026-01-07 00:56:39,428 INFO Bot started
2026-01-07 00:56:40,541 ERROR $TATAMOTORS.NS: possibly delisted; no price data found  (period=25y) (Yahoo error = "No data found, symbol may be delisted")
2026-01-07 00:56:46,306 ERROR $ZOMATO.NS: possibly delisted; no price data found  (period=25y) (Yahoo error = "No data found, symbol may be delisted")
2026-01-07 00:56:47,217 ERROR 
2 Failed downloads:
2026-01-07 00:56:47,217 ERROR ['TATAMOTORS.NS', 'ZOMATO.NS']: possibly delisted; no price data found  (period=25y) (Yahoo error = "No data found, symbol may be delisted")
2026-01-07 00:56:48,664 ERROR 'charmap' codec can't encode characters in position 0-1: character maps to <undefined>
2026-01-07 00:56:58,665 INFO Bot started
2026-01-07 00:56:59,874 ERROR $TATAMOTORS.NS: possibly delisted; no price data found  (period=25y) (Yahoo error = "No data found, symbol may be delisted")
2026-01-07 00:57:05,791 ERROR $ZOMATO.NS: possibly delisted; no price data found  (period=25y) (Yahoo error = "No data found, symbol may be delisted")
2026-01-07 00:57:06,616 ERROR 
2 Failed downloads:
2026-01-07 00:57:06,616 ERROR ['TATAMOTORS.NS', 'ZOMATO.NS']: possibly delisted; no price data found  (period=25y) (Yahoo error = "No data found, symbol may be delisted")
2026-01-07 00:57:08,035 ERROR 'charmap' codec can't encode characters in position 0-1: character maps to <undefined>
2026-01-07 00:57:18,035 INFO Bot started
2026-01-07 00:57:19,831 ERROR $TATAMOTORS.NS: possibly delisted; no price data found  (period=25y) (Yahoo error = "No data found, symbol may be delisted")
2026-01-07 00:57:25,341 ERROR $ZOMATO.NS: possibly delisted; no price data found  (period=25y) (Yahoo error = "No data found, symbol may be delisted")
2026-01-07 00:57:25,962 ERROR 
2 Failed downloads:
2026-01-07 00:57:25,962 ERROR ['TATAMOTORS.NS', 'ZOMATO.NS']: possibly delisted; no price data found  (period=25y) (Yahoo error = "No data found, symbol may be delisted")
2026-01-07 00:57:27,389 ERROR 'charmap' codec can't encode characters in position 0-1: character maps to <undefined>
2026-01-07 00:57:37,389 INFO Bot started
2026-01-07 00:57:38,350 ERROR $TATAMOTORS.NS: possibly delisted; no price data found  (period=25y) (Yahoo error = "No data found, symbol may be delisted")
2026-01-07 00:57:43,507 ERROR $ZOMATO.NS: possibly delisted; no price data found  (period=25y) (Yahoo error = "No data found, symbol may be delisted")
2026-01-07 00:57:44,225 ERROR 
2 Failed downloads:
2026-01-07 00:57:44,225 ERROR ['TATAMOTORS.NS', 'ZOMATO.NS']: possibly delisted; no price data found  (period=25y) (Yahoo error = "No data found, symbol may be delisted")
2026-01-07 00:57:45,565 ERROR 'charmap' codec can't encode characters in position 0-1: character maps to <undefined>
2026-01-07 00:57:55,566 INFO Bot started
2026-01-07 00:57:56,376 ERROR $TATAMOTORS.NS: possibly delisted; no price data found  (period=25y) (Yahoo error = "No data found, symbol may be delisted")
2026-01-07 00:58:01,114 ERROR $ZOMATO.NS: possibly delisted; no price data found  (period=25y) (Yahoo error = "No data found, symbol may be delisted")
2026-01-07 00:58:01,868 ERROR 
2 Failed downloads:
2026-01-07 00:58:01,868 ERROR ['TATAMOTORS.NS', 'ZOMATO.NS']: possibly delisted; no price data found  (period=25y) (Yahoo error = "No data found, symbol may be delisted")
2026-01-07 00:58:03,184 ERROR 'charmap' codec can't encode characters in position 0-1: character maps to <undefined>
2026-01-07 00:58:13,184 INFO Bot started
2026-01-07 00:58:14,720 ERROR $TATAMOTORS.NS: possibly delisted; no price data found  (period=25y) (Yahoo error = "No data found, symbol may be delisted")
2026-01-07 00:58:19,817 ERROR $ZOMATO.NS: possibly delisted; no price data found  (period=25y) (Yahoo error = "No data found, symbol may be delisted")
2026-01-07 00:58:20,668 ERROR 
2 Failed downloads:
2026-01-07 00:58:20,668 ERROR ['TATAMOTORS.NS', 'ZOMATO.NS']: possibly delisted; no price data found  (period=25y) (Yahoo error = "No data found, symbol may be delisted")
2026-01-07 00:58:22,082 ERROR 'charmap' codec can't encode characters in position 0-1: character maps to <undefined>
2026-01-07 00:58:32,083 INFO Bot started
2026-01-07 00:58:33,021 ERROR $TATAMOTORS.NS: possibly delisted; no price data found  (period=25y) (Yahoo error = "No data found, symbol may be delisted")
2026-01-07 00:58:38,409 ERROR $ZOMATO.NS: possibly delisted; no price data found  (period=25y) (Yahoo error = "No data found, symbol may be delisted")
2026-01-07 00:58:39,408 ERROR 
2 Failed downloads:
2026-01-07 00:58:39,408 ERROR ['TATAMOTORS.NS', 'ZOMATO.NS']: possibly delisted; no price data found  (period=25y) (Yahoo error = "No data found, symbol may be delisted")
2026-01-07 00:58:40,717 ERROR 'charmap' codec can't encode characters in position 0-1: character maps to <undefined>
2026-01-07 00:58:50,718 INFO Bot started
2026-01-07 00:58:51,755 ERROR $TATAMOTORS.NS: possibly delisted; no price data found  (period=25y) (Yahoo error = "No data found, symbol may be delisted")
2026-01-07 00:58:58,153 ERROR $ZOMATO.NS: possibly delisted; no price data found  (period=25y) (Yahoo error = "No data found, symbol may be delisted")
2026-01-07 00:58:58,944 ERROR 
2 Failed downloads:
2026-01-07 00:58:58,944 ERROR ['TATAMOTORS.NS', 'ZOMATO.NS']: possibly delisted; no price data found  (period=25y) (Yahoo error = "No data found, symbol may be delisted")
2026-01-07 00:59:00,305 ERROR 'charmap' codec can't encode characters in position 0-1: character maps to <undefined>
2026-01-07 00:59:10,306 INFO Bot started
2026-01-07 00:59:11,655 ERROR $TATAMOTORS.NS: possibly delisted; no price data found  (period=25y) (Yahoo error = "No data found, symbol may be delisted")
2026-01-07 00:59:17,527 ERROR $ZOMATO.NS: possibly delisted; no price data found  (period=25y) (Yahoo error = "No data found, symbol may be delisted")
2026-01-07 00:59:18,719 ERROR 
2 Failed downloads:
2026-01-07 00:59:18,719 ERROR ['TATAMOTORS.NS', 'ZOMATO.NS']: possibly delisted; no price data found  (period=25y) (Yahoo error = "No data found, symbol may be delisted")
2026-01-07 00:59:20,095 ERROR 'charmap' codec can't encode characters in position 0-1: character maps to <undefined>
2026-01-07 00:59:30,096 INFO Bot started
2026-01-07 00:59:31,024 ERROR $TATAMOTORS.NS: possibly delisted; no price data found  (period=25y) (Yahoo error = "No data found, symbol may be delisted")
2026-01-07 00:59:36,817 ERROR $ZOMATO.NS: possibly delisted; no price data found  (period=25y) (Yahoo error = "No data found, symbol may be delisted")
2026-01-07 00:59:37,706 ERROR 
2 Failed downloads:
2026-01-07 00:59:37,706 ERROR ['TATAMOTORS.NS', 'ZOMATO.NS']: possibly delisted; no price data found  (period=25y) (Yahoo error = "No data found, symbol may be delisted")
2026-01-07 00:59:39,030 ERROR 'charmap' codec can't encode characters in position 0-1: character maps to <undefined>
2026-01-07 00:59:49,030 INFO Bot started
2026-01-07 00:59:50,013 ERROR $TATAMOTORS.NS: possibly delisted; no price data found  (period=25y) (Yahoo error = "No data found, symbol may be delisted")
2026-01-07 00:59:54,434 ERROR $ZOMATO.NS: possibly delisted; no price data found  (period=25y) (Yahoo error = "No data found, symbol may be delisted")
2026-01-07 00:59:55,105 ERROR 
2 Failed downloads:
2026-01-07 00:59:55,105 ERROR ['TATAMOTORS.NS', 'ZOMATO.NS']: possibly delisted; no price data found  (period=25y) (Yahoo error = "No data found, symbol may be delisted")
2026-01-07 00:59:56,442 ERROR 'charmap' codec can't encode characters in position 0-1: character maps to <undefined>
2026-01-07 01:00:06,443 INFO Bot started
2026-01-07 01:00:07,268 ERROR $TATAMOTORS.NS: possibly delisted; no price data found  (period=25y) (Yahoo error = "No data found, symbol may be delisted")
2026-01-07 01:00:11,560 ERROR $ZOMATO.NS: possibly delisted; no price data found  (period=25y) (Yahoo error = "No data found, symbol may be delisted")
2026-01-07 01:00:12,306 ERROR 
2 Failed downloads:
2026-01-07 01:00:12,306 ERROR ['TATAMOTORS.NS', 'ZOMATO.NS']: possibly delisted; no price data found  (period=25y) (Yahoo error = "No data found, symbol may be delisted")
2026-01-07 01:00:13,635 ERROR 'charmap' codec can't encode characters in position 0-1: character maps to <undefined>
2026-01-07 01:00:23,636 INFO Bot started
2026-01-07 01:00:24,489 ERROR $TATAMOTORS.NS: possibly delisted; no price data found  (period=25y) (Yahoo error = "No data found, symbol may be delisted")
2026-01-07 01:00:29,055 ERROR $ZOMATO.NS: possibly delisted; no price data found  (period=25y) (Yahoo error = "No data found, symbol may be delisted")
2026-01-07 01:00:29,689 ERROR 
2 Failed downloads:
2026-01-07 01:00:29,689 ERROR ['TATAMOTORS.NS', 'ZOMATO.NS']: possibly delisted; no price data found  (period=25y) (Yahoo error = "No data found, symbol may be delisted")
2026-01-07 01:00:31,034 ERROR 'charmap' codec can't encode characters in position 0-1: character maps to <undefined>
2026-01-07 01:00:41,036 INFO Bot started
2026-01-07 01:00:42,084 ERROR $TATAMOTORS.NS: possibly delisted; no price data found  (period=25y) (Yahoo error = "No data found, symbol may be delisted")
2026-01-07 01:00:49,607 ERROR $ZOMATO.NS: possibly delisted; no price data found  (period=25y) (Yahoo error = "No data found, symbol may be delisted")
2026-01-07 01:00:50,564 ERROR 
2 Failed downloads:
2026-01-07 01:00:50,564 ERROR ['TATAMOTORS.NS', 'ZOMATO.NS']: possibly delisted; no price data found  (period=25y) (Yahoo error = "No data found, symbol may be delisted")
2026-01-07 01:00:51,876 ERROR 'charmap' codec can't encode characters in position 0-1: character maps to <undefined>
2026-01-07 01:01:01,877 INFO Bot started
2026-01-07 01:01:02,856 ERROR $TATAMOTORS.NS: possibly delisted; no price data found  (period=25y) (Yahoo error = "No data found, symbol may be delisted")
2026-01-07 01:01:08,835 ERROR $ZOMATO.NS: possibly delisted; no price data found  (period=25y) (Yahoo error = "No data found, symbol may be delisted")
2026-01-07 01:01:09,906 ERROR 
2 Failed downloads:
2026-01-07 01:01:09,906 ERROR ['TATAMOTORS.NS', 'ZOMATO.NS']: possibly delisted; no price data found  (period=25y) (Yahoo error = "No data found, symbol may be delisted")
2026-01-07 01:01:11,257 ERROR 'charmap' codec can't encode characters in position 0-1: character maps to <undefined>
2026-01-07 01:01:21,258 INFO Bot started
2026-01-07 01:01:22,376 ERROR $TATAMOTORS.NS: possibly delisted; no price data found  (period=25y) (Yahoo error = "No data found, symbol may be delisted")
2026-01-07 01:01:28,228 ERROR $ZOMATO.NS: possibly delisted; no price data found  (period=25y) (Yahoo error = "No data found, symbol may be delisted")
2026-01-07 01:01:29,117 ERROR 
2 Failed downloads:
2026-01-07 01:01:29,117 ERROR ['TATAMOTORS.NS', 'ZOMATO.NS']: possibly delisted; no price data found  (period=25y) (Yahoo error = "No data found, symbol may be delisted")
2026-01-07 01:01:30,502 ERROR 'charmap' codec can't encode characters in position 0-1: character maps to <undefined>
2026-01-07 01:01:40,503 INFO Bot started
2026-01-07 01:01:41,362 ERROR $TATAMOTORS.NS: possibly delisted; no price data found  (period=25y) (Yahoo error = "No data found, symbol may be delisted")
2026-01-07 01:01:45,774 ERROR $ZOMATO.NS: possibly delisted; no price data found  (period=25y) (Yahoo error = "No data found, symbol may be delisted")
2026-01-07 01:01:46,425 ERROR 
2 Failed downloads:
2026-01-07 01:01:46,425 ERROR ['TATAMOTORS.NS', 'ZOMATO.NS']: possibly delisted; no price data found  (period=25y) (Yahoo error = "No data found, symbol may be delisted")
2026-01-07 01:01:47,854 ERROR 'charmap' codec can't encode characters in position 0-1: character maps to <undefined>
2026-01-07 01:01:57,855 INFO Bot started
2026-01-07 01:01:58,971 ERROR $TATAMOTORS.NS: possibly delisted; no price data found  (period=25y) (Yahoo error = "No data found, symbol may be delisted")
2026-01-07 01:02:03,801 ERROR $ZOMATO.NS: possibly delisted; no price data found  (period=25y) (Yahoo error = "No data found, symbol may be delisted")
2026-01-07 01:02:04,532 ERROR 
2 Failed downloads:
2026-01-07 01:02:04,532 ERROR ['TATAMOTORS.NS', 'ZOMATO.NS']: possibly delisted; no price data found  (period=25y) (Yahoo error = "No data found, symbol may be delisted")
2026-01-07 01:02:06,065 ERROR 'charmap' codec can't encode characters in position 0-1: character maps to <undefined>
2026-01-07 01:02:16,066 INFO Bot started
2026-01-07 01:02:16,999 ERROR $TATAMOTORS.NS: possibly delisted; no price data found  (period=25y) (Yahoo error = "No data found, symbol may be delisted")
2026-01-07 01:02:21,799 ERROR $ZOMATO.NS: possibly delisted; no price data found  (period=25y) (Yahoo error = "No data found, symbol may be delisted")
2026-01-07 01:02:22,479 ERROR 
2 Failed downloads:
2026-01-07 01:02:22,479 ERROR ['TATAMOTORS.NS', 'ZOMATO.NS']: possibly delisted; no price data found  (period=25y) (Yahoo error = "No data found, symbol may be delisted")
2026-01-07 01:02:23,841 ERROR 'charmap' codec can't encode characters in position 0-1: character maps to <undefined>
2026-01-07 01:02:33,842 INFO Bot started
2026-01-07 01:02:34,593 ERROR $TATAMOTORS.NS: possibly delisted; no price data found  (period=25y) (Yahoo error = "No data found, symbol may be delisted")
2026-01-07 01:02:39,659 ERROR $ZOMATO.NS: possibly delisted; no price data found  (period=25y) (Yahoo error = "No data found, symbol may be delisted")
2026-01-07 01:02:40,667 ERROR 
2 Failed downloads:
2026-01-07 01:02:40,667 ERROR ['TATAMOTORS.NS', 'ZOMATO.NS']: possibly delisted; no price data found  (period=25y) (Yahoo error = "No data found, symbol may be delisted")
2026-01-07 01:02:42,317 ERROR 'charmap' codec can't encode characters in position 0-1: character maps to <undefined>
2026-01-07 01:02:52,317 INFO Bot started
2026-01-07 01:02:53,859 ERROR $TATAMOTORS.NS: possibly delisted; no price data found  (period=25y) (Yahoo error = "No data found, symbol may be delisted")
2026-01-07 01:02:59,103 ERROR $ZOMATO.NS: possibly delisted; no price data found  (period=25y) (Yahoo error = "No data found, symbol may be delisted")
2026-01-07 01:03:00,195 ERROR 
2 Failed downloads:
2026-01-07 01:03:00,195 ERROR ['TATAMOTORS.NS', 'ZOMATO.NS']: possibly delisted; no price data found  (period=25y) (Yahoo error = "No data found, symbol may be delisted")
2026-01-07 01:03:01,632 ERROR 'charmap' codec can't encode characters in position 0-1: character maps to <undefined>
2026-01-07 01:03:11,633 INFO Bot started
2026-01-07 01:03:12,440 ERROR $TATAMOTORS.NS: possibly delisted; no price data found  (period=25y) (Yahoo error = "No data found, symbol may be delisted")
2026-01-07 01:03:17,173 ERROR $ZOMATO.NS: possibly delisted; no price data found  (period=25y) (Yahoo error = "No data found, symbol may be delisted")
2026-01-07 01:03:17,824 ERROR 
2 Failed downloads:
2026-01-07 01:03:17,824 ERROR ['TATAMOTORS.NS', 'ZOMATO.NS']: possibly delisted; no price data found  (period=25y) (Yahoo error = "No data found, symbol may be delisted")
2026-01-07 01:03:19,256 ERROR 'charmap' codec can't encode characters in position 0-1: character maps to <undefined>
2026-01-07 01:03:29,256 INFO Bot started
2026-01-07 01:03:30,080 ERROR $TATAMOTORS.NS: possibly delisted; no price data found  (period=25y) (Yahoo error = "No data found, symbol may be delisted")
2026-01-07 01:03:35,330 ERROR $ZOMATO.NS: possibly delisted; no price data found  (period=25y) (Yahoo error = "No data found, symbol may be delisted")
2026-01-07 01:03:36,100 ERROR 
2 Failed downloads:
2026-01-07 01:03:36,100 ERROR ['TATAMOTORS.NS', 'ZOMATO.NS']: possibly delisted; no price data found  (period=25y) (Yahoo error = "No data found, symbol may be delisted")
2026-01-07 01:03:38,277 ERROR 'charmap' codec can't encode characters in position 0-1: character maps to <undefined>
2026-01-07 01:03:48,279 INFO Bot started
2026-01-07 01:03:49,258 ERROR $TATAMOTORS.NS: possibly delisted; no price data found  (period=25y) (Yahoo error = "No data found, symbol may be delisted")
2026-01-07 01:03:55,716 ERROR $ZOMATO.NS: possibly delisted; no price data found  (period=25y) (Yahoo error = "No data found, symbol may be delisted")
2026-01-07 01:03:56,685 ERROR 
2 Failed downloads:
2026-01-07 01:03:56,685 ERROR ['TATAMOTORS.NS', 'ZOMATO.NS']: possibly delisted; no price data found  (period=25y) (Yahoo error = "No data found, symbol may be delisted")
2026-01-07 01:03:59,521 ERROR 'charmap' codec can't encode characters in position 0-1: character maps to <undefined>
2026-01-07 01:04:09,522 INFO Bot started
2026-01-07 01:04:10,657 ERROR $TATAMOTORS.NS: possibly delisted; no price data found  (period=25y) (Yahoo error = "No data found, symbol may be delisted")
2026-01-07 01:04:18,580 ERROR $ZOMATO.NS: possibly delisted; no price data found  (period=25y) (Yahoo error = "No data found, symbol may be delisted")
2026-01-07 01:04:19,642 ERROR 
2 Failed downloads:
2026-01-07 01:04:19,642 ERROR ['TATAMOTORS.NS', 'ZOMATO.NS']: possibly delisted; no price data found  (period=25y) (Yahoo error = "No data found, symbol may be delisted")
2026-01-07 01:04:21,641 ERROR 'charmap' codec can't encode characters in position 0-1: character maps to <undefined>
2026-01-07 01:04:31,642 INFO Bot started
2026-01-07 01:04:32,722 ERROR $TATAMOTORS.NS: possibly delisted; no price data found  (period=25y) (Yahoo error = "No data found, symbol may be delisted")
2026-01-07 01:04:40,211 ERROR $ZOMATO.NS: possibly delisted; no price data found  (period=25y) (Yahoo error = "No data found, symbol may be delisted")
2026-01-07 01:04:41,017 ERROR 
2 Failed downloads:
2026-01-07 01:04:41,017 ERROR ['TATAMOTORS.NS', 'ZOMATO.NS']: possibly delisted; no price data found  (period=25y) (Yahoo error = "No data found, symbol may be delisted")
2026-01-07 01:04:43,798 ERROR 'charmap' codec can't encode characters in position 0-1: character maps to <undefined>
2026-01-07 01:04:53,798 INFO Bot started
2026-01-07 01:04:55,035 ERROR $TATAMOTORS.NS: possibly delisted; no price data found  (period=25y) (Yahoo error = "No data found, symbol may be delisted")
2026-01-07 01:05:01,970 ERROR $ZOMATO.NS: possibly delisted; no price data found  (period=25y) (Yahoo error = "No data found, symbol may be delisted")
2026-01-07 01:05:03,329 ERROR 
2 Failed downloads:
2026-01-07 01:05:03,329 ERROR ['TATAMOTORS.NS', 'ZOMATO.NS']: possibly delisted; no price data found  (period=25y) (Yahoo error = "No data found, symbol may be delisted")
2026-01-07 01:05:05,598 ERROR 'charmap' codec can't encode characters in position 0-1: character maps to <undefined>
2026-01-07 01:05:15,599 INFO Bot started
2026-01-07 01:05:16,748 ERROR $TATAMOTORS.NS: possibly delisted; no price data found  (period=25y) (Yahoo error = "No data found, symbol may be delisted")
2026-01-07 01:05:23,954 ERROR $ZOMATO.NS: possibly delisted; no price data found  (period=25y) (Yahoo error = "No data found, symbol may be delisted")
2026-01-07 01:05:25,292 ERROR 
2 Failed downloads:
2026-01-07 01:05:25,292 ERROR ['TATAMOTORS.NS', 'ZOMATO.NS']: possibly delisted; no price data found  (period=25y) (Yahoo error = "No data found, symbol may be delisted")
2026-01-07 01:05:27,103 ERROR 'charmap' codec can't encode characters in position 0-1: character maps to <undefined>
2026-01-07 01:05:37,104 INFO Bot started
2026-01-07 01:05:38,425 ERROR $TATAMOTORS.NS: possibly delisted; no price data found  (period=25y) (Yahoo error = "No data found, symbol may be delisted")
2026-01-07 01:05:44,957 ERROR $ZOMATO.NS: possibly delisted; no price data found  (period=25y) (Yahoo error = "No data found, symbol may be delisted")
2026-01-07 01:05:45,895 ERROR 
2 Failed downloads:
2026-01-07 01:05:45,895 ERROR ['TATAMOTORS.NS', 'ZOMATO.NS']: possibly delisted; no price data found  (period=25y) (Yahoo error = "No data found, symbol may be delisted")
2026-01-07 01:05:48,916 ERROR 'charmap' codec can't encode characters in position 0-1: character maps to <undefined>
2026-01-07 01:05:58,918 INFO Bot started
2026-01-07 01:06:00,240 ERROR $TATAMOTORS.NS: possibly delisted; no price data found  (period=25y) (Yahoo error = "No data found, symbol may be delisted")
2026-01-07 01:06:06,808 ERROR $ZOMATO.NS: possibly delisted; no price data found  (period=25y) (Yahoo error = "No data found, symbol may be delisted")
2026-01-07 01:06:07,837 ERROR 
2 Failed downloads:
2026-01-07 01:06:07,837 ERROR ['TATAMOTORS.NS', 'ZOMATO.NS']: possibly delisted; no price data found  (period=25y) (Yahoo error = "No data found, symbol may be delisted")
2026-01-07 01:06:09,822 ERROR 'charmap' codec can't encode characters in position 0-1: character maps to <undefined>
2026-01-07 01:06:19,822 INFO Bot started
2026-01-07 01:06:25,344 ERROR $TATAMOTORS.NS: possibly delisted; no price data found  (period=25y) (Yahoo error = "No data found, symbol may be delisted")
2026-01-07 01:06:35,105 ERROR $ZOMATO.NS: possibly delisted; no price data found  (period=25y) (Yahoo error = "No data found, symbol may be delisted")
2026-01-07 01:06:35,770 ERROR 
3 Failed downloads:
2026-01-07 01:06:35,770 ERROR ['TATAMOTORS.NS', 'ZOMATO.NS']: possibly delisted; no price data found  (period=25y) (Yahoo error = "No data found, symbol may be delisted")
2026-01-07 01:06:35,770 ERROR ['TATASTEEL.NS']: TypeError("'NoneType' object is not subscriptable")
2026-01-07 01:06:37,384 ERROR 'charmap' codec can't encode characters in position 0-1: character maps to <undefined>
2026-01-07 01:06:47,385 INFO Bot started
2026-01-07 01:06:48,967 ERROR $TATAMOTORS.NS: possibly delisted; no price data found  (period=25y) (Yahoo error = "No data found, symbol may be delisted")
2026-01-07 01:07:00,846 ERROR $ZOMATO.NS: possibly delisted; no price data found  (period=25y) (Yahoo error = "No data found, symbol may be delisted")
2026-01-07 01:07:01,481 ERROR 
2 Failed downloads:
2026-01-07 01:07:01,481 ERROR ['TATAMOTORS.NS', 'ZOMATO.NS']: possibly delisted; no price data found  (period=25y) (Yahoo error = "No data found, symbol may be delisted")
2026-01-07 01:07:03,656 ERROR 'charmap' codec can't encode characters in position 0-1: character maps to <undefined>
2026-01-07 01:07:13,657 INFO Bot started
2026-01-07 01:07:14,772 ERROR $TATAMOTORS.NS: possibly delisted; no price data found  (period=25y) (Yahoo error = "No data found, symbol may be delisted")
2026-01-07 01:07:20,008 ERROR $ZOMATO.NS: possibly delisted; no price data found  (period=25y) (Yahoo error = "No data found, symbol may be delisted")
2026-01-07 01:07:20,740 ERROR 
2 Failed downloads:
2026-01-07 01:07:20,740 ERROR ['TATAMOTORS.NS', 'ZOMATO.NS']: possibly delisted; no price data found  (period=25y) (Yahoo error = "No data found, symbol may be delisted")
2026-01-07 01:07:22,256 ERROR 'charmap' codec can't encode characters in position 0-1: character maps to <undefined>
2026-01-07 01:07:32,712 INFO Bot started
2026-01-07 01:07:33,627 ERROR $TATAMOTORS.NS: possibly delisted; no price data found  (period=25y) (Yahoo error = "No data found, symbol may be delisted")
2026-01-07 01:07:38,669 ERROR $ZOMATO.NS: possibly delisted; no price data found  (period=25y) (Yahoo error = "No data found, symbol may be delisted")
2026-01-07 01:07:39,680 ERROR 
2 Failed downloads:
2026-01-07 01:07:39,680 ERROR ['TATAMOTORS.NS', 'ZOMATO.NS']: possibly delisted; no price data found  (period=25y) (Yahoo error = "No data found, symbol may be delisted")
2026-01-07 01:07:41,451 ERROR 'charmap' codec can't encode characters in position 0-1: character maps to <undefined>
2026-01-07 01:07:51,452 INFO Bot started
2026-01-07 01:07:52,371 ERROR $TATAMOTORS.NS: possibly delisted; no price data found  (period=25y) (Yahoo error = "No data found, symbol may be delisted")
2026-01-07 01:07:57,075 ERROR $ZOMATO.NS: possibly delisted; no price data found  (period=25y) (Yahoo error = "No data found, symbol may be delisted")
2026-01-07 01:07:57,784 ERROR 
2 Failed downloads:
2026-01-07 01:07:57,784 ERROR ['TATAMOTORS.NS', 'ZOMATO.NS']: possibly delisted; no price data found  (period=25y) (Yahoo error = "No data found, symbol may be delisted")
2026-01-07 01:08:00,000 ERROR 'charmap' codec can't encode characters in position 0-1: character maps to <undefined>
2026-01-07 01:08:10,001 INFO Bot started
2026-01-07 01:08:11,047 ERROR $TATAMOTORS.NS: possibly delisted; no price data found  (period=25y) (Yahoo error = "No data found, symbol may be delisted")
2026-01-07 01:08:16,135 ERROR $ZOMATO.NS: possibly delisted; no price data found  (period=25y) (Yahoo error = "No data found, symbol may be delisted")
2026-01-07 01:08:17,011 ERROR 
2 Failed downloads:
2026-01-07 01:08:17,011 ERROR ['TATAMOTORS.NS', 'ZOMATO.NS']: possibly delisted; no price data found  (period=25y) (Yahoo error = "No data found, symbol may be delisted")
2026-01-07 01:08:18,535 ERROR 'charmap' codec can't encode characters in position 0-1: character maps to <undefined>
2026-01-07 01:08:28,536 INFO Bot started
2026-01-07 01:08:29,307 ERROR $TATAMOTORS.NS: possibly delisted; no price data found  (period=25y) (Yahoo error = "No data found, symbol may be delisted")
2026-01-07 01:08:33,971 ERROR $ZOMATO.NS: possibly delisted; no price data found  (period=25y) (Yahoo error = "No data found, symbol may be delisted")
2026-01-07 01:08:34,723 ERROR 
2 Failed downloads:
2026-01-07 01:08:34,723 ERROR ['TATAMOTORS.NS', 'ZOMATO.NS']: possibly delisted; no price data found  (period=25y) (Yahoo error = "No data found, symbol may be delisted")
2026-01-07 01:08:36,350 ERROR 'charmap' codec can't encode characters in position 0-1: character maps to <undefined>
2026-01-07 01:08:46,352 INFO Bot started
2026-01-07 01:08:47,269 ERROR $TATAMOTORS.NS: possibly delisted; no price data found  (period=25y) (Yahoo error = "No data found, symbol may be delisted")
2026-01-07 01:08:52,695 ERROR $ZOMATO.NS: possibly delisted; no price data found  (period=25y) (Yahoo error = "No data found, symbol may be delisted")
2026-01-07 01:08:54,607 ERROR 
2 Failed downloads:
2026-01-07 01:08:54,607 ERROR ['TATAMOTORS.NS', 'ZOMATO.NS']: possibly delisted; no price data found  (period=25y) (Yahoo error = "No data found, symbol may be delisted")
2026-01-07 01:08:56,065 ERROR 'charmap' codec can't encode characters in position 0-1: character maps to <undefined>
2026-01-07 01:09:06,078 INFO Bot started
2026-01-07 01:09:06,987 ERROR $TATAMOTORS.NS: possibly delisted; no price data found  (period=25y) (Yahoo error = "No data found, symbol may be delisted")
2026-01-07 01:09:15,604 ERROR $ZOMATO.NS: possibly delisted; no price data found  (period=25y) (Yahoo error = "No data found, symbol may be delisted")
2026-01-07 01:09:17,501 ERROR 
2 Failed downloads:
2026-01-07 01:09:17,501 ERROR ['TATAMOTORS.NS', 'ZOMATO.NS']: possibly delisted; no price data found  (period=25y) (Yahoo error = "No data found, symbol may be delisted")
2026-01-07 01:09:18,943 ERROR 'charmap' codec can't encode characters in position 0-1: character maps to <undefined>
2026-01-07 01:09:28,944 INFO Bot started
2026-01-07 01:09:29,851 ERROR $TATAMOTORS.NS: possibly delisted; no price data found  (period=25y) (Yahoo error = "No data found, symbol may be delisted")
2026-01-07 01:09:41,120 ERROR $ZOMATO.NS: possibly delisted; no price data found  (period=25y) (Yahoo error = "No data found, symbol may be delisted")
2026-01-07 01:09:42,194 ERROR 
2 Failed downloads:
2026-01-07 01:09:42,194 ERROR ['TATAMOTORS.NS', 'ZOMATO.NS']: possibly delisted; no price data found  (period=25y) (Yahoo error = "No data found, symbol may be delisted")
2026-01-07 01:09:43,722 ERROR 'charmap' codec can't encode characters in position 0-1: character maps to <undefined>
2026-01-07 01:09:53,722 INFO Bot started
2026-01-07 01:09:54,803 ERROR $TATAMOTORS.NS: possibly delisted; no price data found  (period=25y) (Yahoo error = "No data found, symbol may be delisted")
2026-01-07 01:10:00,173 ERROR $ZOMATO.NS: possibly delisted; no price data found  (period=25y) (Yahoo error = "No data found, symbol may be delisted")
2026-01-07 01:10:00,897 ERROR 
2 Failed downloads:
2026-01-07 01:10:00,897 ERROR ['TATAMOTORS.NS', 'ZOMATO.NS']: possibly delisted; no price data found  (period=25y) (Yahoo error = "No data found, symbol may be delisted")
2026-01-07 01:10:02,310 ERROR 'charmap' codec can't encode characters in position 0-1: character maps to <undefined>
2026-01-07 01:10:12,310 INFO Bot started
2026-01-07 01:10:13,194 ERROR $TATAMOTORS.NS: possibly delisted; no price data found  (period=25y) (Yahoo error = "No data found, symbol may be delisted")
2026-01-07 01:10:18,094 ERROR $ZOMATO.NS: possibly delisted; no price data found  (period=25y) (Yahoo error = "No data found, symbol may be delisted")
2026-01-07 01:10:18,754 ERROR 
2 Failed downloads:
2026-01-07 01:10:18,754 ERROR ['TATAMOTORS.NS', 'ZOMATO.NS']: possibly delisted; no price data found  (period=25y) (Yahoo error = "No data found, symbol may be delisted")
2026-01-07 01:10:20,397 ERROR 'charmap' codec can't encode characters in position 0-1: character maps to <undefined>
2026-01-07 01:10:30,398 INFO Bot started
2026-01-07 01:10:31,335 ERROR $TATAMOTORS.NS: possibly delisted; no price data found  (period=25y) (Yahoo error = "No data found, symbol may be delisted")
2026-01-07 01:10:35,919 ERROR $ZOMATO.NS: possibly delisted; no price data found  (period=25y) (Yahoo error = "No data found, symbol may be delisted")
2026-01-07 01:10:36,723 ERROR 
2 Failed downloads:
2026-01-07 01:10:36,723 ERROR ['TATAMOTORS.NS', 'ZOMATO.NS']: possibly delisted; no price data found  (period=25y) (Yahoo error = "No data found, symbol may be delisted")
2026-01-07 01:10:38,215 ERROR 'charmap' codec can't encode characters in position 0-1: character maps to <undefined>
2026-01-07 01:10:48,216 INFO Bot started
2026-01-07 01:10:49,695 ERROR $TATAMOTORS.NS: possibly delisted; no price data found  (period=25y) (Yahoo error = "No data found, symbol may be delisted")
2026-01-07 01:10:55,705 ERROR $ZOMATO.NS: possibly delisted; no price data found  (period=25y) (Yahoo error = "No data found, symbol may be delisted")
2026-01-07 01:10:56,673 ERROR 
2 Failed downloads:
2026-01-07 01:10:56,673 ERROR ['TATAMOTORS.NS', 'ZOMATO.NS']: possibly delisted; no price data found  (period=25y) (Yahoo error = "No data found, symbol may be delisted")
2026-01-07 01:10:58,122 ERROR 'charmap' codec can't encode characters in position 0-1: character maps to <undefined>
2026-01-07 01:11:08,123 INFO Bot started
2026-01-07 01:11:09,677 ERROR $TATAMOTORS.NS: possibly delisted; no price data found  (period=25y) (Yahoo error = "No data found, symbol may be delisted")
2026-01-07 01:11:15,710 ERROR $ZOMATO.NS: possibly delisted; no price data found  (period=25y) (Yahoo error = "No data found, symbol may be delisted")
2026-01-07 01:11:16,717 ERROR 
2 Failed downloads:
2026-01-07 01:11:16,717 ERROR ['TATAMOTORS.NS', 'ZOMATO.NS']: possibly delisted; no price data found  (period=25y) (Yahoo error = "No data found, symbol may be delisted")
2026-01-07 01:11:18,764 ERROR 'charmap' codec can't encode characters in position 0-1: character maps to <undefined>
2026-01-07 01:11:28,765 INFO Bot started
2026-01-07 01:11:30,156 ERROR $TATAMOTORS.NS: possibly delisted; no price data found  (period=25y) (Yahoo error = "No data found, symbol may be delisted")
2026-01-07 01:11:36,725 ERROR $ZOMATO.NS: possibly delisted; no price data found  (period=25y) (Yahoo error = "No data found, symbol may be delisted")
2026-01-07 01:11:37,699 ERROR 
2 Failed downloads:
2026-01-07 01:11:37,699 ERROR ['TATAMOTORS.NS', 'ZOMATO.NS']: possibly delisted; no price data found  (period=25y) (Yahoo error = "No data found, symbol may be delisted")
2026-01-07 01:11:39,409 ERROR 'charmap' codec can't encode characters in position 0-1: character maps to <undefined>
2026-01-07 01:11:49,411 INFO Bot started
2026-01-07 01:11:51,047 ERROR $TATAMOTORS.NS: possibly delisted; no price data found  (period=25y) (Yahoo error = "No data found, symbol may be delisted")
2026-01-07 01:11:57,347 ERROR $ZOMATO.NS: possibly delisted; no price data found  (period=25y) (Yahoo error = "No data found, symbol may be delisted")
2026-01-07 01:11:58,160 ERROR 
2 Failed downloads:
2026-01-07 01:11:58,160 ERROR ['TATAMOTORS.NS', 'ZOMATO.NS']: possibly delisted; no price data found  (period=25y) (Yahoo error = "No data found, symbol may be delisted")
2026-01-07 01:11:59,736 ERROR 'charmap' codec can't encode characters in position 0-1: character maps to <undefined>
2026-01-07 01:12:09,737 INFO Bot started
2026-01-07 01:12:11,115 ERROR $TATAMOTORS.NS: possibly delisted; no price data found  (period=25y) (Yahoo error = "No data found, symbol may be delisted")
2026-01-07 01:12:18,917 ERROR $ZOMATO.NS: possibly delisted; no price data found  (period=25y) (Yahoo error = "No data found, symbol may be delisted")
2026-01-07 01:12:19,896 ERROR 
2 Failed downloads:
2026-01-07 01:12:19,896 ERROR ['TATAMOTORS.NS', 'ZOMATO.NS']: possibly delisted; no price data found  (period=25y) (Yahoo error = "No data found, symbol may be delisted")
2026-01-07 01:12:21,683 ERROR 'charmap' codec can't encode characters in position 0-1: character maps to <undefined>
2026-01-07 01:12:31,684 INFO Bot started
2026-01-07 01:12:32,860 ERROR $TATAMOTORS.NS: possibly delisted; no price data found  (period=25y) (Yahoo error = "No data found, symbol may be delisted")
2026-01-07 01:12:37,452 ERROR $ZOMATO.NS: possibly delisted; no price data found  (period=25y) (Yahoo error = "No data found, symbol may be delisted")
2026-01-07 01:12:38,129 ERROR 
2 Failed downloads:
2026-01-07 01:12:38,129 ERROR ['TATAMOTORS.NS', 'ZOMATO.NS']: possibly delisted; no price data found  (period=25y) (Yahoo error = "No data found, symbol may be delisted")
2026-01-07 01:12:40,160 ERROR 'charmap' codec can't encode characters in position 0-1: character maps to <undefined>
2026-01-07 01:12:50,162 INFO Bot started
2026-01-07 01:12:50,961 ERROR $TATAMOTORS.NS: possibly delisted; no price data found  (period=25y) (Yahoo error = "No data found, symbol may be delisted")
2026-01-07 01:12:56,382 ERROR $ZOMATO.NS: possibly delisted; no price data found  (period=25y) (Yahoo error = "No data found, symbol may be delisted")
2026-01-07 01:12:57,241 ERROR 
2 Failed downloads:
2026-01-07 01:12:57,241 ERROR ['TATAMOTORS.NS', 'ZOMATO.NS']: possibly delisted; no price data found  (period=25y) (Yahoo error = "No data found, symbol may be delisted")
2026-01-07 01:12:59,601 ERROR 'charmap' codec can't encode characters in position 0-1: character maps to <undefined>
2026-01-07 01:13:09,602 INFO Bot started
2026-01-07 01:13:10,365 ERROR $TATAMOTORS.NS: possibly delisted; no price data found  (period=25y) (Yahoo error = "No data found, symbol may be delisted")
2026-01-07 01:13:19,049 ERROR $ZOMATO.NS: possibly delisted; no price data found  (period=25y) (Yahoo error = "No data found, symbol may be delisted")
2026-01-07 01:13:19,468 ERROR 
2 Failed downloads:
2026-01-07 01:13:19,468 ERROR ['TATAMOTORS.NS', 'ZOMATO.NS']: possibly delisted; no price data found  (period=25y) (Yahoo error = "No data found, symbol may be delisted")
2026-01-07 01:13:21,365 ERROR 'charmap' codec can't encode characters in position 0-1: character maps to <undefined>
2026-01-07 01:13:31,366 INFO Bot started
2026-01-07 01:13:32,628 ERROR $TATAMOTORS.NS: possibly delisted; no price data found  (period=25y) (Yahoo error = "No data found, symbol may be delisted")
2026-01-07 01:13:41,435 ERROR $ZOMATO.NS: possibly delisted; no price data found  (period=25y) (Yahoo error = "No data found, symbol may be delisted")
2026-01-07 01:13:42,634 ERROR 
2 Failed downloads:
2026-01-07 01:13:42,743 ERROR ['TATAMOTORS.NS', 'ZOMATO.NS']: possibly delisted; no price data found  (period=25y) (Yahoo error = "No data found, symbol may be delisted")
2026-01-07 01:13:45,068 ERROR 'charmap' codec can't encode characters in position 0-1: character maps to <undefined>
2026-01-07 01:13:55,069 INFO Bot started
2026-01-07 01:13:56,593 ERROR $TATAMOTORS.NS: possibly delisted; no price data found  (period=25y) (Yahoo error = "No data found, symbol may be delisted")
2026-01-07 01:14:04,852 ERROR $ZOMATO.NS: possibly delisted; no price data found  (period=25y) (Yahoo error = "No data found, symbol may be delisted")
2026-01-07 01:14:06,192 ERROR 
2 Failed downloads:
2026-01-07 01:14:06,192 ERROR ['TATAMOTORS.NS', 'ZOMATO.NS']: possibly delisted; no price data found  (period=25y) (Yahoo error = "No data found, symbol may be delisted")
2026-01-07 01:14:07,836 ERROR 'charmap' codec can't encode characters in position 0-1: character maps to <undefined>
2026-01-07 01:14:17,836 INFO Bot started
2026-01-07 01:14:19,062 ERROR $TATAMOTORS.NS: possibly delisted; no price data found  (period=25y) (Yahoo error = "No data found, symbol may be delisted")
2026-01-07 01:14:26,073 ERROR $ZOMATO.NS: possibly delisted; no price data found  (period=25y) (Yahoo error = "No data found, symbol may be delisted")
2026-01-07 01:14:27,288 ERROR 
2 Failed downloads:
2026-01-07 01:14:27,288 ERROR ['TATAMOTORS.NS', 'ZOMATO.NS']: possibly delisted; no price data found  (period=25y) (Yahoo error = "No data found, symbol may be delisted")
2026-01-07 01:14:28,951 ERROR 'charmap' codec can't encode characters in position 0-1: character maps to <undefined>
2026-01-07 01:14:38,951 INFO Bot started
2026-01-07 01:14:40,017 ERROR $TATAMOTORS.NS: possibly delisted; no price data found  (period=25y) (Yahoo error = "No data found, symbol may be delisted")
2026-01-07 01:14:46,584 ERROR $ZOMATO.NS: possibly delisted; no price data found  (period=25y) (Yahoo error = "No data found, symbol may be delisted")
2026-01-07 01:14:47,376 ERROR 
2 Failed downloads:
2026-01-07 01:14:47,376 ERROR ['TATAMOTORS.NS', 'ZOMATO.NS']: possibly delisted; no price data found  (period=25y) (Yahoo error = "No data found, symbol may be delisted")
2026-01-07 01:14:49,133 ERROR 'charmap' codec can't encode characters in position 0-1: character maps to <undefined>
2026-01-07 01:14:59,134 INFO Bot started
2026-01-07 01:15:00,286 ERROR $TATAMOTORS.NS: possibly delisted; no price data found  (period=25y) (Yahoo error = "No data found, symbol may be delisted")
2026-01-07 01:15:06,379 ERROR $ZOMATO.NS: possibly delisted; no price data found  (period=25y) (Yahoo error = "No data found, symbol may be delisted")
2026-01-07 01:15:07,162 ERROR 
2 Failed downloads:
2026-01-07 01:15:07,162 ERROR ['TATAMOTORS.NS', 'ZOMATO.NS']: possibly delisted; no price data found  (period=25y) (Yahoo error = "No data found, symbol may be delisted")
2026-01-07 01:15:08,685 ERROR 'charmap' codec can't encode characters in position 0-1: character maps to <undefined>
2026-01-07 01:15:18,685 INFO Bot started
2026-01-07 01:15:19,756 ERROR $TATAMOTORS.NS: possibly delisted; no price data found  (period=25y) (Yahoo error = "No data found, symbol may be delisted")
2026-01-07 01:15:29,110 ERROR $ZOMATO.NS: possibly delisted; no price data found  (period=25y) (Yahoo error = "No data found, symbol may be delisted")
2026-01-07 01:15:30,790 ERROR 
2 Failed downloads:
2026-01-07 01:15:30,790 ERROR ['TATAMOTORS.NS', 'ZOMATO.NS']: possibly delisted; no price data found  (period=25y) (Yahoo error = "No data found, symbol may be delisted")
2026-01-07 01:15:33,311 ERROR 'charmap' codec can't encode characters in position 0-1: character maps to <undefined>
2026-01-07 01:15:43,312 INFO Bot started
2026-01-07 01:15:44,657 ERROR $TATAMOTORS.NS: possibly delisted; no price data found  (period=25y) (Yahoo error = "No data found, symbol may be delisted")
2026-01-07 01:15:52,032 ERROR $ZOMATO.NS: possibly delisted; no price data found  (period=25y) (Yahoo error = "No data found, symbol may be delisted")
2026-01-07 01:15:53,355 ERROR 
2 Failed downloads:
2026-01-07 01:15:53,355 ERROR ['TATAMOTORS.NS', 'ZOMATO.NS']: possibly delisted; no price data found  (period=25y) (Yahoo error = "No data found, symbol may be delisted")
2026-01-07 01:15:55,235 ERROR 'charmap' codec can't encode characters in position 0-1: character maps to <undefined>
2026-01-07 01:16:05,236 INFO Bot started
2026-01-07 01:16:06,158 ERROR $TATAMOTORS.NS: possibly delisted; no price data found  (period=25y) (Yahoo error = "No data found, symbol may be delisted")
2026-01-07 01:16:13,326 ERROR $ZOMATO.NS: possibly delisted; no price data found  (period=25y) (Yahoo error = "No data found, symbol may be delisted")
2026-01-07 01:16:14,977 ERROR 
2 Failed downloads:
2026-01-07 01:16:14,977 ERROR ['TATAMOTORS.NS', 'ZOMATO.NS']: possibly delisted; no price data found  (period=25y) (Yahoo error = "No data found, symbol may be delisted")
2026-01-07 01:16:16,885 ERROR 'charmap' codec can't encode characters in position 0-1: character maps to <undefined>
2026-01-07 01:16:26,886 INFO Bot started
2026-01-07 01:16:28,088 ERROR $TATAMOTORS.NS: possibly delisted; no price data found  (period=25y) (Yahoo error = "No data found, symbol may be delisted")
2026-01-07 01:16:35,453 ERROR $ZOMATO.NS: possibly delisted; no price data found  (period=25y) (Yahoo error = "No data found, symbol may be delisted")
2026-01-07 01:16:36,514 ERROR 
2 Failed downloads:
2026-01-07 01:16:36,514 ERROR ['TATAMOTORS.NS', 'ZOMATO.NS']: possibly delisted; no price data found  (period=25y) (Yahoo error = "No data found, symbol may be delisted")
2026-01-07 01:16:38,296 ERROR 'charmap' codec can't encode characters in position 0-1: character maps to <undefined>
2026-01-07 01:16:48,297 INFO Bot started
2026-01-07 01:16:49,417 ERROR $TATAMOTORS.NS: possibly delisted; no price data found  (period=25y) (Yahoo error = "No data found, symbol may be delisted")
2026-01-07 01:16:56,428 ERROR $ZOMATO.NS: possibly delisted; no price data found  (period=25y) (Yahoo error = "No data found, symbol may be delisted")
2026-01-07 01:16:57,574 ERROR 
2 Failed downloads:
2026-01-07 01:16:57,574 ERROR ['TATAMOTORS.NS', 'ZOMATO.NS']: possibly delisted; no price data found  (period=25y) (Yahoo error = "No data found, symbol may be delisted")
2026-01-07 01:16:59,187 ERROR 'charmap' codec can't encode characters in position 0-1: character maps to <undefined>
2026-01-07 01:17:09,188 INFO Bot started
2026-01-07 01:17:10,510 ERROR $TATAMOTORS.NS: possibly delisted; no price data found  (period=25y) (Yahoo error = "No data found, symbol may be delisted")
2026-01-07 01:17:18,316 ERROR $ZOMATO.NS: possibly delisted; no price data found  (period=25y) (Yahoo error = "No data found, symbol may be delisted")
2026-01-07 01:17:19,856 ERROR 
2 Failed downloads:
2026-01-07 01:17:19,856 ERROR ['TATAMOTORS.NS', 'ZOMATO.NS']: possibly delisted; no price data found  (period=25y) (Yahoo error = "No data found, symbol may be delisted")
2026-01-07 01:17:21,703 ERROR 'charmap' codec can't encode characters in position 0-1: character maps to <undefined>
2026-01-07 01:17:31,703 INFO Bot started
2026-01-07 01:17:33,208 ERROR $TATAMOTORS.NS: possibly delisted; no price data found  (period=25y) (Yahoo error = "No data found, symbol may be delisted")
2026-01-07 01:17:39,205 ERROR $ZOMATO.NS: possibly delisted; no price data found  (period=25y) (Yahoo error = "No data found, symbol may be delisted")
2026-01-07 01:17:40,605 ERROR 
2 Failed downloads:
2026-01-07 01:17:40,605 ERROR ['TATAMOTORS.NS', 'ZOMATO.NS']: possibly delisted; no price data found  (period=25y) (Yahoo error = "No data found, symbol may be delisted")
2026-01-07 01:17:42,365 ERROR 'charmap' codec can't encode characters in position 0-1: character maps to <undefined>
2026-01-07 01:17:52,366 INFO Bot started
2026-01-07 01:17:53,815 ERROR $TATAMOTORS.NS: possibly delisted; no price data found  (period=25y) (Yahoo error = "No data found, symbol may be delisted")
2026-01-07 01:18:00,963 ERROR $ZOMATO.NS: possibly delisted; no price data found  (period=25y) (Yahoo error = "No data found, symbol may be delisted")
2026-01-07 01:18:01,837 ERROR 
2 Failed downloads:
2026-01-07 01:18:01,837 ERROR ['TATAMOTORS.NS', 'ZOMATO.NS']: possibly delisted; no price data found  (period=25y) (Yahoo error = "No data found, symbol may be delisted")
2026-01-07 01:18:03,263 ERROR 'charmap' codec can't encode characters in position 0-1: character maps to <undefined>
2026-01-07 01:18:13,264 INFO Bot started
2026-01-07 01:18:14,645 ERROR $TATAMOTORS.NS: possibly delisted; no price data found  (period=25y) (Yahoo error = "No data found, symbol may be delisted")
2026-01-07 01:18:21,778 ERROR $ZOMATO.NS: possibly delisted; no price data found  (period=25y) (Yahoo error = "No data found, symbol may be delisted")
2026-01-07 01:18:23,522 ERROR 
2 Failed downloads:
2026-01-07 01:18:23,522 ERROR ['TATAMOTORS.NS', 'ZOMATO.NS']: possibly delisted; no price data found  (period=25y) (Yahoo error = "No data found, symbol may be delisted")
2026-01-07 01:18:25,043 ERROR 'charmap' codec can't encode characters in position 0-1: character maps to <undefined>
2026-01-07 01:18:35,044 INFO Bot started
2026-01-07 01:18:36,593 ERROR $TATAMOTORS.NS: possibly delisted; no price data found  (period=25y) (Yahoo error = "No data found, symbol may be delisted")
2026-01-07 01:18:44,697 ERROR $ZOMATO.NS: possibly delisted; no price data found  (period=25y) (Yahoo error = "No data found, symbol may be delisted")
2026-01-07 01:18:45,884 ERROR 
2 Failed downloads:
2026-01-07 01:18:45,884 ERROR ['TATAMOTORS.NS', 'ZOMATO.NS']: possibly delisted; no price data found  (period=25y) (Yahoo error = "No data found, symbol may be delisted")
2026-01-07 01:18:47,835 ERROR 'charmap' codec can't encode characters in position 0-1: character maps to <undefined>
2026-01-07 01:18:57,836 INFO Bot started
2026-01-07 01:18:58,714 ERROR $TATAMOTORS.NS: possibly delisted; no price data found  (period=25y) (Yahoo error = "No data found, symbol may be delisted")
2026-01-07 01:19:03,559 ERROR $ZOMATO.NS: possibly delisted; no price data found  (period=25y) (Yahoo error = "No data found, symbol may be delisted")
2026-01-07 01:19:04,217 ERROR 
2 Failed downloads:
2026-01-07 01:19:04,217 ERROR ['TATAMOTORS.NS', 'ZOMATO.NS']: possibly delisted; no price data found  (period=25y) (Yahoo error = "No data found, symbol may be delisted")
2026-01-07 01:19:05,976 ERROR 'charmap' codec can't encode characters in position 0-1: character maps to <undefined>
2026-01-07 01:19:15,976 INFO Bot started
2026-01-07 01:19:17,209 ERROR $TATAMOTORS.NS: possibly delisted; no price data found  (period=25y) (Yahoo error = "No data found, symbol may be delisted")
2026-01-07 01:19:22,067 ERROR $ZOMATO.NS: possibly delisted; no price data found  (period=25y) (Yahoo error = "No data found, symbol may be delisted")
2026-01-07 01:19:22,727 ERROR 
2 Failed downloads:
2026-01-07 01:19:22,727 ERROR ['TATAMOTORS.NS', 'ZOMATO.NS']: possibly delisted; no price data found  (period=25y) (Yahoo error = "No data found, symbol may be delisted")
2026-01-07 01:19:24,662 ERROR 'charmap' codec can't encode characters in position 0-1: character maps to <undefined>
2026-01-07 01:19:34,663 INFO Bot started
2026-01-07 01:19:35,821 ERROR $TATAMOTORS.NS: possibly delisted; no price data found  (period=25y) (Yahoo error = "No data found, symbol may be delisted")
2026-01-07 01:19:40,962 ERROR $ZOMATO.NS: possibly delisted; no price data found  (period=25y) (Yahoo error = "No data found, symbol may be delisted")
2026-01-07 01:19:41,569 ERROR 
2 Failed downloads:
2026-01-07 01:19:41,569 ERROR ['TATAMOTORS.NS', 'ZOMATO.NS']: possibly delisted; no price data found  (period=25y) (Yahoo error = "No data found, symbol may be delisted")
2026-01-07 01:19:43,005 ERROR 'charmap' codec can't encode characters in position 0-1: character maps to <undefined>
2026-01-07 01:19:53,006 INFO Bot started
2026-01-07 01:19:54,005 ERROR $TATAMOTORS.NS: possibly delisted; no price data found  (period=25y) (Yahoo error = "No data found, symbol may be delisted")
2026-01-07 01:19:59,199 ERROR $ZOMATO.NS: possibly delisted; no price data found  (period=25y) (Yahoo error = "No data found, symbol may be delisted")
2026-01-07 01:20:01,030 ERROR 
2 Failed downloads:
2026-01-07 01:20:01,030 ERROR ['TATAMOTORS.NS', 'ZOMATO.NS']: possibly delisted; no price data found  (period=25y) (Yahoo error = "No data found, symbol may be delisted")
2026-01-07 01:20:02,948 ERROR 'charmap' codec can't encode characters in position 0-1: character maps to <undefined>
2026-01-07 01:20:12,948 INFO Bot started
2026-01-07 01:20:13,856 ERROR $TATAMOTORS.NS: possibly delisted; no price data found  (period=25y) (Yahoo error = "No data found, symbol may be delisted")
2026-01-07 01:20:20,753 ERROR $ZOMATO.NS: possibly delisted; no price data found  (period=25y) (Yahoo error = "No data found, symbol may be delisted")
2026-01-07 01:20:22,818 ERROR 
2 Failed downloads:
2026-01-07 01:20:22,818 ERROR ['TATAMOTORS.NS', 'ZOMATO.NS']: possibly delisted; no price data found  (period=25y) (Yahoo error = "No data found, symbol may be delisted")
2026-01-07 01:20:26,391 ERROR 'charmap' codec can't encode characters in position 0-1: character maps to <undefined>
2026-01-07 01:20:36,393 INFO Bot started
2026-01-07 01:20:37,788 ERROR $TATAMOTORS.NS: possibly delisted; no price data found  (period=25y) (Yahoo error = "No data found, symbol may be delisted")
2026-01-07 01:20:43,828 ERROR $ZOMATO.NS: possibly delisted; no price data found  (period=25y) (Yahoo error = "No data found, symbol may be delisted")
2026-01-07 01:20:44,836 ERROR 
2 Failed downloads:
2026-01-07 01:20:44,836 ERROR ['TATAMOTORS.NS', 'ZOMATO.NS']: possibly delisted; no price data found  (period=25y) (Yahoo error = "No data found, symbol may be delisted")
2026-01-07 01:20:47,040 ERROR 'charmap' codec can't encode characters in position 0-1: character maps to <undefined>
2026-01-07 01:20:57,041 INFO Bot started
2026-01-07 01:20:58,473 ERROR $TATAMOTORS.NS: possibly delisted; no price data found  (period=25y) (Yahoo error = "No data found, symbol may be delisted")
2026-01-07 01:21:05,721 ERROR $ZOMATO.NS: possibly delisted; no price data found  (period=25y) (Yahoo error = "No data found, symbol may be delisted")
2026-01-07 01:21:07,261 ERROR 
2 Failed downloads:
2026-01-07 01:21:07,262 ERROR ['TATAMOTORS.NS', 'ZOMATO.NS']: possibly delisted; no price data found  (period=25y) (Yahoo error = "No data found, symbol may be delisted")
2026-01-07 01:21:08,800 ERROR 'charmap' codec can't encode characters in position 0-1: character maps to <undefined>
2026-01-07 01:21:18,801 INFO Bot started
2026-01-07 01:21:20,183 ERROR $TATAMOTORS.NS: possibly delisted; no price data found  (period=25y) (Yahoo error = "No data found, symbol may be delisted")
2026-01-07 01:21:28,046 ERROR $ZOMATO.NS: possibly delisted; no price data found  (period=25y) (Yahoo error = "No data found, symbol may be delisted")
2026-01-07 01:21:29,430 ERROR 
2 Failed downloads:
2026-01-07 01:21:29,430 ERROR ['TATAMOTORS.NS', 'ZOMATO.NS']: possibly delisted; no price data found  (period=25y) (Yahoo error = "No data found, symbol may be delisted")
2026-01-07 01:21:31,020 ERROR 'charmap' codec can't encode characters in position 0-1: character maps to <undefined>
2026-01-07 01:21:41,021 INFO Bot started
2026-01-07 01:21:42,365 ERROR $TATAMOTORS.NS: possibly delisted; no price data found  (period=25y) (Yahoo error = "No data found, symbol may be delisted")
2026-01-07 01:21:50,285 ERROR $ZOMATO.NS: possibly delisted; no price data found  (period=25y) (Yahoo error = "No data found, symbol may be delisted")
2026-01-07 01:21:52,028 ERROR 
2 Failed downloads:
2026-01-07 01:21:52,028 ERROR ['TATAMOTORS.NS', 'ZOMATO.NS']: possibly delisted; no price data found  (period=25y) (Yahoo error = "No data found, symbol may be delisted")
2026-01-07 01:21:53,438 ERROR 'charmap' codec can't encode characters in position 0-1: character maps to <undefined>
2026-01-07 01:22:03,439 INFO Bot started
2026-01-07 01:22:04,894 ERROR $TATAMOTORS.NS: possibly delisted; no price data found  (period=25y) (Yahoo error = "No data found, symbol may be delisted")
2026-01-07 01:22:13,169 ERROR $ZOMATO.NS: possibly delisted; no price data found  (period=25y) (Yahoo error = "No data found, symbol may be delisted")
2026-01-07 01:22:14,902 ERROR 
2 Failed downloads:
2026-01-07 01:22:14,902 ERROR ['TATAMOTORS.NS', 'ZOMATO.NS']: possibly delisted; no price data found  (period=25y) (Yahoo error = "No data found, symbol may be delisted")
2026-01-07 01:22:16,532 ERROR 'charmap' codec can't encode characters in position 0-1: character maps to <undefined>
2026-01-07 01:22:26,532 INFO Bot started
2026-01-07 01:22:27,776 ERROR $TATAMOTORS.NS: possibly delisted; no price data found  (period=25y) (Yahoo error = "No data found, symbol may be delisted")
2026-01-07 01:22:36,444 ERROR $ZOMATO.NS: possibly delisted; no price data found  (period=25y) (Yahoo error = "No data found, symbol may be delisted")
2026-01-07 01:22:37,582 ERROR 
2 Failed downloads:
2026-01-07 01:22:37,582 ERROR ['TATAMOTORS.NS', 'ZOMATO.NS']: possibly delisted; no price data found  (period=25y) (Yahoo error = "No data found, symbol may be delisted")
2026-01-07 01:22:39,279 ERROR 'charmap' codec can't encode characters in position 0-1: character maps to <undefined>
2026-01-07 01:22:49,280 INFO Bot started
2026-01-07 01:22:50,408 ERROR $TATAMOTORS.NS: possibly delisted; no price data found  (period=25y) (Yahoo error = "No data found, symbol may be delisted")
2026-01-07 01:22:58,276 ERROR $ZOMATO.NS: possibly delisted; no price data found  (period=25y) (Yahoo error = "No data found, symbol may be delisted")
2026-01-07 01:22:59,423 ERROR 
2 Failed downloads:
2026-01-07 01:22:59,423 ERROR ['TATAMOTORS.NS', 'ZOMATO.NS']: possibly delisted; no price data found  (period=25y) (Yahoo error = "No data found, symbol may be delisted")
2026-01-07 01:23:00,837 ERROR 'charmap' codec can't encode characters in position 0-1: character maps to <undefined>
2026-01-07 01:23:10,837 INFO Bot started
2026-01-07 01:23:11,978 ERROR $TATAMOTORS.NS: possibly delisted; no price data found  (period=25y) (Yahoo error = "No data found, symbol may be delisted")
2026-01-07 01:23:19,733 ERROR $ZOMATO.NS: possibly delisted; no price data found  (period=25y) (Yahoo error = "No data found, symbol may be delisted")
2026-01-07 01:23:21,190 ERROR 
2 Failed downloads:
2026-01-07 01:23:21,190 ERROR ['TATAMOTORS.NS', 'ZOMATO.NS']: possibly delisted; no price data found  (period=25y) (Yahoo error = "No data found, symbol may be delisted")
2026-01-07 01:23:22,724 ERROR 'charmap' codec can't encode characters in position 0-1: character maps to <undefined>
2026-01-07 01:23:32,724 INFO Bot started
2026-01-07 01:23:33,600 ERROR $TATAMOTORS.NS: possibly delisted; no price data found  (period=25y) (Yahoo error = "No data found, symbol may be delisted")
2026-01-07 01:23:40,978 ERROR $ZOMATO.NS: possibly delisted; no price data found  (period=25y) (Yahoo error = "No data found, symbol may be delisted")
2026-01-07 01:23:42,255 ERROR 
2 Failed downloads:
2026-01-07 01:23:42,255 ERROR ['TATAMOTORS.NS', 'ZOMATO.NS']: possibly delisted; no price data found  (period=25y) (Yahoo error = "No data found, symbol may be delisted")
2026-01-07 01:23:43,923 ERROR 'charmap' codec can't encode characters in position 0-1: character maps to <undefined>
2026-01-07 01:23:53,924 INFO Bot started
2026-01-07 01:23:55,042 ERROR $TATAMOTORS.NS: possibly delisted; no price data found  (period=25y) (Yahoo error = "No data found, symbol may be delisted")
2026-01-07 01:24:02,465 ERROR $ZOMATO.NS: possibly delisted; no price data found  (period=25y) (Yahoo error = "No data found, symbol may be delisted")
2026-01-07 01:24:03,723 ERROR 
2 Failed downloads:
2026-01-07 01:24:03,723 ERROR ['TATAMOTORS.NS', 'ZOMATO.NS']: possibly delisted; no price data found  (period=25y) (Yahoo error = "No data found, symbol may be delisted")
2026-01-07 01:24:05,402 ERROR 'charmap' codec can't encode characters in position 0-1: character maps to <undefined>
2026-01-07 01:24:15,402 INFO Bot started
2026-01-07 01:24:16,922 ERROR $TATAMOTORS.NS: possibly delisted; no price data found  (period=25y) (Yahoo error = "No data found, symbol may be delisted")
2026-01-07 01:24:24,178 ERROR $ZOMATO.NS: possibly delisted; no price data found  (period=25y) (Yahoo error = "No data found, symbol may be delisted")
2026-01-07 01:24:25,216 ERROR 
2 Failed downloads:
2026-01-07 01:24:25,216 ERROR ['TATAMOTORS.NS', 'ZOMATO.NS']: possibly delisted; no price data found  (period=25y) (Yahoo error = "No data found, symbol may be delisted")
2026-01-07 01:24:26,845 ERROR 'charmap' codec can't encode characters in position 0-1: character maps to <undefined>
2026-01-07 01:24:36,845 INFO Bot started
2026-01-07 01:24:38,070 ERROR $TATAMOTORS.NS: possibly delisted; no price data found  (period=25y) (Yahoo error = "No data found, symbol may be delisted")
2026-01-07 01:24:45,793 ERROR $ZOMATO.NS: possibly delisted; no price data found  (period=25y) (Yahoo error = "No data found, symbol may be delisted")
2026-01-07 01:24:46,487 ERROR 
2 Failed downloads:
2026-01-07 01:24:46,487 ERROR ['TATAMOTORS.NS', 'ZOMATO.NS']: possibly delisted; no price data found  (period=25y) (Yahoo error = "No data found, symbol may be delisted")
2026-01-07 01:24:48,014 ERROR 'charmap' codec can't encode characters in position 0-1: character maps to <undefined>
2026-01-07 01:24:58,015 INFO Bot started
2026-01-07 01:24:59,194 ERROR $TATAMOTORS.NS: possibly delisted; no price data found  (period=25y) (Yahoo error = "No data found, symbol may be delisted")
2026-01-07 01:25:04,358 ERROR $ZOMATO.NS: possibly delisted; no price data found  (period=25y) (Yahoo error = "No data found, symbol may be delisted")
2026-01-07 01:25:05,034 ERROR 
2 Failed downloads:
2026-01-07 01:25:05,034 ERROR ['TATAMOTORS.NS', 'ZOMATO.NS']: possibly delisted; no price data found  (period=25y) (Yahoo error = "No data found, symbol may be delisted")
2026-01-07 01:25:07,335 ERROR 'charmap' codec can't encode characters in position 0-1: character maps to <undefined>
2026-01-07 01:25:17,335 INFO Bot started
2026-01-07 01:25:18,164 ERROR $TATAMOTORS.NS: possibly delisted; no price data found  (period=25y) (Yahoo error = "No data found, symbol may be delisted")
2026-01-07 01:25:24,036 ERROR $ZOMATO.NS: possibly delisted; no price data found  (period=25y) (Yahoo error = "No data found, symbol may be delisted")
2026-01-07 01:25:24,739 ERROR 
2 Failed downloads:
2026-01-07 01:25:24,739 ERROR ['TATAMOTORS.NS', 'ZOMATO.NS']: possibly delisted; no price data found  (period=25y) (Yahoo error = "No data found, symbol may be delisted")
2026-01-07 01:25:26,793 ERROR 'charmap' codec can't encode characters in position 0-1: character maps to <undefined>
2026-01-07 01:25:36,794 INFO Bot started
2026-01-07 01:25:37,834 ERROR $TATAMOTORS.NS: possibly delisted; no price data found  (period=25y) (Yahoo error = "No data found, symbol may be delisted")
2026-01-07 01:25:42,647 ERROR $ZOMATO.NS: possibly delisted; no price data found  (period=25y) (Yahoo error = "No data found, symbol may be delisted")
2026-01-07 01:25:43,301 ERROR 
2 Failed downloads:
2026-01-07 01:25:43,301 ERROR ['TATAMOTORS.NS', 'ZOMATO.NS']: possibly delisted; no price data found  (period=25y) (Yahoo error = "No data found, symbol may be delisted")
2026-01-07 01:25:45,059 ERROR 'charmap' codec can't encode characters in position 0-1: character maps to <undefined>
2026-01-07 01:25:55,060 INFO Bot started
2026-01-07 01:25:55,993 ERROR $TATAMOTORS.NS: possibly delisted; no price data found  (period=25y) (Yahoo error = "No data found, symbol may be delisted")
2026-01-07 01:26:00,562 ERROR $ZOMATO.NS: possibly delisted; no price data found  (period=25y) (Yahoo error = "No data found, symbol may be delisted")
2026-01-07 01:26:01,245 ERROR 
2 Failed downloads:
2026-01-07 01:26:01,245 ERROR ['TATAMOTORS.NS', 'ZOMATO.NS']: possibly delisted; no price data found  (period=25y) (Yahoo error = "No data found, symbol may be delisted")
2026-01-07 01:26:03,052 ERROR 'charmap' codec can't encode characters in position 0-1: character maps to <undefined>
2026-01-07 01:26:13,053 INFO Bot started
2026-01-07 01:26:14,072 ERROR $TATAMOTORS.NS: possibly delisted; no price data found  (period=25y) (Yahoo error = "No data found, symbol may be delisted")
2026-01-07 01:26:18,931 ERROR $ZOMATO.NS: possibly delisted; no price data found  (period=25y) (Yahoo error = "No data found, symbol may be delisted")
2026-01-07 01:26:19,750 ERROR 
2 Failed downloads:
2026-01-07 01:26:19,750 ERROR ['TATAMOTORS.NS', 'ZOMATO.NS']: possibly delisted; no price data found  (period=25y) (Yahoo error = "No data found, symbol may be delisted")
2026-01-07 01:26:21,424 ERROR 'charmap' codec can't encode characters in position 0-1: character maps to <undefined>
2026-01-07 01:26:31,425 INFO Bot started
2026-01-07 01:26:32,252 ERROR $TATAMOTORS.NS: possibly delisted; no price data found  (period=25y) (Yahoo error = "No data found, symbol may be delisted")
2026-01-07 01:26:37,313 ERROR $ZOMATO.NS: possibly delisted; no price data found  (period=25y) (Yahoo error = "No data found, symbol may be delisted")
2026-01-07 01:26:38,048 ERROR 
2 Failed downloads:
2026-01-07 01:26:38,048 ERROR ['TATAMOTORS.NS', 'ZOMATO.NS']: possibly delisted; no price data found  (period=25y) (Yahoo error = "No data found, symbol may be delisted")
2026-01-07 01:26:39,933 ERROR 'charmap' codec can't encode characters in position 0-1: character maps to <undefined>
2026-01-07 01:26:49,934 INFO Bot started
2026-01-07 01:26:50,862 ERROR $TATAMOTORS.NS: possibly delisted; no price data found  (period=25y) (Yahoo error = "No data found, symbol may be delisted")
2026-01-07 01:26:56,418 ERROR $ZOMATO.NS: possibly delisted; no price data found  (period=25y) (Yahoo error = "No data found, symbol may be delisted")
2026-01-07 01:26:57,362 ERROR 
2 Failed downloads:
2026-01-07 01:26:57,362 ERROR ['TATAMOTORS.NS', 'ZOMATO.NS']: possibly delisted; no price data found  (period=25y) (Yahoo error = "No data found, symbol may be delisted")
2026-01-07 01:26:59,159 ERROR 'charmap' codec can't encode characters in position 0-1: character maps to <undefined>
2026-01-07 01:27:09,159 INFO Bot started
2026-01-07 01:27:10,313 ERROR $TATAMOTORS.NS: possibly delisted; no price data found  (period=25y) (Yahoo error = "No data found, symbol may be delisted")
2026-01-07 01:27:14,941 ERROR $ZOMATO.NS: possibly delisted; no price data found  (period=25y) (Yahoo error = "No data found, symbol may be delisted")
2026-01-07 01:27:15,691 ERROR 
2 Failed downloads:
2026-01-07 01:27:15,691 ERROR ['TATAMOTORS.NS', 'ZOMATO.NS']: possibly delisted; no price data found  (period=25y) (Yahoo error = "No data found, symbol may be delisted")
2026-01-07 01:27:17,633 ERROR 'charmap' codec can't encode characters in position 0-1: character maps to <undefined>
2026-01-07 01:27:27,633 INFO Bot started
2026-01-07 01:27:28,599 ERROR $TATAMOTORS.NS: possibly delisted; no price data found  (period=25y) (Yahoo error = "No data found, symbol may be delisted")
2026-01-07 01:27:33,323 ERROR $ZOMATO.NS: possibly delisted; no price data found  (period=25y) (Yahoo error = "No data found, symbol may be delisted")
2026-01-07 01:27:34,489 ERROR 
2 Failed downloads:
2026-01-07 01:27:34,490 ERROR ['TATAMOTORS.NS', 'ZOMATO.NS']: possibly delisted; no price data found  (period=25y) (Yahoo error = "No data found, symbol may be delisted")
2026-01-07 01:27:36,106 ERROR 'charmap' codec can't encode characters in position 0-1: character maps to <undefined>
2026-01-07 01:27:46,107 INFO Bot started
2026-01-07 01:27:46,957 ERROR $TATAMOTORS.NS: possibly delisted; no price data found  (period=25y) (Yahoo error = "No data found, symbol may be delisted")
2026-01-07 01:27:52,736 ERROR $ZOMATO.NS: possibly delisted; no price data found  (period=25y) (Yahoo error = "No data found, symbol may be delisted")
2026-01-07 01:27:54,194 ERROR 
2 Failed downloads:
2026-01-07 01:27:54,194 ERROR ['TATAMOTORS.NS', 'ZOMATO.NS']: possibly delisted; no price data found  (period=25y) (Yahoo error = "No data found, symbol may be delisted")
2026-01-07 01:27:55,783 ERROR 'charmap' codec can't encode characters in position 0-1: character maps to <undefined>
2026-01-07 01:28:05,784 INFO Bot started
2026-01-07 01:28:07,052 ERROR $TATAMOTORS.NS: possibly delisted; no price data found  (period=25y) (Yahoo error = "No data found, symbol may be delisted")
2026-01-07 01:28:13,400 ERROR $ZOMATO.NS: possibly delisted; no price data found  (period=25y) (Yahoo error = "No data found, symbol may be delisted")
2026-01-07 01:28:14,495 ERROR 
2 Failed downloads:
2026-01-07 01:28:14,495 ERROR ['TATAMOTORS.NS', 'ZOMATO.NS']: possibly delisted; no price data found  (period=25y) (Yahoo error = "No data found, symbol may be delisted")
2026-01-07 01:28:16,166 ERROR 'charmap' codec can't encode characters in position 0-1: character maps to <undefined>
2026-01-07 01:28:26,167 INFO Bot started
2026-01-07 01:28:27,627 ERROR $TATAMOTORS.NS: possibly delisted; no price data found  (period=25y) (Yahoo error = "No data found, symbol may be delisted")
2026-01-07 01:28:35,208 ERROR $ZOMATO.NS: possibly delisted; no price data found  (period=25y) (Yahoo error = "No data found, symbol may be delisted")
2026-01-07 01:28:36,432 ERROR 
2 Failed downloads:
2026-01-07 01:28:36,432 ERROR ['TATAMOTORS.NS', 'ZOMATO.NS']: possibly delisted; no price data found  (period=25y) (Yahoo error = "No data found, symbol may be delisted")
2026-01-07 01:28:37,806 ERROR 'charmap' codec can't encode characters in position 0-1: character maps to <undefined>
2026-01-07 01:28:47,806 INFO Bot started
2026-01-07 01:28:48,868 ERROR $TATAMOTORS.NS: possibly delisted; no price data found  (period=25y) (Yahoo error = "No data found, symbol may be delisted")
2026-01-07 01:28:53,633 ERROR $ZOMATO.NS: possibly delisted; no price data found  (period=25y) (Yahoo error = "No data found, symbol may be delisted")
2026-01-07 01:28:54,162 ERROR 
2 Failed downloads:
2026-01-07 01:28:54,162 ERROR ['TATAMOTORS.NS', 'ZOMATO.NS']: possibly delisted; no price data found  (period=25y) (Yahoo error = "No data found, symbol may be delisted")
2026-01-07 01:28:55,936 ERROR 'charmap' codec can't encode characters in position 0-1: character maps to <undefined>
2026-01-07 01:29:05,937 INFO Bot started
2026-01-07 01:29:07,472 ERROR $TATAMOTORS.NS: possibly delisted; no price data found  (period=25y) (Yahoo error = "No data found, symbol may be delisted")
2026-01-07 01:29:12,502 ERROR $ZOMATO.NS: possibly delisted; no price data found  (period=25y) (Yahoo error = "No data found, symbol may be delisted")
2026-01-07 01:29:13,175 ERROR 
2 Failed downloads:
2026-01-07 01:29:13,176 ERROR ['TATAMOTORS.NS', 'ZOMATO.NS']: possibly delisted; no price data found  (period=25y) (Yahoo error = "No data found, symbol may be delisted")
2026-01-07 01:29:14,624 ERROR 'charmap' codec can't encode characters in position 0-1: character maps to <undefined>
2026-01-07 01:29:24,625 INFO Bot started
2026-01-07 01:29:25,563 ERROR $TATAMOTORS.NS: possibly delisted; no price data found  (period=25y) (Yahoo error = "No data found, symbol may be delisted")
2026-01-07 01:29:30,789 ERROR $ZOMATO.NS: possibly delisted; no price data found  (period=25y) (Yahoo error = "No data found, symbol may be delisted")
2026-01-07 01:29:31,544 ERROR 
2 Failed downloads:
2026-01-07 01:29:31,544 ERROR ['TATAMOTORS.NS', 'ZOMATO.NS']: possibly delisted; no price data found  (period=25y) (Yahoo error = "No data found, symbol may be delisted")
2026-01-07 01:29:33,318 ERROR 'charmap' codec can't encode characters in position 0-1: character maps to <undefined>
2026-01-07 01:29:43,320 INFO Bot started
2026-01-07 01:29:44,323 ERROR $TATAMOTORS.NS: possibly delisted; no price data found  (period=25y) (Yahoo error = "No data found, symbol may be delisted")
2026-01-07 01:29:50,697 ERROR $ZOMATO.NS: possibly delisted; no price data found  (period=25y) (Yahoo error = "No data found, symbol may be delisted")
2026-01-07 01:29:51,926 ERROR 
2 Failed downloads:
2026-01-07 01:29:51,926 ERROR ['TATAMOTORS.NS', 'ZOMATO.NS']: possibly delisted; no price data found  (period=25y) (Yahoo error = "No data found, symbol may be delisted")
2026-01-07 01:29:53,717 ERROR 'charmap' codec can't encode characters in position 0-1: character maps to <undefined>
2026-01-07 01:30:03,718 INFO Bot started
2026-01-07 01:30:04,699 ERROR $TATAMOTORS.NS: possibly delisted; no price data found  (period=25y) (Yahoo error = "No data found, symbol may be delisted")
2026-01-07 01:30:11,567 ERROR $ZOMATO.NS: possibly delisted; no price data found  (period=25y) (Yahoo error = "No data found, symbol may be delisted")
2026-01-07 01:30:12,712 ERROR 
2 Failed downloads:
2026-01-07 01:30:12,712 ERROR ['TATAMOTORS.NS', 'ZOMATO.NS']: possibly delisted; no price data found  (period=25y) (Yahoo error = "No data found, symbol may be delisted")
2026-01-07 01:30:14,379 ERROR 'charmap' codec can't encode characters in position 0-1: character maps to <undefined>
2026-01-07 01:30:24,380 INFO Bot started
2026-01-07 01:30:25,411 ERROR $TATAMOTORS.NS: possibly delisted; no price data found  (period=25y) (Yahoo error = "No data found, symbol may be delisted")
2026-01-07 01:30:32,238 ERROR $ZOMATO.NS: possibly delisted; no price data found  (period=25y) (Yahoo error = "No data found, symbol may be delisted")
2026-01-07 01:30:34,238 ERROR 
2 Failed downloads:
2026-01-07 01:30:34,238 ERROR ['TATAMOTORS.NS', 'ZOMATO.NS']: possibly delisted; no price data found  (period=25y) (Yahoo error = "No data found, symbol may be delisted")
2026-01-07 01:30:36,010 ERROR 'charmap' codec can't encode characters in position 0-1: character maps to <undefined>
2026-01-07 01:30:46,011 INFO Bot started
2026-01-07 01:30:46,911 ERROR $TATAMOTORS.NS: possibly delisted; no price data found  (period=25y) (Yahoo error = "No data found, symbol may be delisted")
2026-01-07 01:30:51,742 ERROR $ZOMATO.NS: possibly delisted; no price data found  (period=25y) (Yahoo error = "No data found, symbol may be delisted")
2026-01-07 01:30:52,572 ERROR 
2 Failed downloads:
2026-01-07 01:30:52,572 ERROR ['TATAMOTORS.NS', 'ZOMATO.NS']: possibly delisted; no price data found  (period=25y) (Yahoo error = "No data found, symbol may be delisted")
2026-01-07 01:30:54,200 ERROR 'charmap' codec can't encode characters in position 0-1: character maps to <undefined>
2026-01-07 01:31:04,200 INFO Bot started
2026-01-07 01:31:05,073 ERROR $TATAMOTORS.NS: possibly delisted; no price data found  (period=25y) (Yahoo error = "No data found, symbol may be delisted")
2026-01-07 01:31:09,404 ERROR $ZOMATO.NS: possibly delisted; no price data found  (period=25y) (Yahoo error = "No data found, symbol may be delisted")
2026-01-07 01:31:10,068 ERROR 
2 Failed downloads:
2026-01-07 01:31:10,227 ERROR ['TATAMOTORS.NS', 'ZOMATO.NS']: possibly delisted; no price data found  (period=25y) (Yahoo error = "No data found, symbol may be delisted")
2026-01-07 01:31:12,295 ERROR 'charmap' codec can't encode characters in position 0-1: character maps to <undefined>
2026-01-07 01:31:22,296 INFO Bot started
2026-01-07 01:31:23,519 ERROR $TATAMOTORS.NS: possibly delisted; no price data found  (period=25y) (Yahoo error = "No data found, symbol may be delisted")
2026-01-07 01:31:27,999 ERROR $ZOMATO.NS: possibly delisted; no price data found  (period=25y) (Yahoo error = "No data found, symbol may be delisted")
2026-01-07 01:31:28,884 ERROR 
2 Failed downloads:
2026-01-07 01:31:28,884 ERROR ['TATAMOTORS.NS', 'ZOMATO.NS']: possibly delisted; no price data found  (period=25y) (Yahoo error = "No data found, symbol may be delisted")
2026-01-07 01:31:30,205 ERROR 'charmap' codec can't encode characters in position 0-1: character maps to <undefined>
2026-01-07 01:31:40,207 INFO Bot started
2026-01-07 01:31:41,161 ERROR $TATAMOTORS.NS: possibly delisted; no price data found  (period=25y) (Yahoo error = "No data found, symbol may be delisted")
2026-01-07 01:31:46,535 ERROR $ZOMATO.NS: possibly delisted; no price data found  (period=25y) (Yahoo error = "No data found, symbol may be delisted")
2026-01-07 01:31:47,498 ERROR 
2 Failed downloads:
2026-01-07 01:31:47,498 ERROR ['TATAMOTORS.NS', 'ZOMATO.NS']: possibly delisted; no price data found  (period=25y) (Yahoo error = "No data found, symbol may be delisted")
2026-01-07 01:31:48,996 ERROR 'charmap' codec can't encode characters in position 0-1: character maps to <undefined>
2026-01-07 01:31:58,997 INFO Bot started
2026-01-07 01:32:00,086 ERROR $TATAMOTORS.NS: possibly delisted; no price data found  (period=25y) (Yahoo error = "No data found, symbol may be delisted")
2026-01-07 01:32:05,049 ERROR $ZOMATO.NS: possibly delisted; no price data found  (period=25y) (Yahoo error = "No data found, symbol may be delisted")
2026-01-07 01:32:06,105 ERROR 
2 Failed downloads:
2026-01-07 01:32:06,105 ERROR ['TATAMOTORS.NS', 'ZOMATO.NS']: possibly delisted; no price data found  (period=25y) (Yahoo error = "No data found, symbol may be delisted")
2026-01-07 01:32:07,753 ERROR 'charmap' codec can't encode characters in position 0-1: character maps to <undefined>
2026-01-07 01:32:17,754 INFO Bot started
2026-01-07 01:32:18,824 ERROR $TATAMOTORS.NS: possibly delisted; no price data found  (period=25y) (Yahoo error = "No data found, symbol may be delisted")
2026-01-07 01:32:24,001 ERROR $ZOMATO.NS: possibly delisted; no price data found  (period=25y) (Yahoo error = "No data found, symbol may be delisted")
2026-01-07 01:32:24,666 ERROR 
2 Failed downloads:
2026-01-07 01:32:24,666 ERROR ['TATAMOTORS.NS', 'ZOMATO.NS']: possibly delisted; no price data found  (period=25y) (Yahoo error = "No data found, symbol may be delisted")
2026-01-07 01:32:26,226 ERROR 'charmap' codec can't encode characters in position 0-1: character maps to <undefined>
2026-01-07 01:32:36,228 INFO Bot started
2026-01-07 01:32:37,291 ERROR $TATAMOTORS.NS: possibly delisted; no price data found  (period=25y) (Yahoo error = "No data found, symbol may be delisted")
2026-01-07 01:32:45,074 ERROR $ZOMATO.NS: possibly delisted; no price data found  (period=25y) (Yahoo error = "No data found, symbol may be delisted")
2026-01-07 01:32:46,250 ERROR 
2 Failed downloads:
2026-01-07 01:32:46,250 ERROR ['TATAMOTORS.NS', 'ZOMATO.NS']: possibly delisted; no price data found  (period=25y) (Yahoo error = "No data found, symbol may be delisted")
2026-01-07 01:32:48,261 ERROR 'charmap' codec can't encode characters in position 0-1: character maps to <undefined>
2026-01-07 01:32:58,262 INFO Bot started
2026-01-07 01:32:59,714 ERROR $TATAMOTORS.NS: possibly delisted; no price data found  (period=25y) (Yahoo error = "No data found, symbol may be delisted")
2026-01-07 01:33:07,403 ERROR $ZOMATO.NS: possibly delisted; no price data found  (period=25y) (Yahoo error = "No data found, symbol may be delisted")
2026-01-07 01:33:08,792 ERROR 
2 Failed downloads:
2026-01-07 01:33:08,792 ERROR ['TATAMOTORS.NS', 'ZOMATO.NS']: possibly delisted; no price data found  (period=25y) (Yahoo error = "No data found, symbol may be delisted")
2026-01-07 01:33:10,159 ERROR 'charmap' codec can't encode characters in position 0-1: character maps to <undefined>
2026-01-07 01:33:20,160 INFO Bot started
2026-01-07 01:33:21,115 ERROR $TATAMOTORS.NS: possibly delisted; no price data found  (period=25y) (Yahoo error = "No data found, symbol may be delisted")
2026-01-07 01:33:28,220 ERROR $ZOMATO.NS: possibly delisted; no price data found  (period=25y) (Yahoo error = "No data found, symbol may be delisted")
2026-01-07 01:33:29,652 ERROR 
2 Failed downloads:
2026-01-07 01:33:29,652 ERROR ['TATAMOTORS.NS', 'ZOMATO.NS']: possibly delisted; no price data found  (period=25y) (Yahoo error = "No data found, symbol may be delisted")
2026-01-07 01:33:31,250 ERROR 'charmap' codec can't encode characters in position 0-1: character maps to <undefined>
2026-01-07 01:33:41,250 INFO Bot started
2026-01-07 01:33:42,269 ERROR $TATAMOTORS.NS: possibly delisted; no price data found  (period=25y) (Yahoo error = "No data found, symbol may be delisted")
2026-01-07 01:33:48,976 ERROR $ZOMATO.NS: possibly delisted; no price data found  (period=25y) (Yahoo error = "No data found, symbol may be delisted")
2026-01-07 01:33:50,355 ERROR 
2 Failed downloads:
2026-01-07 01:33:50,355 ERROR ['TATAMOTORS.NS', 'ZOMATO.NS']: possibly delisted; no price data found  (period=25y) (Yahoo error = "No data found, symbol may be delisted")
2026-01-07 01:33:51,866 ERROR 'charmap' codec can't encode characters in position 0-1: character maps to <undefined>
2026-01-07 01:34:01,867 INFO Bot started
2026-01-07 01:34:02,941 ERROR $TATAMOTORS.NS: possibly delisted; no price data found  (period=25y) (Yahoo error = "No data found, symbol may be delisted")
2026-01-07 01:34:09,657 ERROR $ZOMATO.NS: possibly delisted; no price data found  (period=25y) (Yahoo error = "No data found, symbol may be delisted")
2026-01-07 01:34:10,874 ERROR 
2 Failed downloads:
2026-01-07 01:34:10,874 ERROR ['TATAMOTORS.NS', 'ZOMATO.NS']: possibly delisted; no price data found  (period=25y) (Yahoo error = "No data found, symbol may be delisted")
2026-01-07 01:34:12,497 ERROR 'charmap' codec can't encode characters in position 0-1: character maps to <undefined>
2026-01-07 01:34:22,498 INFO Bot started
2026-01-07 01:34:23,605 ERROR $TATAMOTORS.NS: possibly delisted; no price data found  (period=25y) (Yahoo error = "No data found, symbol may be delisted")
2026-01-07 01:34:31,503 ERROR $ZOMATO.NS: possibly delisted; no price data found  (period=25y) (Yahoo error = "No data found, symbol may be delisted")
2026-01-07 01:34:32,890 ERROR 
2 Failed downloads:
2026-01-07 01:34:32,890 ERROR ['TATAMOTORS.NS', 'ZOMATO.NS']: possibly delisted; no price data found  (period=25y) (Yahoo error = "No data found, symbol may be delisted")
2026-01-07 01:34:35,064 ERROR 'charmap' codec can't encode characters in position 0-1: character maps to <undefined>
2026-01-07 01:34:45,065 INFO Bot started
2026-01-07 01:34:46,029 ERROR $TATAMOTORS.NS: possibly delisted; no price data found  (period=25y) (Yahoo error = "No data found, symbol may be delisted")
2026-01-07 01:34:52,153 ERROR $ZOMATO.NS: possibly delisted; no price data found  (period=25y) (Yahoo error = "No data found, symbol may be delisted")
2026-01-07 01:34:53,400 ERROR 
2 Failed downloads:
2026-01-07 01:34:53,400 ERROR ['TATAMOTORS.NS', 'ZOMATO.NS']: possibly delisted; no price data found  (period=25y) (Yahoo error = "No data found, symbol may be delisted")
2026-01-07 01:34:54,949 ERROR 'charmap' codec can't encode characters in position 0-1: character maps to <undefined>
2026-01-07 01:35:04,950 INFO Bot started
2026-01-07 01:35:06,305 ERROR $TATAMOTORS.NS: possibly delisted; no price data found  (period=25y) (Yahoo error = "No data found, symbol may be delisted")
2026-01-07 01:35:13,464 ERROR $ZOMATO.NS: possibly delisted; no price data found  (period=25y) (Yahoo error = "No data found, symbol may be delisted")
2026-01-07 01:35:14,545 ERROR 
2 Failed downloads:
2026-01-07 01:35:14,545 ERROR ['TATAMOTORS.NS', 'ZOMATO.NS']: possibly delisted; no price data found  (period=25y) (Yahoo error = "No data found, symbol may be delisted")
2026-01-07 01:35:15,969 ERROR 'charmap' codec can't encode characters in position 0-1: character maps to <undefined>
2026-01-07 01:35:25,970 INFO Bot started
2026-01-07 01:35:27,512 ERROR $TATAMOTORS.NS: possibly delisted; no price data found  (period=25y) (Yahoo error = "No data found, symbol may be delisted")
2026-01-07 01:35:34,055 ERROR $ZOMATO.NS: possibly delisted; no price data found  (period=25y) (Yahoo error = "No data found, symbol may be delisted")
2026-01-07 01:35:35,069 ERROR 
2 Failed downloads:
2026-01-07 01:35:35,069 ERROR ['TATAMOTORS.NS', 'ZOMATO.NS']: possibly delisted; no price data found  (period=25y) (Yahoo error = "No data found, symbol may be delisted")
2026-01-07 01:35:36,947 ERROR 'charmap' codec can't encode characters in position 0-1: character maps to <undefined>
2026-01-07 01:35:46,948 INFO Bot started
2026-01-07 01:35:48,583 ERROR $TATAMOTORS.NS: possibly delisted; no price data found  (period=25y) (Yahoo error = "No data found, symbol may be delisted")
2026-01-07 01:35:55,589 ERROR $ZOMATO.NS: possibly delisted; no price data found  (period=25y) (Yahoo error = "No data found, symbol may be delisted")
2026-01-07 01:35:56,870 ERROR 
2 Failed downloads:
2026-01-07 01:35:56,870 ERROR ['TATAMOTORS.NS', 'ZOMATO.NS']: possibly delisted; no price data found  (period=25y) (Yahoo error = "No data found, symbol may be delisted")
2026-01-07 01:35:59,117 ERROR 'charmap' codec can't encode characters in position 0-1: character maps to <undefined>
2026-01-07 01:36:09,118 INFO Bot started
2026-01-07 01:36:09,905 ERROR $TATAMOTORS.NS: possibly delisted; no price data found  (period=25y) (Yahoo error = "No data found, symbol may be delisted")
2026-01-07 01:36:14,206 ERROR $ZOMATO.NS: possibly delisted; no price data found  (period=25y) (Yahoo error = "No data found, symbol may be delisted")
2026-01-07 01:36:14,892 ERROR 
2 Failed downloads:
2026-01-07 01:36:14,892 ERROR ['TATAMOTORS.NS', 'ZOMATO.NS']: possibly delisted; no price data found  (period=25y) (Yahoo error = "No data found, symbol may be delisted")
2026-01-07 01:36:16,379 ERROR 'charmap' codec can't encode characters in position 0-1: character maps to <undefined>
2026-01-07 01:36:26,380 INFO Bot started
2026-01-07 01:36:27,446 ERROR $TATAMOTORS.NS: possibly delisted; no price data found  (period=25y) (Yahoo error = "No data found, symbol may be delisted")
2026-01-07 01:36:32,032 ERROR $ZOMATO.NS: possibly delisted; no price data found  (period=25y) (Yahoo error = "No data found, symbol may be delisted")
2026-01-07 01:36:32,796 ERROR 
2 Failed downloads:
2026-01-07 01:36:32,796 ERROR ['TATAMOTORS.NS', 'ZOMATO.NS']: possibly delisted; no price data found  (period=25y) (Yahoo error = "No data found, symbol may be delisted")
2026-01-07 01:36:34,152 ERROR 'charmap' codec can't encode characters in position 0-1: character maps to <undefined>
2026-01-07 01:36:44,153 INFO Bot started
2026-01-07 01:36:45,024 ERROR $TATAMOTORS.NS: possibly delisted; no price data found  (period=25y) (Yahoo error = "No data found, symbol may be delisted")
2026-01-07 01:36:49,724 ERROR $ZOMATO.NS: possibly delisted; no price data found  (period=25y) (Yahoo error = "No data found, symbol may be delisted")
2026-01-07 01:36:50,353 ERROR 
2 Failed downloads:
2026-01-07 01:36:50,353 ERROR ['TATAMOTORS.NS', 'ZOMATO.NS']: possibly delisted; no price data found  (period=25y) (Yahoo error = "No data found, symbol may be delisted")
2026-01-07 01:36:51,991 ERROR 'charmap' codec can't encode characters in position 0-1: character maps to <undefined>
2026-01-07 01:37:01,992 INFO Bot started
2026-01-07 01:37:02,977 ERROR $TATAMOTORS.NS: possibly delisted; no price data found  (period=25y) (Yahoo error = "No data found, symbol may be delisted")
2026-01-07 01:37:07,773 ERROR $ZOMATO.NS: possibly delisted; no price data found  (period=25y) (Yahoo error = "No data found, symbol may be delisted")
2026-01-07 01:37:08,835 ERROR 
2 Failed downloads:
2026-01-07 01:37:08,835 ERROR ['TATAMOTORS.NS', 'ZOMATO.NS']: possibly delisted; no price data found  (period=25y) (Yahoo error = "No data found, symbol may be delisted")
2026-01-07 01:37:10,417 ERROR 'charmap' codec can't encode characters in position 0-1: character maps to <undefined>
2026-01-07 01:37:20,418 INFO Bot started
2026-01-07 01:37:21,800 ERROR $TATAMOTORS.NS: possibly delisted; no price data found  (period=25y) (Yahoo error = "No data found, symbol may be delisted")
2026-01-07 01:37:27,145 ERROR $ZOMATO.NS: possibly delisted; no price data found  (period=25y) (Yahoo error = "No data found, symbol may be delisted")
2026-01-07 01:37:27,914 ERROR 
2 Failed downloads:
2026-01-07 01:37:27,914 ERROR ['TATAMOTORS.NS', 'ZOMATO.NS']: possibly delisted; no price data found  (period=25y) (Yahoo error = "No data found, symbol may be delisted")
2026-01-07 01:37:29,466 ERROR 'charmap' codec can't encode characters in position 0-1: character maps to <undefined>
2026-01-07 01:37:39,468 INFO Bot started
2026-01-07 01:37:40,305 ERROR $TATAMOTORS.NS: possibly delisted; no price data found  (period=25y) (Yahoo error = "No data found, symbol may be delisted")
2026-01-07 01:37:45,260 ERROR $ZOMATO.NS: possibly delisted; no price data found  (period=25y) (Yahoo error = "No data found, symbol may be delisted")
2026-01-07 01:37:46,073 ERROR 
2 Failed downloads:
2026-01-07 01:37:46,073 ERROR ['TATAMOTORS.NS', 'ZOMATO.NS']: possibly delisted; no price data found  (period=25y) (Yahoo error = "No data found, symbol may be delisted")
2026-01-07 01:37:47,643 ERROR 'charmap' codec can't encode characters in position 0-1: character maps to <undefined>
2026-01-07 01:37:57,644 INFO Bot started
2026-01-07 01:37:58,870 ERROR $TATAMOTORS.NS: possibly delisted; no price data found  (period=25y) (Yahoo error = "No data found, symbol may be delisted")
2026-01-07 01:38:07,824 ERROR $ZOMATO.NS: possibly delisted; no price data found  (period=25y) (Yahoo error = "No data found, symbol may be delisted")
2026-01-07 01:38:09,275 ERROR 
2 Failed downloads:
2026-01-07 01:38:09,275 ERROR ['TATAMOTORS.NS', 'ZOMATO.NS']: possibly delisted; no price data found  (period=25y) (Yahoo error = "No data found, symbol may be delisted")
2026-01-07 01:38:11,600 ERROR 'charmap' codec can't encode characters in position 0-1: character maps to <undefined>
2026-01-07 01:38:21,601 INFO Bot started
2026-01-07 01:38:23,042 ERROR $TATAMOTORS.NS: possibly delisted; no price data found  (period=25y) (Yahoo error = "No data found, symbol may be delisted")
2026-01-07 01:38:30,434 ERROR $ZOMATO.NS: possibly delisted; no price data found  (period=25y) (Yahoo error = "No data found, symbol may be delisted")
2026-01-07 01:38:31,804 ERROR 
2 Failed downloads:
2026-01-07 01:38:31,804 ERROR ['TATAMOTORS.NS', 'ZOMATO.NS']: possibly delisted; no price data found  (period=25y) (Yahoo error = "No data found, symbol may be delisted")
2026-01-07 01:38:33,401 ERROR 'charmap' codec can't encode characters in position 0-1: character maps to <undefined>
2026-01-07 01:38:43,401 INFO Bot started
2026-01-07 01:38:44,743 ERROR $TATAMOTORS.NS: possibly delisted; no price data found  (period=25y) (Yahoo error = "No data found, symbol may be delisted")
2026-01-07 01:38:52,676 ERROR $ZOMATO.NS: possibly delisted; no price data found  (period=25y) (Yahoo error = "No data found, symbol may be delisted")
2026-01-07 01:38:53,278 ERROR 
2 Failed downloads:
2026-01-07 01:38:53,278 ERROR ['TATAMOTORS.NS', 'ZOMATO.NS']: possibly delisted; no price data found  (period=25y) (Yahoo error = "No data found, symbol may be delisted")
2026-01-07 01:38:55,351 ERROR 'charmap' codec can't encode characters in position 0-1: character maps to <undefined>
2026-01-07 01:39:05,351 INFO Bot started
2026-01-07 01:39:07,072 ERROR $TATAMOTORS.NS: possibly delisted; no price data found  (period=25y) (Yahoo error = "No data found, symbol may be delisted")
2026-01-07 01:39:12,024 ERROR $ZOMATO.NS: possibly delisted; no price data found  (period=25y) (Yahoo error = "No data found, symbol may be delisted")
2026-01-07 01:39:12,533 ERROR 
2 Failed downloads:
2026-01-07 01:39:12,626 ERROR ['TATAMOTORS.NS', 'ZOMATO.NS']: possibly delisted; no price data found  (period=25y) (Yahoo error = "No data found, symbol may be delisted")
2026-01-07 01:39:14,073 ERROR 'charmap' codec can't encode characters in position 0-1: character maps to <undefined>
2026-01-07 01:39:24,074 INFO Bot started
2026-01-07 01:39:25,820 ERROR $TATAMOTORS.NS: possibly delisted; no price data found  (period=25y) (Yahoo error = "No data found, symbol may be delisted")
2026-01-07 01:39:30,815 ERROR $ZOMATO.NS: possibly delisted; no price data found  (period=25y) (Yahoo error = "No data found, symbol may be delisted")
2026-01-07 01:39:31,677 ERROR 
2 Failed downloads:
2026-01-07 01:39:31,677 ERROR ['TATAMOTORS.NS', 'ZOMATO.NS']: possibly delisted; no price data found  (period=25y) (Yahoo error = "No data found, symbol may be delisted")
2026-01-07 01:39:33,397 ERROR 'charmap' codec can't encode characters in position 0-1: character maps to <undefined>
2026-01-07 01:39:43,398 INFO Bot started
2026-01-07 01:39:44,323 ERROR $TATAMOTORS.NS: possibly delisted; no price data found  (period=25y) (Yahoo error = "No data found, symbol may be delisted")
2026-01-07 01:39:51,505 ERROR $ZOMATO.NS: possibly delisted; no price data found  (period=25y) (Yahoo error = "No data found, symbol may be delisted")
2026-01-07 01:39:53,064 ERROR 
2 Failed downloads:
2026-01-07 01:39:53,064 ERROR ['TATAMOTORS.NS', 'ZOMATO.NS']: possibly delisted; no price data found  (period=25y) (Yahoo error = "No data found, symbol may be delisted")
2026-01-07 01:39:56,439 ERROR 'charmap' codec can't encode characters in position 0-1: character maps to <undefined>
2026-01-07 01:40:06,440 INFO Bot started
2026-01-07 01:40:07,819 ERROR $TATAMOTORS.NS: possibly delisted; no price data found  (period=25y) (Yahoo error = "No data found, symbol may be delisted")
2026-01-07 01:40:15,810 ERROR $ZOMATO.NS: possibly delisted; no price data found  (period=25y) (Yahoo error = "No data found, symbol may be delisted")
2026-01-07 01:40:17,067 ERROR 
2 Failed downloads:
2026-01-07 01:40:17,067 ERROR ['TATAMOTORS.NS', 'ZOMATO.NS']: possibly delisted; no price data found  (period=25y) (Yahoo error = "No data found, symbol may be delisted")
2026-01-07 01:40:18,818 ERROR 'charmap' codec can't encode characters in position 0-1: character maps to <undefined>
2026-01-07 01:40:28,818 INFO Bot started
2026-01-07 01:40:29,681 ERROR $TATAMOTORS.NS: possibly delisted; no price data found  (period=25y) (Yahoo error = "No data found, symbol may be delisted")
2026-01-07 01:40:36,832 ERROR $ZOMATO.NS: possibly delisted; no price data found  (period=25y) (Yahoo error = "No data found, symbol may be delisted")
2026-01-07 01:40:37,659 ERROR 
2 Failed downloads:
2026-01-07 01:40:37,659 ERROR ['TATAMOTORS.NS', 'ZOMATO.NS']: possibly delisted; no price data found  (period=25y) (Yahoo error = "No data found, symbol may be delisted")
2026-01-07 01:40:39,227 ERROR 'charmap' codec can't encode characters in position 0-1: character maps to <undefined>
2026-01-07 01:40:49,227 INFO Bot started
2026-01-07 01:40:50,374 ERROR $TATAMOTORS.NS: possibly delisted; no price data found  (period=25y) (Yahoo error = "No data found, symbol may be delisted")
2026-01-07 01:40:56,286 ERROR $ZOMATO.NS: possibly delisted; no price data found  (period=25y) (Yahoo error = "No data found, symbol may be delisted")
2026-01-07 01:40:57,193 ERROR 
2 Failed downloads:
2026-01-07 01:40:57,193 ERROR ['TATAMOTORS.NS', 'ZOMATO.NS']: possibly delisted; no price data found  (period=25y) (Yahoo error = "No data found, symbol may be delisted")
2026-01-07 01:40:59,393 ERROR 'charmap' codec can't encode characters in position 0-1: character maps to <undefined>
2026-01-07 01:41:09,393 INFO Bot started
2026-01-07 01:41:10,541 ERROR $TATAMOTORS.NS: possibly delisted; no price data found  (period=25y) (Yahoo error = "No data found, symbol may be delisted")
2026-01-07 01:41:16,132 ERROR $ZOMATO.NS: possibly delisted; no price data found  (period=25y) (Yahoo error = "No data found, symbol may be delisted")
2026-01-07 01:41:18,793 ERROR 
2 Failed downloads:
2026-01-07 01:41:18,793 ERROR ['TATAMOTORS.NS', 'ZOMATO.NS']: possibly delisted; no price data found  (period=25y) (Yahoo error = "No data found, symbol may be delisted")
2026-01-07 01:41:20,968 ERROR 'charmap' codec can't encode characters in position 0-1: character maps to <undefined>
2026-01-07 01:41:30,968 INFO Bot started
2026-01-07 01:41:32,474 ERROR $TATAMOTORS.NS: possibly delisted; no price data found  (period=25y) (Yahoo error = "No data found, symbol may be delisted")
2026-01-07 01:41:38,267 ERROR $ZOMATO.NS: possibly delisted; no price data found  (period=25y) (Yahoo error = "No data found, symbol may be delisted")
2026-01-07 01:41:39,141 ERROR 
2 Failed downloads:
2026-01-07 01:41:39,141 ERROR ['TATAMOTORS.NS', 'ZOMATO.NS']: possibly delisted; no price data found  (period=25y) (Yahoo error = "No data found, symbol may be delisted")
2026-01-07 01:41:40,751 ERROR 'charmap' codec can't encode characters in position 0-1: character maps to <undefined>
2026-01-07 01:41:50,752 INFO Bot started
2026-01-07 01:41:51,846 ERROR $TATAMOTORS.NS: possibly delisted; no price data found  (period=25y) (Yahoo error = "No data found, symbol may be delisted")
2026-01-07 01:41:57,484 ERROR $ZOMATO.NS: possibly delisted; no price data found  (period=25y) (Yahoo error = "No data found, symbol may be delisted")
2026-01-07 01:41:58,490 ERROR 
2 Failed downloads:
2026-01-07 01:41:58,490 ERROR ['TATAMOTORS.NS', 'ZOMATO.NS']: possibly delisted; no price data found  (period=25y) (Yahoo error = "No data found, symbol may be delisted")
2026-01-07 01:42:00,096 ERROR 'charmap' codec can't encode characters in position 0-1: character maps to <undefined>
2026-01-07 01:42:10,097 INFO Bot started
2026-01-07 01:42:12,227 ERROR $TATAMOTORS.NS: possibly delisted; no price data found  (period=25y) (Yahoo error = "No data found, symbol may be delisted")
2026-01-07 01:42:19,593 ERROR $ZOMATO.NS: possibly delisted; no price data found  (period=25y) (Yahoo error = "No data found, symbol may be delisted")
2026-01-07 01:42:20,770 ERROR 
2 Failed downloads:
2026-01-07 01:42:20,770 ERROR ['TATAMOTORS.NS', 'ZOMATO.NS']: possibly delisted; no price data found  (period=25y) (Yahoo error = "No data found, symbol may be delisted")
2026-01-07 01:42:22,441 ERROR 'charmap' codec can't encode characters in position 0-1: character maps to <undefined>
2026-01-07 01:42:32,442 INFO Bot started
2026-01-07 01:42:35,173 ERROR $TATAMOTORS.NS: possibly delisted; no price data found  (period=25y) (Yahoo error = "No data found, symbol may be delisted")
2026-01-07 01:42:45,573 ERROR $ZOMATO.NS: possibly delisted; no price data found  (period=25y) (Yahoo error = "No data found, symbol may be delisted")
2026-01-07 01:42:47,264 ERROR 
2 Failed downloads:
2026-01-07 01:42:47,264 ERROR ['TATAMOTORS.NS', 'ZOMATO.NS']: possibly delisted; no price data found  (period=25y) (Yahoo error = "No data found, symbol may be delisted")
2026-01-07 01:42:49,598 ERROR 'charmap' codec can't encode characters in position 0-1: character maps to <undefined>
2026-01-07 01:42:59,599 INFO Bot started
2026-01-07 01:43:00,652 ERROR $TATAMOTORS.NS: possibly delisted; no price data found  (period=25y) (Yahoo error = "No data found, symbol may be delisted")
2026-01-07 01:43:08,592 ERROR $ZOMATO.NS: possibly delisted; no price data found  (period=25y) (Yahoo error = "No data found, symbol may be delisted")
2026-01-07 01:43:09,246 ERROR 
2 Failed downloads:
2026-01-07 01:43:09,246 ERROR ['TATAMOTORS.NS', 'ZOMATO.NS']: possibly delisted; no price data found  (period=25y) (Yahoo error = "No data found, symbol may be delisted")
2026-01-07 01:43:10,884 ERROR 'charmap' codec can't encode characters in position 0-1: character maps to <undefined>
2026-01-07 01:43:20,884 INFO Bot started
2026-01-07 01:43:21,856 ERROR $TATAMOTORS.NS: possibly delisted; no price data found  (period=25y) (Yahoo error = "No data found, symbol may be delisted")
2026-01-07 01:43:26,883 ERROR $ZOMATO.NS: possibly delisted; no price data found  (period=25y) (Yahoo error = "No data found, symbol may be delisted")
2026-01-07 01:43:28,217 ERROR 
2 Failed downloads:
2026-01-07 01:43:28,217 ERROR ['TATAMOTORS.NS', 'ZOMATO.NS']: possibly delisted; no price data found  (period=25y) (Yahoo error = "No data found, symbol may be delisted")
2026-01-07 01:43:29,826 ERROR 'charmap' codec can't encode characters in position 0-1: character maps to <undefined>
2026-01-07 01:43:39,827 INFO Bot started
2026-01-07 01:43:40,668 ERROR $TATAMOTORS.NS: possibly delisted; no price data found  (period=25y) (Yahoo error = "No data found, symbol may be delisted")
2026-01-07 01:43:45,451 ERROR $ZOMATO.NS: possibly delisted; no price data found  (period=25y) (Yahoo error = "No data found, symbol may be delisted")
2026-01-07 01:43:46,461 ERROR 
2 Failed downloads:
2026-01-07 01:43:46,461 ERROR ['TATAMOTORS.NS', 'ZOMATO.NS']: possibly delisted; no price data found  (period=25y) (Yahoo error = "No data found, symbol may be delisted")
2026-01-07 01:43:48,416 ERROR 'charmap' codec can't encode characters in position 0-1: character maps to <undefined>
2026-01-07 01:43:58,416 INFO Bot started
2026-01-07 01:44:00,256 ERROR $TATAMOTORS.NS: possibly delisted; no price data found  (period=25y) (Yahoo error = "No data found, symbol may be delisted")
2026-01-07 01:44:09,726 ERROR $ZOMATO.NS: possibly delisted; no price data found  (period=25y) (Yahoo error = "No data found, symbol may be delisted")
2026-01-07 01:44:11,779 ERROR 
2 Failed downloads:
2026-01-07 01:44:11,779 ERROR ['TATAMOTORS.NS', 'ZOMATO.NS']: possibly delisted; no price data found  (period=25y) (Yahoo error = "No data found, symbol may be delisted")
2026-01-07 01:44:13,829 ERROR 'charmap' codec can't encode characters in position 0-1: character maps to <undefined>
2026-01-07 01:44:23,831 INFO Bot started
2026-01-07 01:44:24,708 ERROR $TATAMOTORS.NS: possibly delisted; no price data found  (period=25y) (Yahoo error = "No data found, symbol may be delisted")
2026-01-07 01:44:34,447 ERROR $ZOMATO.NS: possibly delisted; no price data found  (period=25y) (Yahoo error = "No data found, symbol may be delisted")
2026-01-07 01:44:35,976 ERROR 
2 Failed downloads:
2026-01-07 01:44:35,976 ERROR ['TATAMOTORS.NS', 'ZOMATO.NS']: possibly delisted; no price data found  (period=25y) (Yahoo error = "No data found, symbol may be delisted")
2026-01-07 01:44:37,984 ERROR 'charmap' codec can't encode characters in position 0-1: character maps to <undefined>
2026-01-07 01:44:47,985 INFO Bot started
2026-01-07 01:44:48,882 ERROR $TATAMOTORS.NS: possibly delisted; no price data found  (period=25y) (Yahoo error = "No data found, symbol may be delisted")
2026-01-07 01:44:59,204 ERROR $ZOMATO.NS: possibly delisted; no price data found  (period=25y) (Yahoo error = "No data found, symbol may be delisted")
2026-01-07 01:45:00,922 ERROR 
2 Failed downloads:
2026-01-07 01:45:00,922 ERROR ['TATAMOTORS.NS', 'ZOMATO.NS']: possibly delisted; no price data found  (period=25y) (Yahoo error = "No data found, symbol may be delisted")
2026-01-07 01:45:02,819 ERROR 'charmap' codec can't encode characters in position 0-1: character maps to <undefined>
2026-01-07 01:45:12,820 INFO Bot started
2026-01-07 01:45:14,193 ERROR $TATAMOTORS.NS: possibly delisted; no price data found  (period=25y) (Yahoo error = "No data found, symbol may be delisted")
2026-01-07 01:45:23,410 ERROR $ZOMATO.NS: possibly delisted; no price data found  (period=25y) (Yahoo error = "No data found, symbol may be delisted")
2026-01-07 01:45:25,334 ERROR 
2 Failed downloads:
2026-01-07 01:45:25,334 ERROR ['TATAMOTORS.NS', 'ZOMATO.NS']: possibly delisted; no price data found  (period=25y) (Yahoo error = "No data found, symbol may be delisted")
2026-01-07 01:45:27,449 ERROR 'charmap' codec can't encode characters in position 0-1: character maps to <undefined>
2026-01-07 01:45:37,450 INFO Bot started
2026-01-07 01:45:38,666 ERROR $TATAMOTORS.NS: possibly delisted; no price data found  (period=25y) (Yahoo error = "No data found, symbol may be delisted")
2026-01-07 01:45:47,655 ERROR $ZOMATO.NS: possibly delisted; no price data found  (period=25y) (Yahoo error = "No data found, symbol may be delisted")
2026-01-07 01:45:49,776 ERROR 
2 Failed downloads:
2026-01-07 01:45:49,776 ERROR ['TATAMOTORS.NS', 'ZOMATO.NS']: possibly delisted; no price data found  (period=25y) (Yahoo error = "No data found, symbol may be delisted")
2026-01-07 01:45:52,125 ERROR 'charmap' codec can't encode characters in position 0-1: character maps to <undefined>
2026-01-07 01:46:02,125 INFO Bot started
2026-01-07 01:46:03,539 ERROR $TATAMOTORS.NS: possibly delisted; no price data found  (period=25y) (Yahoo error = "No data found, symbol may be delisted")
2026-01-07 01:46:09,442 ERROR $ZOMATO.NS: possibly delisted; no price data found  (period=25y) (Yahoo error = "No data found, symbol may be delisted")
2026-01-07 01:46:10,412 ERROR 
2 Failed downloads:
2026-01-07 01:46:10,412 ERROR ['TATAMOTORS.NS', 'ZOMATO.NS']: possibly delisted; no price data found  (period=25y) (Yahoo error = "No data found, symbol may be delisted")
2026-01-07 01:46:12,063 ERROR 'charmap' codec can't encode characters in position 0-1: character maps to <undefined>
2026-01-07 01:46:22,064 INFO Bot started
2026-01-07 01:46:23,297 ERROR $TATAMOTORS.NS: possibly delisted; no price data found  (period=25y) (Yahoo error = "No data found, symbol may be delisted")
2026-01-07 01:46:29,359 ERROR $ZOMATO.NS: possibly delisted; no price data found  (period=25y) (Yahoo error = "No data found, symbol may be delisted")
2026-01-07 01:46:30,816 ERROR 
2 Failed downloads:
2026-01-07 01:46:30,816 ERROR ['TATAMOTORS.NS', 'ZOMATO.NS']: possibly delisted; no price data found  (period=25y) (Yahoo error = "No data found, symbol may be delisted")
2026-01-07 01:46:32,722 ERROR 'charmap' codec can't encode characters in position 0-1: character maps to <undefined>
2026-01-07 01:46:42,723 INFO Bot started
2026-01-07 01:46:44,090 ERROR $TATAMOTORS.NS: possibly delisted; no price data found  (period=25y) (Yahoo error = "No data found, symbol may be delisted")
2026-01-07 01:46:49,274 ERROR $ZOMATO.NS: possibly delisted; no price data found  (period=25y) (Yahoo error = "No data found, symbol may be delisted")
2026-01-07 01:46:50,153 ERROR 
2 Failed downloads:
2026-01-07 01:46:50,153 ERROR ['TATAMOTORS.NS', 'ZOMATO.NS']: possibly delisted; no price data found  (period=25y) (Yahoo error = "No data found, symbol may be delisted")
2026-01-07 01:46:51,853 ERROR 'charmap' codec can't encode characters in position 0-1: character maps to <undefined>
2026-01-07 01:47:01,853 INFO Bot started
2026-01-07 01:47:03,095 ERROR $TATAMOTORS.NS: possibly delisted; no price data found  (period=25y) (Yahoo error = "No data found, symbol may be delisted")
2026-01-07 01:47:12,649 ERROR $ZOMATO.NS: possibly delisted; no price data found  (period=25y) (Yahoo error = "No data found, symbol may be delisted")
2026-01-07 01:47:15,416 ERROR 
2 Failed downloads:
2026-01-07 01:47:15,416 ERROR ['TATAMOTORS.NS', 'ZOMATO.NS']: possibly delisted; no price data found  (period=25y) (Yahoo error = "No data found, symbol may be delisted")
2026-01-07 01:47:17,458 ERROR 'charmap' codec can't encode characters in position 0-1: character maps to <undefined>
2026-01-07 01:47:27,458 INFO Bot started
2026-01-07 01:47:28,369 ERROR $TATAMOTORS.NS: possibly delisted; no price data found  (period=25y) (Yahoo error = "No data found, symbol may be delisted")
2026-01-07 01:47:33,877 ERROR $ZOMATO.NS: possibly delisted; no price data found  (period=25y) (Yahoo error = "No data found, symbol may be delisted")
2026-01-07 01:47:34,686 ERROR 
2 Failed downloads:
2026-01-07 01:47:34,686 ERROR ['TATAMOTORS.NS', 'ZOMATO.NS']: possibly delisted; no price data found  (period=25y) (Yahoo error = "No data found, symbol may be delisted")
2026-01-07 01:47:36,405 ERROR 'charmap' codec can't encode characters in position 0-1: character maps to <undefined>
2026-01-07 01:47:46,405 INFO Bot started
2026-01-07 01:47:47,205 ERROR $TATAMOTORS.NS: possibly delisted; no price data found  (period=25y) (Yahoo error = "No data found, symbol may be delisted")
2026-01-07 01:47:52,689 ERROR $ZOMATO.NS: possibly delisted; no price data found  (period=25y) (Yahoo error = "No data found, symbol may be delisted")
2026-01-07 01:47:53,350 ERROR 
2 Failed downloads:
2026-01-07 01:47:53,350 ERROR ['TATAMOTORS.NS', 'ZOMATO.NS']: possibly delisted; no price data found  (period=25y) (Yahoo error = "No data found, symbol may be delisted")
2026-01-07 01:47:54,818 ERROR 'charmap' codec can't encode characters in position 0-1: character maps to <undefined>
2026-01-07 01:48:04,818 INFO Bot started
2026-01-07 01:48:06,008 ERROR $TATAMOTORS.NS: possibly delisted; no price data found  (period=25y) (Yahoo error = "No data found, symbol may be delisted")
2026-01-07 01:48:11,651 ERROR $ZOMATO.NS: possibly delisted; no price data found  (period=25y) (Yahoo error = "No data found, symbol may be delisted")
2026-01-07 01:48:12,464 ERROR 
2 Failed downloads:
2026-01-07 01:48:12,464 ERROR ['TATAMOTORS.NS', 'ZOMATO.NS']: possibly delisted; no price data found  (period=25y) (Yahoo error = "No data found, symbol may be delisted")
2026-01-07 01:48:14,320 ERROR 'charmap' codec can't encode characters in position 0-1: character maps to <undefined>
2026-01-07 01:48:24,320 INFO Bot started
2026-01-07 01:48:25,195 ERROR $TATAMOTORS.NS: possibly delisted; no price data found  (period=25y) (Yahoo error = "No data found, symbol may be delisted")
2026-01-07 01:48:30,033 ERROR $ZOMATO.NS: possibly delisted; no price data found  (period=25y) (Yahoo error = "No data found, symbol may be delisted")
2026-01-07 01:48:31,173 ERROR 
2 Failed downloads:
2026-01-07 01:48:31,173 ERROR ['TATAMOTORS.NS', 'ZOMATO.NS']: possibly delisted; no price data found  (period=25y) (Yahoo error = "No data found, symbol may be delisted")
2026-01-07 01:48:33,079 ERROR 'charmap' codec can't encode characters in position 0-1: character maps to <undefined>
2026-01-07 01:48:43,080 INFO Bot started
2026-01-07 01:48:44,024 ERROR $TATAMOTORS.NS: possibly delisted; no price data found  (period=25y) (Yahoo error = "No data found, symbol may be delisted")
2026-01-07 01:48:49,659 ERROR $ZOMATO.NS: possibly delisted; no price data found  (period=25y) (Yahoo error = "No data found, symbol may be delisted")
2026-01-07 01:48:50,658 ERROR 
2 Failed downloads:
2026-01-07 01:48:50,658 ERROR ['TATAMOTORS.NS', 'ZOMATO.NS']: possibly delisted; no price data found  (period=25y) (Yahoo error = "No data found, symbol may be delisted")
2026-01-07 01:48:52,467 ERROR 'charmap' codec can't encode characters in position 0-1: character maps to <undefined>
2026-01-07 01:49:02,468 INFO Bot started
2026-01-07 01:49:03,296 ERROR $TATAMOTORS.NS: possibly delisted; no price data found  (period=25y) (Yahoo error = "No data found, symbol may be delisted")
2026-01-07 01:49:07,907 ERROR $ZOMATO.NS: possibly delisted; no price data found  (period=25y) (Yahoo error = "No data found, symbol may be delisted")
2026-01-07 01:49:08,532 ERROR 
2 Failed downloads:
2026-01-07 01:49:08,532 ERROR ['TATAMOTORS.NS', 'ZOMATO.NS']: possibly delisted; no price data found  (period=25y) (Yahoo error = "No data found, symbol may be delisted")
2026-01-07 01:49:10,140 ERROR 'charmap' codec can't encode characters in position 0-1: character maps to <undefined>
2026-01-07 01:49:20,141 INFO Bot started
2026-01-07 01:49:21,598 ERROR $TATAMOTORS.NS: possibly delisted; no price data found  (period=25y) (Yahoo error = "No data found, symbol may be delisted")
2026-01-07 01:49:29,262 ERROR $ZOMATO.NS: possibly delisted; no price data found  (period=25y) (Yahoo error = "No data found, symbol may be delisted")
2026-01-07 01:49:30,892 ERROR 
2 Failed downloads:
2026-01-07 01:49:30,892 ERROR ['TATAMOTORS.NS', 'ZOMATO.NS']: possibly delisted; no price data found  (period=25y) (Yahoo error = "No data found, symbol may be delisted")
2026-01-07 01:49:33,009 ERROR 'charmap' codec can't encode characters in position 0-1: character maps to <undefined>
2026-01-07 01:49:43,010 INFO Bot started
2026-01-07 01:49:43,965 ERROR $TATAMOTORS.NS: possibly delisted; no price data found  (period=25y) (Yahoo error = "No data found, symbol may be delisted")
2026-01-07 01:49:51,403 ERROR $ZOMATO.NS: possibly delisted; no price data found  (period=25y) (Yahoo error = "No data found, symbol may be delisted")
2026-01-07 01:49:52,841 ERROR 
2 Failed downloads:
2026-01-07 01:49:52,841 ERROR ['TATAMOTORS.NS', 'ZOMATO.NS']: possibly delisted; no price data found  (period=25y) (Yahoo error = "No data found, symbol may be delisted")
2026-01-07 01:49:54,463 ERROR 'charmap' codec can't encode characters in position 0-1: character maps to <undefined>
2026-01-07 01:50:04,463 INFO Bot started
2026-01-07 01:50:05,406 ERROR $TATAMOTORS.NS: possibly delisted; no price data found  (period=25y) (Yahoo error = "No data found, symbol may be delisted")
2026-01-07 01:50:12,621 ERROR $ZOMATO.NS: possibly delisted; no price data found  (period=25y) (Yahoo error = "No data found, symbol may be delisted")
2026-01-07 01:50:13,756 ERROR 
2 Failed downloads:
2026-01-07 01:50:13,756 ERROR ['TATAMOTORS.NS', 'ZOMATO.NS']: possibly delisted; no price data found  (period=25y) (Yahoo error = "No data found, symbol may be delisted")
2026-01-07 01:50:15,148 ERROR 'charmap' codec can't encode characters in position 0-1: character maps to <undefined>
2026-01-07 01:50:25,150 INFO Bot started
2026-01-07 01:50:26,246 ERROR $TATAMOTORS.NS: possibly delisted; no price data found  (period=25y) (Yahoo error = "No data found, symbol may be delisted")
2026-01-07 01:50:31,722 ERROR $ZOMATO.NS: possibly delisted; no price data found  (period=25y) (Yahoo error = "No data found, symbol may be delisted")
2026-01-07 01:50:32,436 ERROR 
2 Failed downloads:
2026-01-07 01:50:32,436 ERROR ['TATAMOTORS.NS', 'ZOMATO.NS']: possibly delisted; no price data found  (period=25y) (Yahoo error = "No data found, symbol may be delisted")
2026-01-07 01:50:34,044 ERROR 'charmap' codec can't encode characters in position 0-1: character maps to <undefined>
2026-01-07 01:50:44,046 INFO Bot started
2026-01-07 01:50:44,935 ERROR $TATAMOTORS.NS: possibly delisted; no price data found  (period=25y) (Yahoo error = "No data found, symbol may be delisted")
2026-01-07 01:50:50,089 ERROR $ZOMATO.NS: possibly delisted; no price data found  (period=25y) (Yahoo error = "No data found, symbol may be delisted")
2026-01-07 01:50:50,851 ERROR 
2 Failed downloads:
2026-01-07 01:50:50,851 ERROR ['TATAMOTORS.NS', 'ZOMATO.NS']: possibly delisted; no price data found  (period=25y) (Yahoo error = "No data found, symbol may be delisted")
2026-01-07 01:50:52,764 ERROR 'charmap' codec can't encode characters in position 0-1: character maps to <undefined>
2026-01-07 01:51:02,765 INFO Bot started
2026-01-07 01:51:04,119 ERROR $TATAMOTORS.NS: possibly delisted; no price data found  (period=25y) (Yahoo error = "No data found, symbol may be delisted")
2026-01-07 01:51:10,066 ERROR $ZOMATO.NS: possibly delisted; no price data found  (period=25y) (Yahoo error = "No data found, symbol may be delisted")
2026-01-07 01:51:11,345 ERROR 
2 Failed downloads:
2026-01-07 01:51:11,345 ERROR ['TATAMOTORS.NS', 'ZOMATO.NS']: possibly delisted; no price data found  (period=25y) (Yahoo error = "No data found, symbol may be delisted")
2026-01-07 01:51:12,986 ERROR 'charmap' codec can't encode characters in position 0-1: character maps to <undefined>
2026-01-07 01:51:22,987 INFO Bot started
2026-01-07 01:51:24,145 ERROR $TATAMOTORS.NS: possibly delisted; no price data found  (period=25y) (Yahoo error = "No data found, symbol may be delisted")
2026-01-07 01:51:29,527 ERROR $ZOMATO.NS: possibly delisted; no price data found  (period=25y) (Yahoo error = "No data found, symbol may be delisted")
2026-01-07 01:51:30,341 ERROR 
2 Failed downloads:
2026-01-07 01:51:30,341 ERROR ['TATAMOTORS.NS', 'ZOMATO.NS']: possibly delisted; no price data found  (period=25y) (Yahoo error = "No data found, symbol may be delisted")
2026-01-07 01:51:31,829 ERROR 'charmap' codec can't encode characters in position 0-1: character maps to <undefined>
2026-01-07 01:51:41,830 INFO Bot started
2026-01-07 01:51:43,096 ERROR $TATAMOTORS.NS: possibly delisted; no price data found  (period=25y) (Yahoo error = "No data found, symbol may be delisted")
2026-01-07 01:51:48,879 ERROR $ZOMATO.NS: possibly delisted; no price data found  (period=25y) (Yahoo error = "No data found, symbol may be delisted")
2026-01-07 01:51:50,006 ERROR 
2 Failed downloads:
2026-01-07 01:51:50,006 ERROR ['TATAMOTORS.NS', 'ZOMATO.NS']: possibly delisted; no price data found  (period=25y) (Yahoo error = "No data found, symbol may be delisted")
2026-01-07 01:51:51,593 ERROR 'charmap' codec can't encode characters in position 0-1: character maps to <undefined>
2026-01-07 01:52:01,594 INFO Bot started
2026-01-07 01:52:02,669 ERROR $TATAMOTORS.NS: possibly delisted; no price data found  (period=25y) (Yahoo error = "No data found, symbol may be delisted")
2026-01-07 01:52:07,561 ERROR $ZOMATO.NS: possibly delisted; no price data found  (period=25y) (Yahoo error = "No data found, symbol may be delisted")
2026-01-07 01:52:08,980 ERROR 
2 Failed downloads:
2026-01-07 01:52:08,981 ERROR ['TATAMOTORS.NS', 'ZOMATO.NS']: possibly delisted; no price data found  (period=25y) (Yahoo error = "No data found, symbol may be delisted")
2026-01-07 01:52:11,183 ERROR 'charmap' codec can't encode characters in position 0-1: character maps to <undefined>
2026-01-07 01:52:21,183 INFO Bot started
2026-01-07 01:52:22,071 ERROR $TATAMOTORS.NS: possibly delisted; no price data found  (period=25y) (Yahoo error = "No data found, symbol may be delisted")
2026-01-07 01:52:26,946 ERROR $ZOMATO.NS: possibly delisted; no price data found  (period=25y) (Yahoo error = "No data found, symbol may be delisted")
2026-01-07 01:52:27,725 ERROR 
2 Failed downloads:
2026-01-07 01:52:27,725 ERROR ['TATAMOTORS.NS', 'ZOMATO.NS']: possibly delisted; no price data found  (period=25y) (Yahoo error = "No data found, symbol may be delisted")
2026-01-07 01:52:29,309 ERROR 'charmap' codec can't encode characters in position 0-1: character maps to <undefined>
2026-01-07 01:52:39,310 INFO Bot started
2026-01-07 01:52:40,329 ERROR $TATAMOTORS.NS: possibly delisted; no price data found  (period=25y) (Yahoo error = "No data found, symbol may be delisted")
2026-01-07 01:52:45,147 ERROR $ZOMATO.NS: possibly delisted; no price data found  (period=25y) (Yahoo error = "No data found, symbol may be delisted")
2026-01-07 01:52:45,896 ERROR 
2 Failed downloads:
2026-01-07 01:52:45,896 ERROR ['TATAMOTORS.NS', 'ZOMATO.NS']: possibly delisted; no price data found  (period=25y) (Yahoo error = "No data found, symbol may be delisted")
2026-01-07 01:52:47,449 ERROR 'charmap' codec can't encode characters in position 0-1: character maps to <undefined>
2026-01-07 01:52:57,449 INFO Bot started
2026-01-07 01:52:59,284 ERROR $TATAMOTORS.NS: possibly delisted; no price data found  (period=25y) (Yahoo error = "No data found, symbol may be delisted")
2026-01-07 01:53:06,834 ERROR $ZOMATO.NS: possibly delisted; no price data found  (period=25y) (Yahoo error = "No data found, symbol may be delisted")
2026-01-07 01:53:08,237 ERROR 
2 Failed downloads:
2026-01-07 01:53:08,237 ERROR ['TATAMOTORS.NS', 'ZOMATO.NS']: possibly delisted; no price data found  (period=25y) (Yahoo error = "No data found, symbol may be delisted")
2026-01-07 01:53:09,994 ERROR 'charmap' codec can't encode characters in position 0-1: character maps to <undefined>
2026-01-07 01:53:19,995 INFO Bot started
2026-01-07 01:53:21,185 ERROR $TATAMOTORS.NS: possibly delisted; no price data found  (period=25y) (Yahoo error = "No data found, symbol may be delisted")
2026-01-07 01:53:29,734 ERROR $ZOMATO.NS: possibly delisted; no price data found  (period=25y) (Yahoo error = "No data found, symbol may be delisted")
2026-01-07 01:53:30,760 ERROR 
2 Failed downloads:
2026-01-07 01:53:30,760 ERROR ['TATAMOTORS.NS', 'ZOMATO.NS']: possibly delisted; no price data found  (period=25y) (Yahoo error = "No data found, symbol may be delisted")
2026-01-07 01:53:32,656 ERROR 'charmap' codec can't encode characters in position 0-1: character maps to <undefined>
2026-01-07 01:53:42,657 INFO Bot started
2026-01-07 01:53:43,821 ERROR $TATAMOTORS.NS: possibly delisted; no price data found  (period=25y) (Yahoo error = "No data found, symbol may be delisted")
2026-01-07 01:53:51,624 ERROR $ZOMATO.NS: possibly delisted; no price data found  (period=25y) (Yahoo error = "No data found, symbol may be delisted")
2026-01-07 01:53:52,634 ERROR 
2 Failed downloads:
2026-01-07 01:53:52,634 ERROR ['TATAMOTORS.NS', 'ZOMATO.NS']: possibly delisted; no price data found  (period=25y) (Yahoo error = "No data found, symbol may be delisted")
2026-01-07 01:53:54,318 ERROR 'charmap' codec can't encode characters in position 0-1: character maps to <undefined>
2026-01-07 01:54:04,319 INFO Bot started
2026-01-07 01:54:05,349 ERROR $TATAMOTORS.NS: possibly delisted; no price data found  (period=25y) (Yahoo error = "No data found, symbol may be delisted")
2026-01-07 01:54:12,140 ERROR $ZOMATO.NS: possibly delisted; no price data found  (period=25y) (Yahoo error = "No data found, symbol may be delisted")
2026-01-07 01:54:13,467 ERROR 
2 Failed downloads:
2026-01-07 01:54:13,467 ERROR ['TATAMOTORS.NS', 'ZOMATO.NS']: possibly delisted; no price data found  (period=25y) (Yahoo error = "No data found, symbol may be delisted")
2026-01-07 01:54:15,383 ERROR 'charmap' codec can't encode characters in position 0-1: character maps to <undefined>
2026-01-07 01:54:25,383 INFO Bot started
2026-01-07 01:54:26,496 ERROR $TATAMOTORS.NS: possibly delisted; no price data found  (period=25y) (Yahoo error = "No data found, symbol may be delisted")
2026-01-07 01:54:33,403 ERROR $ZOMATO.NS: possibly delisted; no price data found  (period=25y) (Yahoo error = "No data found, symbol may be delisted")
2026-01-07 01:54:35,191 ERROR 
2 Failed downloads:
2026-01-07 01:54:35,191 ERROR ['TATAMOTORS.NS', 'ZOMATO.NS']: possibly delisted; no price data found  (period=25y) (Yahoo error = "No data found, symbol may be delisted")
2026-01-07 01:54:36,752 ERROR 'charmap' codec can't encode characters in position 0-1: character maps to <undefined>
2026-01-07 01:54:46,752 INFO Bot started
2026-01-07 01:54:47,839 ERROR $TATAMOTORS.NS: possibly delisted; no price data found  (period=25y) (Yahoo error = "No data found, symbol may be delisted")
2026-01-07 01:54:55,450 ERROR $ZOMATO.NS: possibly delisted; no price data found  (period=25y) (Yahoo error = "No data found, symbol may be delisted")
2026-01-07 01:54:57,014 ERROR 
2 Failed downloads:
2026-01-07 01:54:57,014 ERROR ['TATAMOTORS.NS', 'ZOMATO.NS']: possibly delisted; no price data found  (period=25y) (Yahoo error = "No data found, symbol may be delisted")
2026-01-07 01:54:59,115 ERROR 'charmap' codec can't encode characters in position 0-1: character maps to <undefined>
2026-01-07 01:55:09,116 INFO Bot started
2026-01-07 01:55:10,774 ERROR $TATAMOTORS.NS: possibly delisted; no price data found  (period=25y) (Yahoo error = "No data found, symbol may be delisted")
2026-01-07 01:55:19,554 ERROR $ZOMATO.NS: possibly delisted; no price data found  (period=25y) (Yahoo error = "No data found, symbol may be delisted")
2026-01-07 01:55:20,982 ERROR 
2 Failed downloads:
2026-01-07 01:55:20,982 ERROR ['TATAMOTORS.NS', 'ZOMATO.NS']: possibly delisted; no price data found  (period=25y) (Yahoo error = "No data found, symbol may be delisted")
2026-01-07 01:55:22,805 ERROR 'charmap' codec can't encode characters in position 0-1: character maps to <undefined>
2026-01-07 01:55:32,806 INFO Bot started
2026-01-07 01:55:33,751 ERROR $TATAMOTORS.NS: possibly delisted; no price data found  (period=25y) (Yahoo error = "No data found, symbol may be delisted")
2026-01-07 01:55:41,475 ERROR $ZOMATO.NS: possibly delisted; no price data found  (period=25y) (Yahoo error = "No data found, symbol may be delisted")
2026-01-07 01:55:42,091 ERROR 
2 Failed downloads:
2026-01-07 01:55:42,091 ERROR ['TATAMOTORS.NS', 'ZOMATO.NS']: possibly delisted; no price data found  (period=25y) (Yahoo error = "No data found, symbol may be delisted")
2026-01-07 01:55:43,700 ERROR 'charmap' codec can't encode characters in position 0-1: character maps to <undefined>
2026-01-07 01:55:53,701 INFO Bot started
2026-01-07 01:55:54,532 ERROR $TATAMOTORS.NS: possibly delisted; no price data found  (period=25y) (Yahoo error = "No data found, symbol may be delisted")
2026-01-07 01:55:59,353 ERROR $ZOMATO.NS: possibly delisted; no price data found  (period=25y) (Yahoo error = "No data found, symbol may be delisted")
2026-01-07 01:56:00,112 ERROR 
2 Failed downloads:
2026-01-07 01:56:00,112 ERROR ['TATAMOTORS.NS', 'ZOMATO.NS']: possibly delisted; no price data found  (period=25y) (Yahoo error = "No data found, symbol may be delisted")
2026-01-07 01:56:01,763 ERROR 'charmap' codec can't encode characters in position 0-1: character maps to <undefined>
2026-01-07 01:56:11,764 INFO Bot started
2026-01-07 01:56:12,568 ERROR $TATAMOTORS.NS: possibly delisted; no price data found  (period=25y) (Yahoo error = "No data found, symbol may be delisted")
2026-01-07 01:56:17,308 ERROR $ZOMATO.NS: possibly delisted; no price data found  (period=25y) (Yahoo error = "No data found, symbol may be delisted")
2026-01-07 01:56:18,160 ERROR 
2 Failed downloads:
2026-01-07 01:56:18,160 ERROR ['TATAMOTORS.NS', 'ZOMATO.NS']: possibly delisted; no price data found  (period=25y) (Yahoo error = "No data found, symbol may be delisted")
2026-01-07 01:56:20,186 ERROR 'charmap' codec can't encode characters in position 0-1: character maps to <undefined>
2026-01-07 01:56:30,187 INFO Bot started
2026-01-07 01:56:31,320 ERROR $TATAMOTORS.NS: possibly delisted; no price data found  (period=25y) (Yahoo error = "No data found, symbol may be delisted")
2026-01-07 01:56:38,328 ERROR $ZOMATO.NS: possibly delisted; no price data found  (period=25y) (Yahoo error = "No data found, symbol may be delisted")
2026-01-07 01:56:39,530 ERROR 
2 Failed downloads:
2026-01-07 01:56:39,530 ERROR ['TATAMOTORS.NS', 'ZOMATO.NS']: possibly delisted; no price data found  (period=25y) (Yahoo error = "No data found, symbol may be delisted")
2026-01-07 01:56:41,529 ERROR 'charmap' codec can't encode characters in position 0-1: character maps to <undefined>
2026-01-07 01:56:51,530 INFO Bot started
2026-01-07 01:56:54,004 ERROR $TATAMOTORS.NS: possibly delisted; no price data found  (period=25y) (Yahoo error = "No data found, symbol may be delisted")
2026-01-07 01:57:01,005 ERROR $ZOMATO.NS: possibly delisted; no price data found  (period=25y) (Yahoo error = "No data found, symbol may be delisted")
2026-01-07 01:57:02,149 ERROR 
2 Failed downloads:
2026-01-07 01:57:02,149 ERROR ['TATAMOTORS.NS', 'ZOMATO.NS']: possibly delisted; no price data found  (period=25y) (Yahoo error = "No data found, symbol may be delisted")
2026-01-07 01:57:03,616 ERROR 'charmap' codec can't encode characters in position 0-1: character maps to <undefined>
2026-01-07 01:57:13,617 INFO Bot started
2026-01-07 01:57:14,559 ERROR $TATAMOTORS.NS: possibly delisted; no price data found  (period=25y) (Yahoo error = "No data found, symbol may be delisted")
2026-01-07 01:57:21,981 ERROR $ZOMATO.NS: possibly delisted; no price data found  (period=25y) (Yahoo error = "No data found, symbol may be delisted")
2026-01-07 01:57:22,985 ERROR 
2 Failed downloads:
2026-01-07 01:57:22,985 ERROR ['TATAMOTORS.NS', 'ZOMATO.NS']: possibly delisted; no price data found  (period=25y) (Yahoo error = "No data found, symbol may be delisted")
2026-01-07 01:57:24,676 ERROR 'charmap' codec can't encode characters in position 0-1: character maps to <undefined>
2026-01-07 01:57:34,677 INFO Bot started
2026-01-07 01:57:35,703 ERROR $TATAMOTORS.NS: possibly delisted; no price data found  (period=25y) (Yahoo error = "No data found, symbol may be delisted")
2026-01-07 01:57:40,881 ERROR $ZOMATO.NS: possibly delisted; no price data found  (period=25y) (Yahoo error = "No data found, symbol may be delisted")
2026-01-07 01:57:41,343 ERROR 
2 Failed downloads:
2026-01-07 01:57:41,343 ERROR ['TATAMOTORS.NS', 'ZOMATO.NS']: possibly delisted; no price data found  (period=25y) (Yahoo error = "No data found, symbol may be delisted")
2026-01-07 01:57:42,949 ERROR 'charmap' codec can't encode characters in position 0-1: character maps to <undefined>
2026-01-07 01:57:52,950 INFO Bot started
2026-01-07 01:57:53,862 ERROR $TATAMOTORS.NS: possibly delisted; no price data found  (period=25y) (Yahoo error = "No data found, symbol may be delisted")
2026-01-07 01:57:59,930 ERROR $ZOMATO.NS: possibly delisted; no price data found  (period=25y) (Yahoo error = "No data found, symbol may be delisted")
2026-01-07 01:58:00,230 ERROR 
2 Failed downloads:
2026-01-07 01:58:00,230 ERROR ['TATAMOTORS.NS', 'ZOMATO.NS']: possibly delisted; no price data found  (period=25y) (Yahoo error = "No data found, symbol may be delisted")
2026-01-07 01:58:02,152 ERROR 'charmap' codec can't encode characters in position 0-1: character maps to <undefined>
2026-01-07 01:58:12,154 INFO Bot started
2026-01-07 01:58:13,236 ERROR $TATAMOTORS.NS: possibly delisted; no price data found  (period=25y) (Yahoo error = "No data found, symbol may be delisted")
2026-01-07 01:58:19,065 ERROR $ZOMATO.NS: possibly delisted; no price data found  (period=25y) (Yahoo error = "No data found, symbol may be delisted")
2026-01-07 01:58:19,930 ERROR 
2 Failed downloads:
2026-01-07 01:58:19,930 ERROR ['TATAMOTORS.NS', 'ZOMATO.NS']: possibly delisted; no price data found  (period=25y) (Yahoo error = "No data found, symbol may be delisted")
2026-01-07 01:58:21,415 ERROR 'charmap' codec can't encode characters in position 0-1: character maps to <undefined>
2026-01-07 01:58:31,416 INFO Bot started
2026-01-07 01:58:32,075 ERROR $TATAMOTORS.NS: possibly delisted; no price data found  (period=25y) (Yahoo error = "No data found, symbol may be delisted")
2026-01-07 01:58:39,257 ERROR $ZOMATO.NS: possibly delisted; no price data found  (period=25y) (Yahoo error = "No data found, symbol may be delisted")
2026-01-07 01:58:40,524 ERROR 
2 Failed downloads:
2026-01-07 01:58:40,524 ERROR ['TATAMOTORS.NS', 'ZOMATO.NS']: possibly delisted; no price data found  (period=25y) (Yahoo error = "No data found, symbol may be delisted")
2026-01-07 01:58:42,515 ERROR 'charmap' codec can't encode characters in position 0-1: character maps to <undefined>
2026-01-07 01:58:52,515 INFO Bot started
2026-01-07 01:58:53,629 ERROR $TATAMOTORS.NS: possibly delisted; no price data found  (period=25y) (Yahoo error = "No data found, symbol may be delisted")
2026-01-07 01:59:01,341 ERROR $ZOMATO.NS: possibly delisted; no price data found  (period=25y) (Yahoo error = "No data found, symbol may be delisted")
2026-01-07 01:59:02,762 ERROR 
2 Failed downloads:
2026-01-07 01:59:02,762 ERROR ['TATAMOTORS.NS', 'ZOMATO.NS']: possibly delisted; no price data found  (period=25y) (Yahoo error = "No data found, symbol may be delisted")
2026-01-07 01:59:04,367 ERROR 'charmap' codec can't encode characters in position 0-1: character maps to <undefined>
2026-01-07 01:59:14,368 INFO Bot started
2026-01-07 01:59:15,896 ERROR $TATAMOTORS.NS: possibly delisted; no price data found  (period=25y) (Yahoo error = "No data found, symbol may be delisted")
2026-01-07 01:59:22,688 ERROR $ZOMATO.NS: possibly delisted; no price data found  (period=25y) (Yahoo error = "No data found, symbol may be delisted")
2026-01-07 01:59:23,936 ERROR 
2 Failed downloads:
2026-01-07 01:59:23,936 ERROR ['TATAMOTORS.NS', 'ZOMATO.NS']: possibly delisted; no price data found  (period=25y) (Yahoo error = "No data found, symbol may be delisted")
2026-01-07 01:59:25,921 ERROR 'charmap' codec can't encode characters in position 0-1: character maps to <undefined>
2026-01-07 01:59:35,922 INFO Bot started
2026-01-07 01:59:36,889 ERROR $TATAMOTORS.NS: possibly delisted; no price data found  (period=25y) (Yahoo error = "No data found, symbol may be delisted")
2026-01-07 01:59:42,021 ERROR $ZOMATO.NS: possibly delisted; no price data found  (period=25y) (Yahoo error = "No data found, symbol may be delisted")
2026-01-07 01:59:42,948 ERROR 
2 Failed downloads:
2026-01-07 01:59:42,948 ERROR ['TATAMOTORS.NS', 'ZOMATO.NS']: possibly delisted; no price data found  (period=25y) (Yahoo error = "No data found, symbol may be delisted")
2026-01-07 01:59:44,572 ERROR 'charmap' codec can't encode characters in position 0-1: character maps to <undefined>
2026-01-07 01:59:54,573 INFO Bot started
2026-01-07 01:59:55,719 ERROR $TATAMOTORS.NS: possibly delisted; no price data found  (period=25y) (Yahoo error = "No data found, symbol may be delisted")
2026-01-07 02:00:01,181 ERROR $ZOMATO.NS: possibly delisted; no price data found  (period=25y) (Yahoo error = "No data found, symbol may be delisted")
2026-01-07 02:00:01,793 ERROR 
2 Failed downloads:
2026-01-07 02:00:01,793 ERROR ['TATAMOTORS.NS', 'ZOMATO.NS']: possibly delisted; no price data found  (period=25y) (Yahoo error = "No data found, symbol may be delisted")
2026-01-07 02:00:03,907 ERROR 'charmap' codec can't encode characters in position 0-1: character maps to <undefined>
2026-01-07 02:00:13,908 INFO Bot started
2026-01-07 02:00:14,697 ERROR $TATAMOTORS.NS: possibly delisted; no price data found  (period=25y) (Yahoo error = "No data found, symbol may be delisted")
2026-01-07 02:00:19,512 ERROR $ZOMATO.NS: possibly delisted; no price data found  (period=25y) (Yahoo error = "No data found, symbol may be delisted")
2026-01-07 02:00:20,347 ERROR 
2 Failed downloads:
2026-01-07 02:00:20,347 ERROR ['TATAMOTORS.NS', 'ZOMATO.NS']: possibly delisted; no price data found  (period=25y) (Yahoo error = "No data found, symbol may be delisted")
2026-01-07 02:00:21,924 ERROR 'charmap' codec can't encode characters in position 0-1: character maps to <undefined>
2026-01-07 02:00:31,932 INFO Bot started
2026-01-07 02:00:33,129 ERROR $TATAMOTORS.NS: possibly delisted; no price data found  (period=25y) (Yahoo error = "No data found, symbol may be delisted")
2026-01-07 02:00:38,882 ERROR $ZOMATO.NS: possibly delisted; no price data found  (period=25y) (Yahoo error = "No data found, symbol may be delisted")
2026-01-07 02:00:40,514 ERROR 
2 Failed downloads:
2026-01-07 02:00:40,514 ERROR ['TATAMOTORS.NS', 'ZOMATO.NS']: possibly delisted; no price data found  (period=25y) (Yahoo error = "No data found, symbol may be delisted")
2026-01-07 02:00:42,192 ERROR 'charmap' codec can't encode characters in position 0-1: character maps to <undefined>
2026-01-07 02:00:52,193 INFO Bot started
2026-01-07 02:00:53,272 ERROR $TATAMOTORS.NS: possibly delisted; no price data found  (period=25y) (Yahoo error = "No data found, symbol may be delisted")
2026-01-07 02:00:58,640 ERROR $ZOMATO.NS: possibly delisted; no price data found  (period=25y) (Yahoo error = "No data found, symbol may be delisted")
2026-01-07 02:00:59,388 ERROR 
2 Failed downloads:
2026-01-07 02:00:59,388 ERROR ['TATAMOTORS.NS', 'ZOMATO.NS']: possibly delisted; no price data found  (period=25y) (Yahoo error = "No data found, symbol may be delisted")
2026-01-07 02:01:00,848 ERROR 'charmap' codec can't encode characters in position 0-1: character maps to <undefined>
2026-01-07 02:01:10,848 INFO Bot started
2026-01-07 02:01:11,598 ERROR $TATAMOTORS.NS: possibly delisted; no price data found  (period=25y) (Yahoo error = "No data found, symbol may be delisted")
2026-01-07 02:01:17,207 ERROR $ZOMATO.NS: possibly delisted; no price data found  (period=25y) (Yahoo error = "No data found, symbol may be delisted")
2026-01-07 02:01:17,892 ERROR 
2 Failed downloads:
2026-01-07 02:01:17,892 ERROR ['TATAMOTORS.NS', 'ZOMATO.NS']: possibly delisted; no price data found  (period=25y) (Yahoo error = "No data found, symbol may be delisted")
2026-01-07 02:01:19,843 ERROR 'charmap' codec can't encode characters in position 0-1: character maps to <undefined>
2026-01-07 02:01:29,844 INFO Bot started
2026-01-07 02:01:30,524 ERROR $TATAMOTORS.NS: possibly delisted; no price data found  (period=25y) (Yahoo error = "No data found, symbol may be delisted")
2026-01-07 02:01:37,335 ERROR $ZOMATO.NS: possibly delisted; no price data found  (period=25y) (Yahoo error = "No data found, symbol may be delisted")
2026-01-07 02:01:38,415 ERROR 
2 Failed downloads:
2026-01-07 02:01:38,415 ERROR ['TATAMOTORS.NS', 'ZOMATO.NS']: possibly delisted; no price data found  (period=25y) (Yahoo error = "No data found, symbol may be delisted")
2026-01-07 02:01:40,499 ERROR 'charmap' codec can't encode characters in position 0-1: character maps to <undefined>
2026-01-07 02:01:50,500 INFO Bot started
2026-01-07 02:01:51,598 ERROR $TATAMOTORS.NS: possibly delisted; no price data found  (period=25y) (Yahoo error = "No data found, symbol may be delisted")
2026-01-07 02:01:58,368 ERROR $ZOMATO.NS: possibly delisted; no price data found  (period=25y) (Yahoo error = "No data found, symbol may be delisted")
2026-01-07 02:01:59,517 ERROR 
2 Failed downloads:
2026-01-07 02:01:59,517 ERROR ['TATAMOTORS.NS', 'ZOMATO.NS']: possibly delisted; no price data found  (period=25y) (Yahoo error = "No data found, symbol may be delisted")
2026-01-07 02:02:01,454 ERROR 'charmap' codec can't encode characters in position 0-1: character maps to <undefined>
2026-01-07 02:02:11,455 INFO Bot started
2026-01-07 02:02:12,386 ERROR $TATAMOTORS.NS: possibly delisted; no price data found  (period=25y) (Yahoo error = "No data found, symbol may be delisted")
2026-01-07 02:02:19,985 ERROR $ZOMATO.NS: possibly delisted; no price data found  (period=25y) (Yahoo error = "No data found, symbol may be delisted")
2026-01-07 02:02:21,109 ERROR 
2 Failed downloads:
2026-01-07 02:02:21,109 ERROR ['TATAMOTORS.NS', 'ZOMATO.NS']: possibly delisted; no price data found  (period=25y) (Yahoo error = "No data found, symbol may be delisted")
2026-01-07 02:02:23,716 ERROR 'charmap' codec can't encode characters in position 0-1: character maps to <undefined>
2026-01-07 02:02:33,717 INFO Bot started
2026-01-07 02:02:34,868 ERROR $TATAMOTORS.NS: possibly delisted; no price data found  (period=25y) (Yahoo error = "No data found, symbol may be delisted")
2026-01-07 02:02:42,316 ERROR $ZOMATO.NS: possibly delisted; no price data found  (period=25y) (Yahoo error = "No data found, symbol may be delisted")
2026-01-07 02:02:43,420 ERROR 
2 Failed downloads:
2026-01-07 02:02:43,420 ERROR ['TATAMOTORS.NS', 'ZOMATO.NS']: possibly delisted; no price data found  (period=25y) (Yahoo error = "No data found, symbol may be delisted")
2026-01-07 02:02:44,987 ERROR 'charmap' codec can't encode characters in position 0-1: character maps to <undefined>
2026-01-07 02:02:54,988 INFO Bot started
2026-01-07 02:02:56,280 ERROR $TATAMOTORS.NS: possibly delisted; no price data found  (period=25y) (Yahoo error = "No data found, symbol may be delisted")
2026-01-07 02:03:05,828 ERROR $ZOMATO.NS: possibly delisted; no price data found  (period=25y) (Yahoo error = "No data found, symbol may be delisted")
2026-01-07 02:03:06,911 ERROR 
2 Failed downloads:
2026-01-07 02:03:06,911 ERROR ['TATAMOTORS.NS', 'ZOMATO.NS']: possibly delisted; no price data found  (period=25y) (Yahoo error = "No data found, symbol may be delisted")
2026-01-07 02:03:10,536 ERROR 'charmap' codec can't encode characters in position 0-1: character maps to <undefined>
2026-01-07 02:03:20,539 INFO Bot started
2026-01-07 02:03:21,754 ERROR $TATAMOTORS.NS: possibly delisted; no price data found  (period=25y) (Yahoo error = "No data found, symbol may be delisted")
2026-01-07 02:03:31,053 ERROR $ZOMATO.NS: possibly delisted; no price data found  (period=25y) (Yahoo error = "No data found, symbol may be delisted")
2026-01-07 02:03:32,677 ERROR 
2 Failed downloads:
2026-01-07 02:03:32,678 ERROR ['TATAMOTORS.NS', 'ZOMATO.NS']: possibly delisted; no price data found  (period=25y) (Yahoo error = "No data found, symbol may be delisted")
2026-01-07 02:03:35,979 ERROR 'charmap' codec can't encode characters in position 0-1: character maps to <undefined>
2026-01-07 02:03:45,980 INFO Bot started
2026-01-07 02:03:46,896 ERROR $TATAMOTORS.NS: possibly delisted; no price data found  (period=25y) (Yahoo error = "No data found, symbol may be delisted")
2026-01-07 02:03:56,158 ERROR $ZOMATO.NS: possibly delisted; no price data found  (period=25y) (Yahoo error = "No data found, symbol may be delisted")
2026-01-07 02:03:57,958 ERROR 
2 Failed downloads:
2026-01-07 02:03:57,958 ERROR ['TATAMOTORS.NS', 'ZOMATO.NS']: possibly delisted; no price data found  (period=25y) (Yahoo error = "No data found, symbol may be delisted")
2026-01-07 02:04:01,431 ERROR 'charmap' codec can't encode characters in position 0-1: character maps to <undefined>
2026-01-07 02:04:11,431 INFO Bot started
2026-01-07 02:04:12,568 ERROR $TATAMOTORS.NS: possibly delisted; no price data found  (period=25y) (Yahoo error = "No data found, symbol may be delisted")
2026-01-07 02:04:22,041 ERROR $ZOMATO.NS: possibly delisted; no price data found  (period=25y) (Yahoo error = "No data found, symbol may be delisted")
2026-01-07 02:04:23,239 ERROR 
2 Failed downloads:
2026-01-07 02:04:23,239 ERROR ['TATAMOTORS.NS', 'ZOMATO.NS']: possibly delisted; no price data found  (period=25y) (Yahoo error = "No data found, symbol may be delisted")
2026-01-07 02:04:26,657 ERROR 'charmap' codec can't encode characters in position 0-1: character maps to <undefined>
2026-01-07 02:04:36,658 INFO Bot started
2026-01-07 02:04:37,788 ERROR $TATAMOTORS.NS: possibly delisted; no price data found  (period=25y) (Yahoo error = "No data found, symbol may be delisted")
2026-01-07 02:04:47,189 ERROR $ZOMATO.NS: possibly delisted; no price data found  (period=25y) (Yahoo error = "No data found, symbol may be delisted")
2026-01-07 02:04:48,746 ERROR 
2 Failed downloads:
2026-01-07 02:04:48,746 ERROR ['TATAMOTORS.NS', 'ZOMATO.NS']: possibly delisted; no price data found  (period=25y) (Yahoo error = "No data found, symbol may be delisted")
2026-01-07 02:04:50,539 ERROR 'charmap' codec can't encode characters in position 0-1: character maps to <undefined>
2026-01-07 02:05:00,540 INFO Bot started
2026-01-07 02:05:01,522 ERROR $TATAMOTORS.NS: possibly delisted; no price data found  (period=25y) (Yahoo error = "No data found, symbol may be delisted")
2026-01-07 02:05:09,000 ERROR $ZOMATO.NS: possibly delisted; no price data found  (period=25y) (Yahoo error = "No data found, symbol may be delisted")
2026-01-07 02:05:10,207 ERROR 
2 Failed downloads:
2026-01-07 02:05:10,207 ERROR ['TATAMOTORS.NS', 'ZOMATO.NS']: possibly delisted; no price data found  (period=25y) (Yahoo error = "No data found, symbol may be delisted")
2026-01-07 02:05:12,098 ERROR 'charmap' codec can't encode characters in position 0-1: character maps to <undefined>
2026-01-07 02:05:22,191 INFO Bot started
2026-01-07 02:05:23,318 ERROR $TATAMOTORS.NS: possibly delisted; no price data found  (period=25y) (Yahoo error = "No data found, symbol may be delisted")
2026-01-07 02:05:31,264 ERROR $ZOMATO.NS: possibly delisted; no price data found  (period=25y) (Yahoo error = "No data found, symbol may be delisted")
2026-01-07 02:05:32,763 ERROR 
2 Failed downloads:
2026-01-07 02:05:32,763 ERROR ['TATAMOTORS.NS', 'ZOMATO.NS']: possibly delisted; no price data found  (period=25y) (Yahoo error = "No data found, symbol may be delisted")
2026-01-07 02:05:34,406 ERROR 'charmap' codec can't encode characters in position 0-1: character maps to <undefined>
2026-01-07 02:05:44,407 INFO Bot started
2026-01-07 02:05:45,556 ERROR $TATAMOTORS.NS: possibly delisted; no price data found  (period=25y) (Yahoo error = "No data found, symbol may be delisted")
2026-01-07 02:05:52,957 ERROR $ZOMATO.NS: possibly delisted; no price data found  (period=25y) (Yahoo error = "No data found, symbol may be delisted")
2026-01-07 02:05:53,986 ERROR 
2 Failed downloads:
2026-01-07 02:05:53,986 ERROR ['TATAMOTORS.NS', 'ZOMATO.NS']: possibly delisted; no price data found  (period=25y) (Yahoo error = "No data found, symbol may be delisted")
2026-01-07 02:05:55,619 ERROR 'charmap' codec can't encode characters in position 0-1: character maps to <undefined>
2026-01-07 02:06:05,621 INFO Bot started
2026-01-07 02:06:06,746 ERROR $TATAMOTORS.NS: possibly delisted; no price data found  (period=25y) (Yahoo error = "No data found, symbol may be delisted")
2026-01-07 02:06:13,096 ERROR $ZOMATO.NS: possibly delisted; no price data found  (period=25y) (Yahoo error = "No data found, symbol may be delisted")
2026-01-07 02:06:13,909 ERROR 
2 Failed downloads:
2026-01-07 02:06:13,909 ERROR ['TATAMOTORS.NS', 'ZOMATO.NS']: possibly delisted; no price data found  (period=25y) (Yahoo error = "No data found, symbol may be delisted")
2026-01-07 02:06:15,542 ERROR 'charmap' codec can't encode characters in position 0-1: character maps to <undefined>
2026-01-07 02:06:25,544 INFO Bot started
2026-01-07 02:06:26,570 ERROR $TATAMOTORS.NS: possibly delisted; no price data found  (period=25y) (Yahoo error = "No data found, symbol may be delisted")
2026-01-07 02:06:34,653 ERROR $ZOMATO.NS: possibly delisted; no price data found  (period=25y) (Yahoo error = "No data found, symbol may be delisted")
2026-01-07 02:06:36,018 ERROR 
2 Failed downloads:
2026-01-07 02:06:36,018 ERROR ['TATAMOTORS.NS', 'ZOMATO.NS']: possibly delisted; no price data found  (period=25y) (Yahoo error = "No data found, symbol may be delisted")
2026-01-07 02:06:39,324 ERROR 'charmap' codec can't encode characters in position 0-1: character maps to <undefined>
2026-01-07 02:06:49,325 INFO Bot started
2026-01-07 02:06:50,208 ERROR $TATAMOTORS.NS: possibly delisted; no price data found  (period=25y) (Yahoo error = "No data found, symbol may be delisted")
2026-01-07 02:06:56,394 ERROR $ZOMATO.NS: possibly delisted; no price data found  (period=25y) (Yahoo error = "No data found, symbol may be delisted")
2026-01-07 02:06:57,772 ERROR 
2 Failed downloads:
2026-01-07 02:06:57,772 ERROR ['TATAMOTORS.NS', 'ZOMATO.NS']: possibly delisted; no price data found  (period=25y) (Yahoo error = "No data found, symbol may be delisted")
2026-01-07 02:07:00,229 ERROR 'charmap' codec can't encode characters in position 0-1: character maps to <undefined>
2026-01-07 02:07:10,230 INFO Bot started
2026-01-07 02:07:10,971 ERROR $TATAMOTORS.NS: possibly delisted; no price data found  (period=25y) (Yahoo error = "No data found, symbol may be delisted")
2026-01-07 02:07:19,555 ERROR $ZOMATO.NS: possibly delisted; no price data found  (period=25y) (Yahoo error = "No data found, symbol may be delisted")
2026-01-07 02:07:20,691 ERROR 
2 Failed downloads:
2026-01-07 02:07:20,692 ERROR ['TATAMOTORS.NS', 'ZOMATO.NS']: possibly delisted; no price data found  (period=25y) (Yahoo error = "No data found, symbol may be delisted")
2026-01-07 02:07:23,825 ERROR 'charmap' codec can't encode characters in position 0-1: character maps to <undefined>
2026-01-07 02:07:33,826 INFO Bot started
2026-01-07 02:07:34,621 ERROR $TATAMOTORS.NS: possibly delisted; no price data found  (period=25y) (Yahoo error = "No data found, symbol may be delisted")
2026-01-07 02:07:42,427 ERROR $ZOMATO.NS: possibly delisted; no price data found  (period=25y) (Yahoo error = "No data found, symbol may be delisted")
2026-01-07 02:07:43,940 ERROR 
2 Failed downloads:
2026-01-07 02:07:43,941 ERROR ['TATAMOTORS.NS', 'ZOMATO.NS']: possibly delisted; no price data found  (period=25y) (Yahoo error = "No data found, symbol may be delisted")
2026-01-07 02:07:47,779 ERROR 'charmap' codec can't encode characters in position 0-1: character maps to <undefined>
2026-01-07 02:07:57,779 INFO Bot started
2026-01-07 02:07:58,625 ERROR $TATAMOTORS.NS: possibly delisted; no price data found  (period=25y) (Yahoo error = "No data found, symbol may be delisted")
2026-01-07 02:08:04,589 ERROR $ZOMATO.NS: possibly delisted; no price data found  (period=25y) (Yahoo error = "No data found, symbol may be delisted")
2026-01-07 02:08:05,392 ERROR 
2 Failed downloads:
2026-01-07 02:08:05,392 ERROR ['TATAMOTORS.NS', 'ZOMATO.NS']: possibly delisted; no price data found  (period=25y) (Yahoo error = "No data found, symbol may be delisted")
2026-01-07 02:08:07,210 ERROR 'charmap' codec can't encode characters in position 0-1: character maps to <undefined>
2026-01-07 02:08:17,211 INFO Bot started
2026-01-07 02:08:17,995 ERROR $TATAMOTORS.NS: possibly delisted; no price data found  (period=25y) (Yahoo error = "No data found, symbol may be delisted")
2026-01-07 02:08:24,736 ERROR $ZOMATO.NS: possibly delisted; no price data found  (period=25y) (Yahoo error = "No data found, symbol may be delisted")
2026-01-07 02:08:26,044 ERROR 
2 Failed downloads:
2026-01-07 02:08:26,044 ERROR ['TATAMOTORS.NS', 'ZOMATO.NS']: possibly delisted; no price data found  (period=25y) (Yahoo error = "No data found, symbol may be delisted")
2026-01-07 02:08:28,756 ERROR 'charmap' codec can't encode characters in position 0-1: character maps to <undefined>
2026-01-07 02:08:38,757 INFO Bot started
2026-01-07 02:08:39,675 ERROR $TATAMOTORS.NS: possibly delisted; no price data found  (period=25y) (Yahoo error = "No data found, symbol may be delisted")
2026-01-07 02:08:46,953 ERROR $ZOMATO.NS: possibly delisted; no price data found  (period=25y) (Yahoo error = "No data found, symbol may be delisted")
2026-01-07 02:08:48,422 ERROR 
2 Failed downloads:
2026-01-07 02:08:48,422 ERROR ['TATAMOTORS.NS', 'ZOMATO.NS']: possibly delisted; no price data found  (period=25y) (Yahoo error = "No data found, symbol may be delisted")
2026-01-07 02:08:50,904 ERROR 'charmap' codec can't encode characters in position 0-1: character maps to <undefined>
2026-01-07 02:09:00,905 INFO Bot started
2026-01-07 02:09:01,788 ERROR $TATAMOTORS.NS: possibly delisted; no price data found  (period=25y) (Yahoo error = "No data found, symbol may be delisted")
2026-01-07 02:09:08,304 ERROR $ZOMATO.NS: possibly delisted; no price data found  (period=25y) (Yahoo error = "No data found, symbol may be delisted")
2026-01-07 02:09:09,993 ERROR 
2 Failed downloads:
2026-01-07 02:09:09,993 ERROR ['TATAMOTORS.NS', 'ZOMATO.NS']: possibly delisted; no price data found  (period=25y) (Yahoo error = "No data found, symbol may be delisted")
2026-01-07 02:09:13,556 ERROR 'charmap' codec can't encode characters in position 0-1: character maps to <undefined>
2026-01-07 02:09:23,557 INFO Bot started
2026-01-07 02:09:24,627 ERROR $TATAMOTORS.NS: possibly delisted; no price data found  (period=25y) (Yahoo error = "No data found, symbol may be delisted")
2026-01-07 02:09:34,138 ERROR $ZOMATO.NS: possibly delisted; no price data found  (period=25y) (Yahoo error = "No data found, symbol may be delisted")
2026-01-07 02:09:35,887 ERROR 
2 Failed downloads:
2026-01-07 02:09:35,888 ERROR ['TATAMOTORS.NS', 'ZOMATO.NS']: possibly delisted; no price data found  (period=25y) (Yahoo error = "No data found, symbol may be delisted")
2026-01-07 02:09:40,515 ERROR 'charmap' codec can't encode characters in position 0-1: character maps to <undefined>
2026-01-07 02:09:50,516 INFO Bot started
2026-01-07 02:09:51,488 ERROR $TATAMOTORS.NS: possibly delisted; no price data found  (period=25y) (Yahoo error = "No data found, symbol may be delisted")
2026-01-07 02:10:00,052 ERROR $ZOMATO.NS: possibly delisted; no price data found  (period=25y) (Yahoo error = "No data found, symbol may be delisted")
2026-01-07 02:10:01,925 ERROR 
2 Failed downloads:
2026-01-07 02:10:01,925 ERROR ['TATAMOTORS.NS', 'ZOMATO.NS']: possibly delisted; no price data found  (period=25y) (Yahoo error = "No data found, symbol may be delisted")
2026-01-07 02:10:05,072 ERROR 'charmap' codec can't encode characters in position 0-1: character maps to <undefined>
2026-01-07 02:10:15,072 INFO Bot started
2026-01-07 02:10:16,111 ERROR $TATAMOTORS.NS: possibly delisted; no price data found  (period=25y) (Yahoo error = "No data found, symbol may be delisted")
2026-01-07 02:10:22,814 ERROR $ZOMATO.NS: possibly delisted; no price data found  (period=25y) (Yahoo error = "No data found, symbol may be delisted")
2026-01-07 02:10:23,538 ERROR 
2 Failed downloads:
2026-01-07 02:10:23,571 ERROR ['TATAMOTORS.NS', 'ZOMATO.NS']: possibly delisted; no price data found  (period=25y) (Yahoo error = "No data found, symbol may be delisted")
2026-01-07 02:10:25,758 ERROR 'charmap' codec can't encode characters in position 0-1: character maps to <undefined>
2026-01-07 02:10:35,759 INFO Bot started
2026-01-07 02:10:36,695 ERROR $TATAMOTORS.NS: possibly delisted; no price data found  (period=25y) (Yahoo error = "No data found, symbol may be delisted")
2026-01-07 02:10:44,707 ERROR $ZOMATO.NS: possibly delisted; no price data found  (period=25y) (Yahoo error = "No data found, symbol may be delisted")
2026-01-07 02:10:45,473 ERROR 
2 Failed downloads:
2026-01-07 02:10:45,473 ERROR ['TATAMOTORS.NS', 'ZOMATO.NS']: possibly delisted; no price data found  (period=25y) (Yahoo error = "No data found, symbol may be delisted")
2026-01-07 02:10:47,621 ERROR 'charmap' codec can't encode characters in position 0-1: character maps to <undefined>
2026-01-07 02:10:57,622 INFO Bot started
2026-01-07 02:10:58,695 ERROR $TATAMOTORS.NS: possibly delisted; no price data found  (period=25y) (Yahoo error = "No data found, symbol may be delisted")
2026-01-07 02:11:05,407 ERROR $ZOMATO.NS: possibly delisted; no price data found  (period=25y) (Yahoo error = "No data found, symbol may be delisted")
2026-01-07 02:11:06,243 ERROR 
2 Failed downloads:
2026-01-07 02:11:06,243 ERROR ['TATAMOTORS.NS', 'ZOMATO.NS']: possibly delisted; no price data found  (period=25y) (Yahoo error = "No data found, symbol may be delisted")
2026-01-07 02:11:08,294 ERROR 'charmap' codec can't encode characters in position 0-1: character maps to <undefined>
2026-01-07 02:11:18,295 INFO Bot started
2026-01-07 02:11:19,281 ERROR $TATAMOTORS.NS: possibly delisted; no price data found  (period=25y) (Yahoo error = "No data found, symbol may be delisted")
2026-01-07 02:11:26,191 ERROR $ZOMATO.NS: possibly delisted; no price data found  (period=25y) (Yahoo error = "No data found, symbol may be delisted")
2026-01-07 02:11:27,141 ERROR 
2 Failed downloads:
2026-01-07 02:11:27,141 ERROR ['TATAMOTORS.NS', 'ZOMATO.NS']: possibly delisted; no price data found  (period=25y) (Yahoo error = "No data found, symbol may be delisted")
2026-01-07 02:11:28,932 ERROR 'charmap' codec can't encode characters in position 0-1: character maps to <undefined>
2026-01-07 02:11:38,933 INFO Bot started
2026-01-07 02:11:40,175 ERROR $TATAMOTORS.NS: possibly delisted; no price data found  (period=25y) (Yahoo error = "No data found, symbol may be delisted")
2026-01-07 02:11:52,419 ERROR $ZOMATO.NS: possibly delisted; no price data found  (period=25y) (Yahoo error = "No data found, symbol may be delisted")
2026-01-07 02:11:53,162 ERROR 
2 Failed downloads:
2026-01-07 02:11:53,162 ERROR ['TATAMOTORS.NS', 'ZOMATO.NS']: possibly delisted; no price data found  (period=25y) (Yahoo error = "No data found, symbol may be delisted")
2026-01-07 02:11:56,716 ERROR 'charmap' codec can't encode characters in position 0-1: character maps to <undefined>
2026-01-07 02:12:06,717 INFO Bot started
2026-01-07 02:12:07,809 ERROR $TATAMOTORS.NS: possibly delisted; no price data found  (period=25y) (Yahoo error = "No data found, symbol may be delisted")
2026-01-07 02:12:15,540 ERROR $ZOMATO.NS: possibly delisted; no price data found  (period=25y) (Yahoo error = "No data found, symbol may be delisted")
2026-01-07 02:12:16,810 ERROR 
2 Failed downloads:
2026-01-07 02:12:16,810 ERROR ['TATAMOTORS.NS', 'ZOMATO.NS']: possibly delisted; no price data found  (period=25y) (Yahoo error = "No data found, symbol may be delisted")
2026-01-07 02:12:18,664 ERROR 'charmap' codec can't encode characters in position 0-1: character maps to <undefined>
2026-01-07 02:12:28,665 INFO Bot started
2026-01-07 02:12:29,519 ERROR $TATAMOTORS.NS: possibly delisted; no price data found  (period=25y) (Yahoo error = "No data found, symbol may be delisted")
2026-01-07 02:12:35,028 ERROR $ZOMATO.NS: possibly delisted; no price data found  (period=25y) (Yahoo error = "No data found, symbol may be delisted")
2026-01-07 02:12:36,351 ERROR 
2 Failed downloads:
2026-01-07 02:12:36,351 ERROR ['TATAMOTORS.NS', 'ZOMATO.NS']: possibly delisted; no price data found  (period=25y) (Yahoo error = "No data found, symbol may be delisted")
2026-01-07 02:12:38,014 ERROR 'charmap' codec can't encode characters in position 0-1: character maps to <undefined>
2026-01-07 02:12:48,014 INFO Bot started
2026-01-07 02:12:48,942 ERROR $TATAMOTORS.NS: possibly delisted; no price data found  (period=25y) (Yahoo error = "No data found, symbol may be delisted")
2026-01-07 02:12:58,206 ERROR $ZOMATO.NS: possibly delisted; no price data found  (period=25y) (Yahoo error = "No data found, symbol may be delisted")
2026-01-07 02:12:59,132 ERROR 
2 Failed downloads:
2026-01-07 02:12:59,132 ERROR ['TATAMOTORS.NS', 'ZOMATO.NS']: possibly delisted; no price data found  (period=25y) (Yahoo error = "No data found, symbol may be delisted")
2026-01-07 02:13:02,319 ERROR 'charmap' codec can't encode characters in position 0-1: character maps to <undefined>
2026-01-07 02:13:12,321 INFO Bot started
2026-01-07 02:13:13,214 ERROR $TATAMOTORS.NS: possibly delisted; no price data found  (period=25y) (Yahoo error = "No data found, symbol may be delisted")
2026-01-07 02:13:20,122 ERROR $ZOMATO.NS: possibly delisted; no price data found  (period=25y) (Yahoo error = "No data found, symbol may be delisted")
2026-01-07 02:13:20,705 ERROR 
2 Failed downloads:
2026-01-07 02:13:20,705 ERROR ['TATAMOTORS.NS', 'ZOMATO.NS']: possibly delisted; no price data found  (period=25y) (Yahoo error = "No data found, symbol may be delisted")
2026-01-07 02:13:22,711 ERROR 'charmap' codec can't encode characters in position 0-1: character maps to <undefined>
2026-01-07 02:13:32,712 INFO Bot started
2026-01-07 02:13:34,132 ERROR $TATAMOTORS.NS: possibly delisted; no price data found  (period=25y) (Yahoo error = "No data found, symbol may be delisted")
2026-01-07 02:13:43,238 ERROR $ZOMATO.NS: possibly delisted; no price data found  (period=25y) (Yahoo error = "No data found, symbol may be delisted")
2026-01-07 02:13:44,608 ERROR 
2 Failed downloads:
2026-01-07 02:13:44,608 ERROR ['TATAMOTORS.NS', 'ZOMATO.NS']: possibly delisted; no price data found  (period=25y) (Yahoo error = "No data found, symbol may be delisted")
2026-01-07 02:13:46,269 ERROR 'charmap' codec can't encode characters in position 0-1: character maps to <undefined>
2026-01-07 02:13:56,270 INFO Bot started
2026-01-07 02:13:57,252 ERROR $TATAMOTORS.NS: possibly delisted; no price data found  (period=25y) (Yahoo error = "No data found, symbol may be delisted")
2026-01-07 10:03:08,705 INFO Bot started
2026-01-07 10:03:14,553 ERROR $ZOMATO.NS: possibly delisted; no price data found  (period=25y) (Yahoo error = "No data found, symbol may be delisted")
2026-01-07 10:03:20,977 ERROR HTTP Error 404: {"quoteSummary":{"result":null,"error":{"code":"Not Found","description":"Quote not found for symbol: TATAMOTORS.NS"}}}
2026-01-07 10:03:22,842 ERROR $TATAMOTORS.NS: possibly delisted; no price data found  (period=25y) (Yahoo error = "No data found, symbol may be delisted")
2026-01-07 10:03:23,461 ERROR 
2 Failed downloads:
2026-01-07 10:03:23,461 ERROR ['ZOMATO.NS', 'TATAMOTORS.NS']: possibly delisted; no price data found  (period=25y) (Yahoo error = "No data found, symbol may be delisted")
2026-01-07 10:03:36,721 INFO Bot started
2026-01-07 10:03:39,432 ERROR $ZOMATO.NS: possibly delisted; no price data found  (period=25y) (Yahoo error = "No data found, symbol may be delisted")
2026-01-07 10:03:44,853 ERROR $TATAMOTORS.NS: possibly delisted; no price data found  (period=25y) (Yahoo error = "No data found, symbol may be delisted")
2026-01-07 10:03:47,467 ERROR 
2 Failed downloads:
2026-01-07 10:03:47,467 ERROR ['ZOMATO.NS', 'TATAMOTORS.NS']: possibly delisted; no price data found  (period=25y) (Yahoo error = "No data found, symbol may be delisted")
2026-01-07 10:04:02,456 INFO Bot started
2026-01-07 10:04:10,566 INFO Bot started
2026-01-07 10:04:18,571 ERROR $ZOMATO.NS: possibly delisted; no price data found  (period=25y) (Yahoo error = "No data found, symbol may be delisted")
2026-01-07 10:04:23,922 ERROR HTTP Error 404: {"quoteSummary":{"result":null,"error":{"code":"Not Found","description":"Quote not found for symbol: TATAMOTORS.NS"}}}
2026-01-07 10:04:24,993 ERROR $TATAMOTORS.NS: possibly delisted; no price data found  (period=25y) (Yahoo error = "No data found, symbol may be delisted")
2026-01-07 10:04:25,001 ERROR 
2 Failed downloads:
2026-01-07 10:04:25,001 ERROR ['ZOMATO.NS', 'TATAMOTORS.NS']: possibly delisted; no price data found  (period=25y) (Yahoo error = "No data found, symbol may be delisted")
2026-01-07 10:04:40,970 INFO Bot started
2026-01-07 10:04:46,411 ERROR $ZOMATO.NS: possibly delisted; no price data found  (period=25y) (Yahoo error = "No data found, symbol may be delisted")
2026-01-07 10:04:52,027 ERROR $TATAMOTORS.NS: possibly delisted; no price data found  (period=25y) (Yahoo error = "No data found, symbol may be delisted")
2026-01-07 10:04:53,189 ERROR 
2 Failed downloads:
2026-01-07 10:04:53,189 ERROR ['ZOMATO.NS', 'TATAMOTORS.NS']: possibly delisted; no price data found  (period=25y) (Yahoo error = "No data found, symbol may be delisted")
2026-01-07 10:05:08,291 INFO Bot started
2026-01-07 10:05:13,780 ERROR $ZOMATO.NS: possibly delisted; no price data found  (period=25y) (Yahoo error = "No data found, symbol may be delisted")
2026-01-07 10:05:19,399 ERROR $TATAMOTORS.NS: possibly delisted; no price data found  (period=25y) (Yahoo error = "No data found, symbol may be delisted")
2026-01-07 10:05:20,143 ERROR 
2 Failed downloads:
2026-01-07 10:05:20,143 ERROR ['ZOMATO.NS', 'TATAMOTORS.NS']: possibly delisted; no price data found  (period=25y) (Yahoo error = "No data found, symbol may be delisted")
2026-01-07 10:05:36,425 INFO Bot started
2026-01-07 10:05:43,174 ERROR $ZOMATO.NS: possibly delisted; no price data found  (period=25y) (Yahoo error = "No data found, symbol may be delisted")
2026-01-07 10:05:48,322 ERROR $TATAMOTORS.NS: possibly delisted; no price data found  (period=25y) (Yahoo error = "No data found, symbol may be delisted")
2026-01-07 10:05:49,602 ERROR 
2 Failed downloads:
2026-01-07 10:05:49,603 ERROR ['ZOMATO.NS', 'TATAMOTORS.NS']: possibly delisted; no price data found  (period=25y) (Yahoo error = "No data found, symbol may be delisted")
2026-01-07 10:06:03,684 INFO Bot started
2026-01-07 10:06:09,032 ERROR $ZOMATO.NS: possibly delisted; no price data found  (period=25y) (Yahoo error = "No data found, symbol may be delisted")
2026-01-07 10:06:12,910 ERROR $TATAMOTORS.NS: possibly delisted; no price data found  (period=25y) (Yahoo error = "No data found, symbol may be delisted")
2026-01-07 10:06:13,532 ERROR 
2 Failed downloads:
2026-01-07 10:06:13,532 ERROR ['ZOMATO.NS', 'TATAMOTORS.NS']: possibly delisted; no price data found  (period=25y) (Yahoo error = "No data found, symbol may be delisted")
2026-01-07 10:06:27,045 INFO Bot started
2026-01-07 10:06:30,384 ERROR $ZOMATO.NS: possibly delisted; no price data found  (period=25y) (Yahoo error = "No data found, symbol may be delisted")
2026-01-07 10:06:33,622 ERROR $TATAMOTORS.NS: possibly delisted; no price data found  (period=25y) (Yahoo error = "No data found, symbol may be delisted")
2026-01-07 10:06:34,159 ERROR 
2 Failed downloads:
2026-01-07 10:06:34,159 ERROR ['ZOMATO.NS', 'TATAMOTORS.NS']: possibly delisted; no price data found  (period=25y) (Yahoo error = "No data found, symbol may be delisted")
2026-01-07 10:06:46,875 INFO Bot started
2026-01-07 10:06:50,867 ERROR $ZOMATO.NS: possibly delisted; no price data found  (period=25y) (Yahoo error = "No data found, symbol may be delisted")
2026-01-07 10:06:54,234 ERROR $TATAMOTORS.NS: possibly delisted; no price data found  (period=25y) (Yahoo error = "No data found, symbol may be delisted")
2026-01-07 10:06:54,765 ERROR 
2 Failed downloads:
2026-01-07 10:06:54,765 ERROR ['ZOMATO.NS', 'TATAMOTORS.NS']: possibly delisted; no price data found  (period=25y) (Yahoo error = "No data found, symbol may be delisted")
2026-01-07 10:07:09,268 INFO Bot started
2026-01-07 10:07:13,415 ERROR $ZOMATO.NS: possibly delisted; no price data found  (period=25y) (Yahoo error = "No data found, symbol may be delisted")
2026-01-07 10:07:17,069 ERROR $TATAMOTORS.NS: possibly delisted; no price data found  (period=25y) (Yahoo error = "No data found, symbol may be delisted")
2026-01-07 10:07:17,400 ERROR 
2 Failed downloads:
2026-01-07 10:07:17,400 ERROR ['ZOMATO.NS', 'TATAMOTORS.NS']: possibly delisted; no price data found  (period=25y) (Yahoo error = "No data found, symbol may be delisted")
2026-01-07 10:07:30,550 INFO Bot started
2026-01-07 10:07:34,593 ERROR $ZOMATO.NS: possibly delisted; no price data found  (period=25y) (Yahoo error = "No data found, symbol may be delisted")
2026-01-07 10:07:38,123 ERROR $TATAMOTORS.NS: possibly delisted; no price data found  (period=25y) (Yahoo error = "No data found, symbol may be delisted")
2026-01-07 10:07:38,655 ERROR 
2 Failed downloads:
2026-01-07 10:07:38,655 ERROR ['ZOMATO.NS', 'TATAMOTORS.NS']: possibly delisted; no price data found  (period=25y) (Yahoo error = "No data found, symbol may be delisted")
2026-01-07 10:07:51,973 INFO Bot started
2026-01-07 10:07:56,211 ERROR $ZOMATO.NS: possibly delisted; no price data found  (period=25y) (Yahoo error = "No data found, symbol may be delisted")
2026-01-07 10:08:00,079 ERROR $TATAMOTORS.NS: possibly delisted; no price data found  (period=25y) (Yahoo error = "No data found, symbol may be delisted")
2026-01-07 10:08:00,494 ERROR 
2 Failed downloads:
2026-01-07 10:08:00,506 ERROR ['ZOMATO.NS', 'TATAMOTORS.NS']: possibly delisted; no price data found  (period=25y) (Yahoo error = "No data found, symbol may be delisted")
2026-01-07 10:08:13,688 INFO Bot started
2026-01-07 10:08:17,093 ERROR $ZOMATO.NS: possibly delisted; no price data found  (period=25y) (Yahoo error = "No data found, symbol may be delisted")
2026-01-07 10:08:20,452 ERROR $TATAMOTORS.NS: possibly delisted; no price data found  (period=25y) (Yahoo error = "No data found, symbol may be delisted")
2026-01-07 10:08:21,274 ERROR 
2 Failed downloads:
2026-01-07 10:08:21,274 ERROR ['ZOMATO.NS', 'TATAMOTORS.NS']: possibly delisted; no price data found  (period=25y) (Yahoo error = "No data found, symbol may be delisted")
2026-01-07 10:08:36,023 INFO Bot started
2026-01-07 10:08:39,587 ERROR $ZOMATO.NS: possibly delisted; no price data found  (period=25y) (Yahoo error = "No data found, symbol may be delisted")
2026-01-07 10:08:43,552 ERROR $TATAMOTORS.NS: possibly delisted; no price data found  (period=25y) (Yahoo error = "No data found, symbol may be delisted")
2026-01-07 10:08:44,172 ERROR 
2 Failed downloads:
2026-01-07 10:08:44,172 ERROR ['ZOMATO.NS', 'TATAMOTORS.NS']: possibly delisted; no price data found  (period=25y) (Yahoo error = "No data found, symbol may be delisted")
2026-01-07 10:08:58,176 INFO Bot started
2026-01-07 10:09:03,096 ERROR $ZOMATO.NS: possibly delisted; no price data found  (period=25y) (Yahoo error = "No data found, symbol may be delisted")
2026-01-07 10:09:06,761 ERROR $TATAMOTORS.NS: possibly delisted; no price data found  (period=25y) (Yahoo error = "No data found, symbol may be delisted")
2026-01-07 10:09:07,039 ERROR 
2 Failed downloads:
2026-01-07 10:09:07,039 ERROR ['ZOMATO.NS', 'TATAMOTORS.NS']: possibly delisted; no price data found  (period=25y) (Yahoo error = "No data found, symbol may be delisted")
2026-01-07 10:10:00,996 INFO Bot started
2026-01-07 10:10:08,416 ERROR $ZOMATO.NS: possibly delisted; no price data found  (period=25y) (Yahoo error = "No data found, symbol may be delisted")
2026-01-07 10:10:09,977 ERROR HTTP Error 404: {"quoteSummary":{"result":null,"error":{"code":"Not Found","description":"Quote not found for symbol: TATAMOTORS.NS"}}}
2026-01-07 10:10:10,756 ERROR $TATAMOTORS.NS: possibly delisted; no price data found  (period=25y) (Yahoo error = "No data found, symbol may be delisted")
2026-01-07 10:10:11,305 ERROR 
2 Failed downloads:
2026-01-07 10:10:11,305 ERROR ['ZOMATO.NS', 'TATAMOTORS.NS']: possibly delisted; no price data found  (period=25y) (Yahoo error = "No data found, symbol may be delisted")
2026-01-07 10:10:25,685 INFO Bot started
2026-01-07 10:10:30,625 ERROR $ZOMATO.NS: possibly delisted; no price data found  (period=25y) (Yahoo error = "No data found, symbol may be delisted")
2026-01-07 10:10:32,073 ERROR $TATAMOTORS.NS: possibly delisted; no price data found  (period=25y) (Yahoo error = "No data found, symbol may be delisted")
2026-01-07 10:10:33,641 ERROR 
2 Failed downloads:
2026-01-07 10:10:33,641 ERROR ['ZOMATO.NS', 'TATAMOTORS.NS']: possibly delisted; no price data found  (period=25y) (Yahoo error = "No data found, symbol may be delisted")
2026-01-07 10:10:50,840 INFO Bot started
2026-01-07 10:10:57,351 ERROR $ZOMATO.NS: possibly delisted; no price data found  (period=25y) (Yahoo error = "No data found, symbol may be delisted")
2026-01-07 10:11:00,004 ERROR $TATAMOTORS.NS: possibly delisted; no price data found  (period=25y) (Yahoo error = "No data found, symbol may be delisted")
2026-01-07 10:11:02,418 ERROR 
2 Failed downloads:
2026-01-07 10:11:02,418 ERROR ['ZOMATO.NS', 'TATAMOTORS.NS']: possibly delisted; no price data found  (period=25y) (Yahoo error = "No data found, symbol may be delisted")
2026-01-07 10:11:15,874 INFO Bot started
2026-01-07 10:12:21,411 INFO Bot started
2026-01-07 10:12:30,992 ERROR $ZOMATO.NS: possibly delisted; no price data found  (period=25y) (Yahoo error = "No data found, symbol may be delisted")
2026-01-07 10:12:31,862 ERROR HTTP Error 404: {"quoteSummary":{"result":null,"error":{"code":"Not Found","description":"Quote not found for symbol: TATAMOTORS.NS"}}}
2026-01-07 10:12:32,812 ERROR $TATAMOTORS.NS: possibly delisted; no price data found  (period=25y) (Yahoo error = "No data found, symbol may be delisted")
2026-01-07 10:12:32,815 ERROR 
2 Failed downloads:
2026-01-07 10:12:32,815 ERROR ['ZOMATO.NS', 'TATAMOTORS.NS']: possibly delisted; no price data found  (period=25y) (Yahoo error = "No data found, symbol may be delisted")
2026-01-07 10:12:46,769 INFO Bot started
2026-01-07 10:12:54,280 ERROR $ZOMATO.NS: possibly delisted; no price data found  (period=25y) (Yahoo error = "No data found, symbol may be delisted")
2026-01-07 10:14:44,425 INFO Bot started
2026-01-07 10:14:48,370 ERROR HTTP Error 404: {"quoteSummary":{"result":null,"error":{"code":"Not Found","description":"Quote not found for symbol: TATAMOTORS.NS"}}}
2026-01-07 10:14:49,406 ERROR $ZOMATO.NS: possibly delisted; no price data found  (period=25y) (Yahoo error = "No data found, symbol may be delisted")
2026-01-07 10:14:49,490 ERROR $TATAMOTORS.NS: possibly delisted; no price data found  (period=25y) (Yahoo error = "No data found, symbol may be delisted")
2026-01-07 10:14:53,154 ERROR 
2 Failed downloads:
2026-01-07 10:14:53,154 ERROR ['ZOMATO.NS', 'TATAMOTORS.NS']: possibly delisted; no price data found  (period=25y) (Yahoo error = "No data found, symbol may be delisted")
2026-01-07 10:15:06,263 INFO Bot started
2026-01-07 10:15:09,873 ERROR $TATAMOTORS.NS: possibly delisted; no price data found  (period=25y) (Yahoo error = "No data found, symbol may be delisted")
2026-01-07 10:15:10,776 ERROR $ZOMATO.NS: possibly delisted; no price data found  (period=25y) (Yahoo error = "No data found, symbol may be delisted")
2026-01-07 10:15:14,962 ERROR 
2 Failed downloads:
2026-01-07 10:15:14,962 ERROR ['TATAMOTORS.NS', 'ZOMATO.NS']: possibly delisted; no price data found  (period=25y) (Yahoo error = "No data found, symbol may be delisted")
2026-01-07 10:15:27,159 INFO Bot started
2026-01-07 10:15:29,865 ERROR $TATAMOTORS.NS: possibly delisted; no price data found  (period=25y) (Yahoo error = "No data found, symbol may be delisted")
2026-01-07 10:15:30,824 ERROR $ZOMATO.NS: possibly delisted; no price data found  (period=25y) (Yahoo error = "No data found, symbol may be delisted")
2026-01-07 10:15:35,868 ERROR 
2 Failed downloads:
2026-01-07 10:15:35,868 ERROR ['TATAMOTORS.NS', 'ZOMATO.NS']: possibly delisted; no price data found  (period=25y) (Yahoo error = "No data found, symbol may be delisted")
2026-01-07 10:15:49,040 INFO Bot started
2026-01-07 10:15:52,305 ERROR $TATAMOTORS.NS: possibly delisted; no price data found  (period=25y) (Yahoo error = "No data found, symbol may be delisted")
2026-01-07 10:15:53,228 ERROR $ZOMATO.NS: possibly delisted; no price data found  (period=25y) (Yahoo error = "No data found, symbol may be delisted")
2026-01-07 10:15:58,207 ERROR 
2 Failed downloads:
2026-01-07 10:15:58,207 ERROR ['TATAMOTORS.NS', 'ZOMATO.NS']: possibly delisted; no price data found  (period=25y) (Yahoo error = "No data found, symbol may be delisted")
2026-01-07 10:16:11,245 INFO Bot started
2026-01-07 10:16:15,095 ERROR $TATAMOTORS.NS: possibly delisted; no price data found  (period=25y) (Yahoo error = "No data found, symbol may be delisted")
2026-01-07 10:16:15,911 ERROR $ZOMATO.NS: possibly delisted; no price data found  (period=25y) (Yahoo error = "No data found, symbol may be delisted")
2026-01-07 10:16:21,435 ERROR 
2 Failed downloads:
2026-01-07 10:16:21,435 ERROR ['TATAMOTORS.NS', 'ZOMATO.NS']: possibly delisted; no price data found  (period=25y) (Yahoo error = "No data found, symbol may be delisted")
2026-01-07 10:16:34,172 INFO Bot started
2026-01-07 10:16:38,572 ERROR $TATAMOTORS.NS: possibly delisted; no price data found  (period=25y) (Yahoo error = "No data found, symbol may be delisted")
2026-01-07 10:16:39,505 ERROR $ZOMATO.NS: possibly delisted; no price data found  (period=25y) (Yahoo error = "No data found, symbol may be delisted")
2026-01-07 10:16:44,172 ERROR 
2 Failed downloads:
2026-01-07 10:16:44,172 ERROR ['TATAMOTORS.NS', 'ZOMATO.NS']: possibly delisted; no price data found  (period=25y) (Yahoo error = "No data found, symbol may be delisted")
2026-01-07 10:16:57,008 INFO Bot started
2026-01-07 10:17:00,113 ERROR $TATAMOTORS.NS: possibly delisted; no price data found  (period=25y) (Yahoo error = "No data found, symbol may be delisted")
2026-01-07 10:17:00,678 ERROR $ZOMATO.NS: possibly delisted; no price data found  (period=25y) (Yahoo error = "No data found, symbol may be delisted")
2026-01-07 10:17:02,489 INFO Bot started
2026-01-07 10:17:06,644 ERROR $ZOMATO.NS: possibly delisted; no price data found  (period=25y) (Yahoo error = "No data found, symbol may be delisted")
2026-01-07 10:17:08,579 ERROR HTTP Error 404: {"quoteSummary":{"result":null,"error":{"code":"Not Found","description":"Quote not found for symbol: TATAMOTORS.NS"}}}
2026-01-07 10:17:09,541 ERROR $TATAMOTORS.NS: possibly delisted; no price data found  (period=25y) (Yahoo error = "No data found, symbol may be delisted")
2026-01-07 10:17:11,905 ERROR 
2 Failed downloads:
2026-01-07 10:17:11,905 ERROR ['ZOMATO.NS', 'TATAMOTORS.NS']: possibly delisted; no price data found  (period=25y) (Yahoo error = "No data found, symbol may be delisted")
2026-01-07 10:17:25,861 INFO Bot started
2026-01-07 10:17:27,964 ERROR $ZOMATO.NS: possibly delisted; no price data found  (period=25y) (Yahoo error = "No data found, symbol may be delisted")
2026-01-07 10:17:30,287 ERROR $TATAMOTORS.NS: possibly delisted; no price data found  (period=25y) (Yahoo error = "No data found, symbol may be delisted")
2026-01-07 10:17:34,122 ERROR 
2 Failed downloads:
2026-01-07 10:17:34,122 ERROR ['ZOMATO.NS', 'TATAMOTORS.NS']: possibly delisted; no price data found  (period=25y) (Yahoo error = "No data found, symbol may be delisted")
2026-01-07 10:17:47,992 INFO Bot started
2026-01-07 10:17:50,654 ERROR $ZOMATO.NS: possibly delisted; no price data found  (period=25y) (Yahoo error = "No data found, symbol may be delisted")
2026-01-07 10:17:53,563 ERROR $TATAMOTORS.NS: possibly delisted; no price data found  (period=25y) (Yahoo error = "No data found, symbol may be delisted")
2026-01-07 10:17:56,576 INFO Bot started
2026-01-07 10:17:59,253 ERROR 
2 Failed downloads:
2026-01-07 10:17:59,253 ERROR ['ZOMATO.NS', 'TATAMOTORS.NS']: possibly delisted; no price data found  (period=25y) (Yahoo error = "No data found, symbol may be delisted")
2026-01-07 10:18:01,188 ERROR $ZOMATO.NS: possibly delisted; no price data found  (period=25y) (Yahoo error = "No data found, symbol may be delisted")
2026-01-07 10:18:05,934 ERROR HTTP Error 404: {"quoteSummary":{"result":null,"error":{"code":"Not Found","description":"Quote not found for symbol: TATAMOTORS.NS"}}}
2026-01-07 10:18:07,719 ERROR $TATAMOTORS.NS: possibly delisted; no price data found  (period=25y) (Yahoo error = "No data found, symbol may be delisted")
2026-01-07 10:18:09,622 ERROR 
2 Failed downloads:
2026-01-07 10:18:09,622 ERROR ['ZOMATO.NS', 'TATAMOTORS.NS']: possibly delisted; no price data found  (period=25y) (Yahoo error = "No data found, symbol may be delisted")
2026-01-07 10:18:14,313 INFO Bot started
2026-01-07 10:18:16,232 ERROR $ZOMATO.NS: possibly delisted; no price data found  (period=25y) (Yahoo error = "No data found, symbol may be delisted")
2026-01-07 10:18:18,917 ERROR $TATAMOTORS.NS: possibly delisted; no price data found  (period=25y) (Yahoo error = "No data found, symbol may be delisted")
2026-01-07 10:18:22,159 INFO Bot started
2026-01-07 10:18:24,041 ERROR 
2 Failed downloads:
2026-01-07 10:18:24,041 ERROR ['ZOMATO.NS', 'TATAMOTORS.NS']: possibly delisted; no price data found  (period=25y) (Yahoo error = "No data found, symbol may be delisted")
2026-01-07 10:18:24,360 ERROR $ZOMATO.NS: possibly delisted; no price data found  (period=25y) (Yahoo error = "No data found, symbol may be delisted")
2026-01-07 10:18:28,578 ERROR $TATAMOTORS.NS: possibly delisted; no price data found  (period=25y) (Yahoo error = "No data found, symbol may be delisted")
2026-01-07 10:18:31,548 ERROR 
2 Failed downloads:
2026-01-07 10:18:31,548 ERROR ['ZOMATO.NS', 'TATAMOTORS.NS']: possibly delisted; no price data found  (period=25y) (Yahoo error = "No data found, symbol may be delisted")
2026-01-07 10:18:38,112 INFO Bot started
2026-01-07 10:18:40,213 ERROR $ZOMATO.NS: possibly delisted; no price data found  (period=25y) (Yahoo error = "No data found, symbol may be delisted")
2026-01-07 10:18:43,140 ERROR $TATAMOTORS.NS: possibly delisted; no price data found  (period=25y) (Yahoo error = "No data found, symbol may be delisted")
2026-01-07 10:18:44,338 INFO Bot started
2026-01-07 10:18:46,476 ERROR $ZOMATO.NS: possibly delisted; no price data found  (period=25y) (Yahoo error = "No data found, symbol may be delisted")
2026-01-07 10:18:47,801 ERROR 
2 Failed downloads:
2026-01-07 10:18:47,801 ERROR ['ZOMATO.NS', 'TATAMOTORS.NS']: possibly delisted; no price data found  (period=25y) (Yahoo error = "No data found, symbol may be delisted")
2026-01-07 10:18:49,941 ERROR $TATAMOTORS.NS: possibly delisted; no price data found  (period=25y) (Yahoo error = "No data found, symbol may be delisted")
2026-01-07 10:18:53,335 ERROR 
2 Failed downloads:
2026-01-07 10:18:53,335 ERROR ['ZOMATO.NS', 'TATAMOTORS.NS']: possibly delisted; no price data found  (period=25y) (Yahoo error = "No data found, symbol may be delisted")
2026-01-07 10:19:01,636 INFO Bot started
2026-01-07 10:19:03,067 ERROR $ZOMATO.NS: possibly delisted; no price data found  (period=25y) (Yahoo error = "No data found, symbol may be delisted")
2026-01-07 10:19:05,324 ERROR $TATAMOTORS.NS: possibly delisted; no price data found  (period=25y) (Yahoo error = "No data found, symbol may be delisted")
2026-01-07 10:19:06,126 INFO Bot started
2026-01-07 10:19:08,398 ERROR $ZOMATO.NS: possibly delisted; no price data found  (period=25y) (Yahoo error = "No data found, symbol may be delisted")
2026-01-07 10:19:09,780 ERROR 
2 Failed downloads:
2026-01-07 10:19:09,780 ERROR ['ZOMATO.NS', 'TATAMOTORS.NS']: possibly delisted; no price data found  (period=25y) (Yahoo error = "No data found, symbol may be delisted")
2026-01-07 10:19:11,349 ERROR $TATAMOTORS.NS: possibly delisted; no price data found  (period=25y) (Yahoo error = "No data found, symbol may be delisted")
2026-01-07 10:19:14,101 ERROR 
2 Failed downloads:
2026-01-07 10:19:14,101 ERROR ['ZOMATO.NS', 'TATAMOTORS.NS']: possibly delisted; no price data found  (period=25y) (Yahoo error = "No data found, symbol may be delisted")
2026-01-07 10:19:23,387 INFO Bot started
2026-01-07 10:19:25,268 ERROR $ZOMATO.NS: possibly delisted; no price data found  (period=25y) (Yahoo error = "No data found, symbol may be delisted")
2026-01-07 10:19:27,119 INFO Bot started
2026-01-07 10:19:27,209 ERROR $TATAMOTORS.NS: possibly delisted; no price data found  (period=25y) (Yahoo error = "No data found, symbol may be delisted")
2026-01-07 10:19:29,916 ERROR $ZOMATO.NS: possibly delisted; no price data found  (period=25y) (Yahoo error = "No data found, symbol may be delisted")
2026-01-07 10:19:32,200 ERROR 
2 Failed downloads:
2026-01-07 10:19:32,200 ERROR ['ZOMATO.NS', 'TATAMOTORS.NS']: possibly delisted; no price data found  (period=25y) (Yahoo error = "No data found, symbol may be delisted")
2026-01-07 10:19:42,313 INFO Bot started
2026-01-07 10:19:45,647 ERROR HTTP Error 404: {"quoteSummary":{"result":null,"error":{"code":"Not Found","description":"Quote not found for symbol: TATAMOTORS.NS"}}}
2026-01-07 10:19:46,814 ERROR $TATAMOTORS.NS: possibly delisted; no price data found  (period=25y) (Yahoo error = "No data found, symbol may be delisted")
2026-01-07 10:19:47,827 ERROR $ZOMATO.NS: possibly delisted; no price data found  (period=25y) (Yahoo error = "No data found, symbol may be delisted")
2026-01-07 10:19:51,905 ERROR 
2 Failed downloads:
2026-01-07 10:19:51,905 ERROR ['TATAMOTORS.NS', 'ZOMATO.NS']: possibly delisted; no price data found  (period=25y) (Yahoo error = "No data found, symbol may be delisted")
2026-01-07 10:20:04,142 INFO Bot started
2026-01-07 10:20:06,167 ERROR $TATAMOTORS.NS: possibly delisted; no price data found  (period=25y) (Yahoo error = "No data found, symbol may be delisted")
2026-01-07 10:20:07,541 ERROR $ZOMATO.NS: possibly delisted; no price data found  (period=25y) (Yahoo error = "No data found, symbol may be delisted")
2026-01-07 10:20:13,186 ERROR 
2 Failed downloads:
2026-01-07 10:20:13,186 ERROR ['TATAMOTORS.NS', 'ZOMATO.NS']: possibly delisted; no price data found  (period=25y) (Yahoo error = "No data found, symbol may be delisted")
2026-01-07 10:20:27,721 INFO Bot started
2026-01-07 10:20:29,489 ERROR $TATAMOTORS.NS: possibly delisted; no price data found  (period=25y) (Yahoo error = "No data found, symbol may be delisted")
2026-01-07 10:20:31,389 ERROR $ZOMATO.NS: possibly delisted; no price data found  (period=25y) (Yahoo error = "No data found, symbol may be delisted")
2026-01-07 10:20:37,035 ERROR 
2 Failed downloads:
2026-01-07 10:20:37,035 ERROR ['TATAMOTORS.NS', 'ZOMATO.NS']: possibly delisted; no price data found  (period=25y) (Yahoo error = "No data found, symbol may be delisted")
2026-01-07 10:20:51,226 INFO Bot started
2026-01-07 10:20:53,218 ERROR $TATAMOTORS.NS: possibly delisted; no price data found  (period=25y) (Yahoo error = "No data found, symbol may be delisted")
2026-01-07 10:20:54,138 ERROR $ZOMATO.NS: possibly delisted; no price data found  (period=25y) (Yahoo error = "No data found, symbol may be delisted")
2026-01-07 10:25:57,057 INFO Bot started
2026-01-07 10:26:00,890 ERROR HTTP Error 404: {"quoteSummary":{"result":null,"error":{"code":"Not Found","description":"Quote not found for symbol: TATAMOTORS.NS"}}}
2026-01-07 10:26:02,252 ERROR $TATAMOTORS.NS: possibly delisted; no price data found  (period=25y) (Yahoo error = "No data found, symbol may be delisted")
2026-01-07 10:26:06,161 ERROR $ZOMATO.NS: possibly delisted; no price data found  (period=25y) (Yahoo error = "No data found, symbol may be delisted")
2026-01-07 10:26:08,811 ERROR 
2 Failed downloads:
2026-01-07 10:26:08,811 ERROR ['TATAMOTORS.NS', 'ZOMATO.NS']: possibly delisted; no price data found  (period=25y) (Yahoo error = "No data found, symbol may be delisted")
2026-01-07 10:26:22,116 INFO Bot started
2026-01-07 10:26:25,063 ERROR $TATAMOTORS.NS: possibly delisted; no price data found  (period=25y) (Yahoo error = "No data found, symbol may be delisted")
2026-01-07 10:26:28,288 ERROR $ZOMATO.NS: possibly delisted; no price data found  (period=25y) (Yahoo error = "No data found, symbol may be delisted")
2026-01-07 10:26:32,878 ERROR 
2 Failed downloads:
2026-01-07 10:26:32,878 ERROR ['TATAMOTORS.NS', 'ZOMATO.NS']: possibly delisted; no price data found  (period=25y) (Yahoo error = "No data found, symbol may be delisted")
2026-01-07 10:26:46,365 INFO Bot started
2026-01-07 10:26:49,162 ERROR $TATAMOTORS.NS: possibly delisted; no price data found  (period=25y) (Yahoo error = "No data found, symbol may be delisted")
2026-01-07 10:26:52,265 ERROR $ZOMATO.NS: possibly delisted; no price data found  (period=25y) (Yahoo error = "No data found, symbol may be delisted")
2026-01-07 10:26:56,316 ERROR 
2 Failed downloads:
2026-01-07 10:26:56,316 ERROR ['TATAMOTORS.NS', 'ZOMATO.NS']: possibly delisted; no price data found  (period=25y) (Yahoo error = "No data found, symbol may be delisted")
2026-01-07 10:27:09,448 INFO Bot started
2026-01-07 10:27:12,014 ERROR $TATAMOTORS.NS: possibly delisted; no price data found  (period=25y) (Yahoo error = "No data found, symbol may be delisted")
2026-01-07 10:27:14,927 ERROR $ZOMATO.NS: possibly delisted; no price data found  (period=25y) (Yahoo error = "No data found, symbol may be delisted")
2026-01-07 10:27:19,116 ERROR 
2 Failed downloads:
2026-01-07 10:27:19,116 ERROR ['TATAMOTORS.NS', 'ZOMATO.NS']: possibly delisted; no price data found  (period=25y) (Yahoo error = "No data found, symbol may be delisted")
2026-01-07 10:27:32,295 INFO Bot started
2026-01-07 10:27:34,755 ERROR $TATAMOTORS.NS: possibly delisted; no price data found  (period=25y) (Yahoo error = "No data found, symbol may be delisted")
2026-01-07 10:27:37,768 ERROR $ZOMATO.NS: possibly delisted; no price data found  (period=25y) (Yahoo error = "No data found, symbol may be delisted")
2026-01-07 10:27:41,910 INFO Bot started
2026-01-07 10:27:42,161 ERROR 
2 Failed downloads:
2026-01-07 10:27:42,161 ERROR ['TATAMOTORS.NS', 'ZOMATO.NS']: possibly delisted; no price data found  (period=25y) (Yahoo error = "No data found, symbol may be delisted")
2026-01-07 10:27:50,298 ERROR $ZOMATO.NS: possibly delisted; no price data found  (period=25y) (Yahoo error = "No data found, symbol may be delisted")
2026-01-07 10:27:51,055 ERROR HTTP Error 404: {"quoteSummary":{"result":null,"error":{"code":"Not Found","description":"Quote not found for symbol: TATAMOTORS.NS"}}}
2026-01-07 10:27:52,484 ERROR $TATAMOTORS.NS: possibly delisted; no price data found  (period=25y) (Yahoo error = "No data found, symbol may be delisted")
2026-01-07 10:27:52,484 ERROR 
2 Failed downloads:
2026-01-07 10:27:52,486 ERROR ['ZOMATO.NS', 'TATAMOTORS.NS']: possibly delisted; no price data found  (period=25y) (Yahoo error = "No data found, symbol may be delisted")
2026-01-07 10:27:56,081 INFO Bot started
2026-01-07 10:27:58,816 ERROR $TATAMOTORS.NS: possibly delisted; no price data found  (period=25y) (Yahoo error = "No data found, symbol may be delisted")
2026-01-07 10:28:01,648 ERROR $ZOMATO.NS: possibly delisted; no price data found  (period=25y) (Yahoo error = "No data found, symbol may be delisted")
2026-01-07 10:28:05,681 ERROR 
2 Failed downloads:
2026-01-07 10:28:05,681 ERROR ['TATAMOTORS.NS', 'ZOMATO.NS']: possibly delisted; no price data found  (period=25y) (Yahoo error = "No data found, symbol may be delisted")
2026-01-07 10:28:05,707 INFO Bot started
2026-01-07 10:28:12,320 ERROR $ZOMATO.NS: possibly delisted; no price data found  (period=25y) (Yahoo error = "No data found, symbol may be delisted")
2026-01-07 10:28:14,297 ERROR $TATAMOTORS.NS: possibly delisted; no price data found  (period=25y) (Yahoo error = "No data found, symbol may be delisted")
2026-01-07 10:28:15,918 ERROR 
2 Failed downloads:
2026-01-07 10:28:15,918 ERROR ['ZOMATO.NS', 'TATAMOTORS.NS']: possibly delisted; no price data found  (period=25y) (Yahoo error = "No data found, symbol may be delisted")
2026-01-07 10:28:28,292 INFO Bot started
2026-01-07 10:28:33,627 INFO Bot started
2026-01-07 10:28:35,737 ERROR $ZOMATO.NS: possibly delisted; no price data found  (period=25y) (Yahoo error = "No data found, symbol may be delisted")
2026-01-07 10:28:36,151 ERROR HTTP Error 404: {"quoteSummary":{"result":null,"error":{"code":"Not Found","description":"Quote not found for symbol: TATAMOTORS.NS"}}}
2026-01-07 10:28:37,719 ERROR $TATAMOTORS.NS: possibly delisted; no price data found  (period=25y) (Yahoo error = "No data found, symbol may be delisted")
2026-01-07 10:28:37,829 ERROR $TATAMOTORS.NS: possibly delisted; no price data found  (period=25y) (Yahoo error = "No data found, symbol may be delisted")
2026-01-07 10:28:39,620 ERROR 
2 Failed downloads:
2026-01-07 10:28:39,622 ERROR ['ZOMATO.NS', 'TATAMOTORS.NS']: possibly delisted; no price data found  (period=25y) (Yahoo error = "No data found, symbol may be delisted")
2026-01-07 10:28:41,400 ERROR $ZOMATO.NS: possibly delisted; no price data found  (period=25y) (Yahoo error = "No data found, symbol may be delisted")
2026-01-07 10:28:45,560 ERROR 
2 Failed downloads:
2026-01-07 10:28:45,560 ERROR ['TATAMOTORS.NS', 'ZOMATO.NS']: possibly delisted; no price data found  (period=25y) (Yahoo error = "No data found, symbol may be delisted")
2026-01-07 10:28:53,778 INFO Bot started
2026-01-07 10:29:00,187 INFO Bot started
2026-01-07 10:29:01,020 ERROR $ZOMATO.NS: possibly delisted; no price data found  (period=25y) (Yahoo error = "No data found, symbol may be delisted")
2026-01-07 10:29:01,492 ERROR $TATAMOTORS.NS: possibly delisted; no price data found  (period=25y) (Yahoo error = "No data found, symbol may be delisted")
2026-01-07 10:29:03,804 ERROR $TATAMOTORS.NS: possibly delisted; no price data found  (period=25y) (Yahoo error = "No data found, symbol may be delisted")
2026-01-07 10:29:04,858 ERROR $ZOMATO.NS: possibly delisted; no price data found  (period=25y) (Yahoo error = "No data found, symbol may be delisted")
2026-01-07 10:29:05,417 ERROR 
2 Failed downloads:
2026-01-07 10:29:05,417 ERROR ['ZOMATO.NS', 'TATAMOTORS.NS']: possibly delisted; no price data found  (period=25y) (Yahoo error = "No data found, symbol may be delisted")
2026-01-07 10:29:10,327 ERROR 
2 Failed downloads:
2026-01-07 10:29:10,327 ERROR ['TATAMOTORS.NS', 'ZOMATO.NS']: possibly delisted; no price data found  (period=25y) (Yahoo error = "No data found, symbol may be delisted")
2026-01-07 10:29:19,492 INFO Bot started
2026-01-07 10:29:24,507 INFO Bot started
2026-01-07 10:29:24,530 ERROR $ZOMATO.NS: possibly delisted; no price data found  (period=25y) (Yahoo error = "No data found, symbol may be delisted")
2026-01-07 10:29:25,653 ERROR $TATAMOTORS.NS: possibly delisted; no price data found  (period=25y) (Yahoo error = "No data found, symbol may be delisted")
2026-01-07 10:29:26,298 ERROR $TATAMOTORS.NS: possibly delisted; no price data found  (period=25y) (Yahoo error = "No data found, symbol may be delisted")
2026-01-07 10:29:27,464 ERROR 
2 Failed downloads:
2026-01-07 10:29:27,464 ERROR ['ZOMATO.NS', 'TATAMOTORS.NS']: possibly delisted; no price data found  (period=25y) (Yahoo error = "No data found, symbol may be delisted")
2026-01-07 10:29:28,531 ERROR $ZOMATO.NS: possibly delisted; no price data found  (period=25y) (Yahoo error = "No data found, symbol may be delisted")
2026-01-07 10:29:33,047 ERROR 
2 Failed downloads:
2026-01-07 10:29:33,047 ERROR ['TATAMOTORS.NS', 'ZOMATO.NS']: possibly delisted; no price data found  (period=25y) (Yahoo error = "No data found, symbol may be delisted")
2026-01-07 10:29:41,851 INFO Bot started
2026-01-07 10:29:46,104 INFO Bot started
2026-01-07 10:29:46,962 ERROR $TATAMOTORS.NS: possibly delisted; no price data found  (period=25y) (Yahoo error = "No data found, symbol may be delisted")
2026-01-07 10:29:47,106 ERROR $ZOMATO.NS: possibly delisted; no price data found  (period=25y) (Yahoo error = "No data found, symbol may be delisted")
2026-01-07 10:29:49,574 ERROR $TATAMOTORS.NS: possibly delisted; no price data found  (period=25y) (Yahoo error = "No data found, symbol may be delisted")
2026-01-07 10:29:50,400 ERROR $ZOMATO.NS: possibly delisted; no price data found  (period=25y) (Yahoo error = "No data found, symbol may be delisted")
2026-01-07 10:29:51,162 ERROR 
2 Failed downloads:
2026-01-07 10:29:51,162 ERROR ['ZOMATO.NS', 'TATAMOTORS.NS']: possibly delisted; no price data found  (period=25y) (Yahoo error = "No data found, symbol may be delisted")
2026-01-07 10:29:55,576 ERROR 
2 Failed downloads:
2026-01-07 10:29:55,576 ERROR ['TATAMOTORS.NS', 'ZOMATO.NS']: possibly delisted; no price data found  (period=25y) (Yahoo error = "No data found, symbol may be delisted")
2026-01-07 10:30:05,959 INFO Bot started
2026-01-07 10:30:25,945 INFO Bot started
2026-01-07 10:30:30,457 ERROR HTTP Error 404: {"quoteSummary":{"result":null,"error":{"code":"Not Found","description":"Quote not found for symbol: TATAMOTORS.NS"}}}
2026-01-07 10:30:31,763 ERROR $TATAMOTORS.NS: possibly delisted; no price data found  (period=25y) (Yahoo error = "No data found, symbol may be delisted")
2026-01-07 10:30:37,432 ERROR $ZOMATO.NS: possibly delisted; no price data found  (period=25y) (Yahoo error = "No data found, symbol may be delisted")
2026-01-07 10:30:38,139 ERROR 
2 Failed downloads:
2026-01-07 10:30:38,139 ERROR ['TATAMOTORS.NS', 'ZOMATO.NS']: possibly delisted; no price data found  (period=25y) (Yahoo error = "No data found, symbol may be delisted")
2026-01-07 10:30:51,331 INFO Bot started
2026-01-07 10:30:55,072 ERROR $TATAMOTORS.NS: possibly delisted; no price data found  (period=25y) (Yahoo error = "No data found, symbol may be delisted")
2026-01-07 10:31:01,209 ERROR $ZOMATO.NS: possibly delisted; no price data found  (period=25y) (Yahoo error = "No data found, symbol may be delisted")
2026-01-07 10:31:03,009 ERROR 
2 Failed downloads:
2026-01-07 10:31:03,009 ERROR ['TATAMOTORS.NS', 'ZOMATO.NS']: possibly delisted; no price data found  (period=25y) (Yahoo error = "No data found, symbol may be delisted")
2026-01-07 10:31:16,116 INFO Bot started
2026-01-07 10:31:19,216 ERROR $TATAMOTORS.NS: possibly delisted; no price data found  (period=25y) (Yahoo error = "No data found, symbol may be delisted")
2026-01-07 10:31:24,627 ERROR $ZOMATO.NS: possibly delisted; no price data found  (period=25y) (Yahoo error = "No data found, symbol may be delisted")
2026-01-07 10:31:26,174 ERROR 
2 Failed downloads:
2026-01-07 10:31:26,174 ERROR ['TATAMOTORS.NS', 'ZOMATO.NS']: possibly delisted; no price data found  (period=25y) (Yahoo error = "No data found, symbol may be delisted")
2026-01-07 10:31:27,060 INFO Bot started
2026-01-07 10:31:30,884 ERROR HTTP Error 404: {"quoteSummary":{"result":null,"error":{"code":"Not Found","description":"Quote not found for symbol: TATAMOTORS.NS"}}}
2026-01-07 10:31:32,152 ERROR $TATAMOTORS.NS: possibly delisted; no price data found  (period=25y) (Yahoo error = "No data found, symbol may be delisted")
2026-01-07 10:31:37,207 ERROR $ZOMATO.NS: possibly delisted; no price data found  (period=25y) (Yahoo error = "No data found, symbol may be delisted")
2026-01-07 10:31:37,964 ERROR 
2 Failed downloads:
2026-01-07 10:31:37,964 ERROR ['TATAMOTORS.NS', 'ZOMATO.NS']: possibly delisted; no price data found  (period=25y) (Yahoo error = "No data found, symbol may be delisted")
2026-01-07 10:31:40,576 INFO Bot started
2026-01-07 10:31:44,001 ERROR $TATAMOTORS.NS: possibly delisted; no price data found  (period=25y) (Yahoo error = "No data found, symbol may be delisted")
2026-01-07 10:31:48,804 ERROR $ZOMATO.NS: possibly delisted; no price data found  (period=25y) (Yahoo error = "No data found, symbol may be delisted")
2026-01-07 10:31:50,443 ERROR 
2 Failed downloads:
2026-01-07 10:31:50,443 ERROR ['TATAMOTORS.NS', 'ZOMATO.NS']: possibly delisted; no price data found  (period=25y) (Yahoo error = "No data found, symbol may be delisted")
2026-01-07 10:31:52,840 INFO Bot started
2026-01-07 10:31:55,509 ERROR $TATAMOTORS.NS: possibly delisted; no price data found  (period=25y) (Yahoo error = "No data found, symbol may be delisted")
2026-01-07 10:31:59,525 ERROR $ZOMATO.NS: possibly delisted; no price data found  (period=25y) (Yahoo error = "No data found, symbol may be delisted")
2026-01-07 10:32:01,480 ERROR 
2 Failed downloads:
2026-01-07 10:32:01,480 ERROR ['TATAMOTORS.NS', 'ZOMATO.NS']: possibly delisted; no price data found  (period=25y) (Yahoo error = "No data found, symbol may be delisted")
2026-01-07 10:32:05,095 INFO Bot started
2026-01-07 10:32:08,005 ERROR $TATAMOTORS.NS: possibly delisted; no price data found  (period=25y) (Yahoo error = "No data found, symbol may be delisted")
2026-01-07 10:32:12,150 ERROR $ZOMATO.NS: possibly delisted; no price data found  (period=25y) (Yahoo error = "No data found, symbol may be delisted")
2026-01-07 10:32:13,400 ERROR 
2 Failed downloads:
2026-01-07 10:32:13,400 ERROR ['TATAMOTORS.NS', 'ZOMATO.NS']: possibly delisted; no price data found  (period=25y) (Yahoo error = "No data found, symbol may be delisted")
2026-01-07 10:32:14,937 INFO Bot started
2026-01-07 10:32:17,500 ERROR $TATAMOTORS.NS: possibly delisted; no price data found  (period=25y) (Yahoo error = "No data found, symbol may be delisted")
2026-01-07 10:32:22,964 ERROR $ZOMATO.NS: possibly delisted; no price data found  (period=25y) (Yahoo error = "No data found, symbol may be delisted")
2026-01-07 10:32:25,536 ERROR 
2 Failed downloads:
2026-01-07 10:32:25,536 ERROR ['TATAMOTORS.NS', 'ZOMATO.NS']: possibly delisted; no price data found  (period=25y) (Yahoo error = "No data found, symbol may be delisted")
2026-01-07 10:32:27,264 INFO Bot started
2026-01-07 10:32:30,693 ERROR $TATAMOTORS.NS: possibly delisted; no price data found  (period=25y) (Yahoo error = "No data found, symbol may be delisted")
2026-01-07 10:32:37,020 ERROR $ZOMATO.NS: possibly delisted; no price data found  (period=25y) (Yahoo error = "No data found, symbol may be delisted")
2026-01-07 10:32:38,827 ERROR 
2 Failed downloads:
2026-01-07 10:32:38,828 ERROR ['TATAMOTORS.NS', 'ZOMATO.NS']: possibly delisted; no price data found  (period=25y) (Yahoo error = "No data found, symbol may be delisted")
2026-01-07 10:41:48,507 INFO Bot started
2026-01-07 10:42:02,274 INFO Bot started
2026-01-07 10:42:04,951 ERROR HTTP Error 404: {"quoteSummary":{"result":null,"error":{"code":"Not Found","description":"Quote not found for symbol: TATAMOTORS.NS"}}}
2026-01-07 10:42:06,009 ERROR $ZOMATO.NS: possibly delisted; no price data found  (period=25y) (Yahoo error = "No data found, symbol may be delisted")
2026-01-07 10:42:06,896 ERROR $TATAMOTORS.NS: possibly delisted; no price data found  (period=25y) (Yahoo error = "No data found, symbol may be delisted")
2026-01-07 10:42:13,764 ERROR 
2 Failed downloads:
2026-01-07 10:42:13,764 ERROR ['ZOMATO.NS', 'TATAMOTORS.NS']: possibly delisted; no price data found  (period=25y) (Yahoo error = "No data found, symbol may be delisted")
2026-01-07 10:42:26,584 INFO Bot started
2026-01-07 10:42:27,750 ERROR $TATAMOTORS.NS: possibly delisted; no price data found  (period=25y) (Yahoo error = "No data found, symbol may be delisted")
2026-01-07 10:42:27,851 ERROR $ZOMATO.NS: possibly delisted; no price data found  (period=25y) (Yahoo error = "No data found, symbol may be delisted")
2026-01-07 10:42:39,110 INFO Bot started
2026-01-07 10:42:43,945 ERROR HTTP Error 404: {"quoteSummary":{"result":null,"error":{"code":"Not Found","description":"Quote not found for symbol: TATAMOTORS.NS"}}}
2026-01-07 10:42:45,151 ERROR $TATAMOTORS.NS: possibly delisted; no price data found  (period=25y) (Yahoo error = "No data found, symbol may be delisted")
2026-01-07 10:42:48,475 ERROR $ZOMATO.NS: possibly delisted; no price data found  (period=25y) (Yahoo error = "No data found, symbol may be delisted")
2026-01-07 10:42:49,719 ERROR 
2 Failed downloads:
2026-01-07 10:42:49,719 ERROR ['TATAMOTORS.NS', 'ZOMATO.NS']: possibly delisted; no price data found  (period=25y) (Yahoo error = "No data found, symbol may be delisted")
2026-01-07 10:43:02,604 INFO Bot started
2026-01-07 10:43:05,940 ERROR $TATAMOTORS.NS: possibly delisted; no price data found  (period=25y) (Yahoo error = "No data found, symbol may be delisted")
2026-01-07 10:43:08,668 ERROR $ZOMATO.NS: possibly delisted; no price data found  (period=25y) (Yahoo error = "No data found, symbol may be delisted")
2026-01-07 10:43:11,086 ERROR 
2 Failed downloads:
2026-01-07 10:43:11,086 ERROR ['TATAMOTORS.NS', 'ZOMATO.NS']: possibly delisted; no price data found  (period=25y) (Yahoo error = "No data found, symbol may be delisted")
2026-01-07 10:43:24,813 INFO Bot started
2026-01-07 10:43:27,676 ERROR $TATAMOTORS.NS: possibly delisted; no price data found  (period=25y) (Yahoo error = "No data found, symbol may be delisted")
2026-01-07 10:43:30,662 ERROR $ZOMATO.NS: possibly delisted; no price data found  (period=25y) (Yahoo error = "No data found, symbol may be delisted")
2026-01-07 10:43:32,830 ERROR 
2 Failed downloads:
2026-01-07 10:43:32,830 ERROR ['TATAMOTORS.NS', 'ZOMATO.NS']: possibly delisted; no price data found  (period=25y) (Yahoo error = "No data found, symbol may be delisted")
2026-01-07 10:43:37,002 INFO Bot started
2026-01-07 10:43:46,188 ERROR $ZOMATO.NS: possibly delisted; no price data found  (period=25y) (Yahoo error = "No data found, symbol may be delisted")
2026-01-07 10:43:46,190 ERROR HTTP Error 404: {"quoteSummary":{"result":null,"error":{"code":"Not Found","description":"Quote not found for symbol: TATAMOTORS.NS"}}}
2026-01-07 10:43:47,065 ERROR $TATAMOTORS.NS: possibly delisted; no price data found  (period=25y) (Yahoo error = "No data found, symbol may be delisted")
2026-01-07 10:43:50,407 INFO Bot started
2026-01-07 10:43:54,260 ERROR $ZOMATO.NS: possibly delisted; no price data found  (period=25y) (Yahoo error = "No data found, symbol may be delisted")
2026-01-07 10:43:56,630 ERROR HTTP Error 404: {"quoteSummary":{"result":null,"error":{"code":"Not Found","description":"Quote not found for symbol: TATAMOTORS.NS"}}}
2026-01-07 10:43:58,037 ERROR $TATAMOTORS.NS: possibly delisted; no price data found  (period=25y) (Yahoo error = "No data found, symbol may be delisted")
2026-01-07 10:44:01,434 ERROR 
2 Failed downloads:
2026-01-07 10:44:01,434 ERROR ['ZOMATO.NS', 'TATAMOTORS.NS']: possibly delisted; no price data found  (period=25y) (Yahoo error = "No data found, symbol may be delisted")
2026-01-07 10:44:15,426 INFO Bot started
2026-01-07 10:44:16,689 ERROR $ZOMATO.NS: possibly delisted; no price data found  (period=25y) (Yahoo error = "No data found, symbol may be delisted")
2026-01-07 10:44:19,989 ERROR $TATAMOTORS.NS: possibly delisted; no price data found  (period=25y) (Yahoo error = "No data found, symbol may be delisted")
2026-01-07 10:44:24,200 ERROR 
2 Failed downloads:
2026-01-07 10:44:24,200 ERROR ['ZOMATO.NS', 'TATAMOTORS.NS']: possibly delisted; no price data found  (period=25y) (Yahoo error = "No data found, symbol may be delisted")
2026-01-07 10:44:37,377 INFO Bot started
2026-01-07 10:44:38,660 ERROR $ZOMATO.NS: possibly delisted; no price data found  (period=25y) (Yahoo error = "No data found, symbol may be delisted")
2026-01-07 10:44:41,500 ERROR $TATAMOTORS.NS: possibly delisted; no price data found  (period=25y) (Yahoo error = "No data found, symbol may be delisted")
2026-01-07 10:44:45,483 ERROR 
2 Failed downloads:
2026-01-07 10:44:45,483 ERROR ['ZOMATO.NS', 'TATAMOTORS.NS']: possibly delisted; no price data found  (period=25y) (Yahoo error = "No data found, symbol may be delisted")
2026-01-07 10:44:58,878 INFO Bot started
2026-01-07 10:45:00,627 ERROR $ZOMATO.NS: possibly delisted; no price data found  (period=25y) (Yahoo error = "No data found, symbol may be delisted")
2026-01-07 10:45:04,289 ERROR $TATAMOTORS.NS: possibly delisted; no price data found  (period=25y) (Yahoo error = "No data found, symbol may be delisted")
2026-01-07 10:45:09,624 ERROR 
2 Failed downloads:
2026-01-07 10:45:09,624 ERROR ['ZOMATO.NS', 'TATAMOTORS.NS']: possibly delisted; no price data found  (period=25y) (Yahoo error = "No data found, symbol may be delisted")
2026-01-07 10:45:23,649 INFO Bot started
2026-01-07 10:45:24,697 ERROR $ZOMATO.NS: possibly delisted; no price data found  (period=25y) (Yahoo error = "No data found, symbol may be delisted")
2026-01-07 10:45:28,394 ERROR $TATAMOTORS.NS: possibly delisted; no price data found  (period=25y) (Yahoo error = "No data found, symbol may be delisted")
2026-01-07 10:45:34,199 ERROR 
2 Failed downloads:
2026-01-07 10:45:34,199 ERROR ['ZOMATO.NS', 'TATAMOTORS.NS']: possibly delisted; no price data found  (period=25y) (Yahoo error = "No data found, symbol may be delisted")
2026-01-07 10:45:48,147 INFO Bot started
2026-01-07 10:45:49,395 ERROR $ZOMATO.NS: possibly delisted; no price data found  (period=25y) (Yahoo error = "No data found, symbol may be delisted")
2026-01-07 10:45:52,723 ERROR $TATAMOTORS.NS: possibly delisted; no price data found  (period=25y) (Yahoo error = "No data found, symbol may be delisted")
2026-01-07 10:45:56,607 ERROR 
2 Failed downloads:
2026-01-07 10:45:56,607 ERROR ['ZOMATO.NS', 'TATAMOTORS.NS']: possibly delisted; no price data found  (period=25y) (Yahoo error = "No data found, symbol may be delisted")
2026-01-07 10:46:09,519 INFO Bot started
2026-01-07 10:46:10,680 ERROR $ZOMATO.NS: possibly delisted; no price data found  (period=25y) (Yahoo error = "No data found, symbol may be delisted")
2026-01-07 10:46:13,601 ERROR $TATAMOTORS.NS: possibly delisted; no price data found  (period=25y) (Yahoo error = "No data found, symbol may be delisted")
2026-01-07 10:46:18,079 ERROR 
2 Failed downloads:
2026-01-07 10:46:18,079 ERROR ['ZOMATO.NS', 'TATAMOTORS.NS']: possibly delisted; no price data found  (period=25y) (Yahoo error = "No data found, symbol may be delisted")
2026-01-07 10:46:31,129 INFO Bot started
2026-01-07 10:46:31,981 ERROR $ZOMATO.NS: possibly delisted; no price data found  (period=25y) (Yahoo error = "No data found, symbol may be delisted")
2026-01-07 10:46:34,264 ERROR $TATAMOTORS.NS: possibly delisted; no price data found  (period=25y) (Yahoo error = "No data found, symbol may be delisted")
2026-01-07 10:46:37,844 ERROR 
2 Failed downloads:
2026-01-07 10:46:37,844 ERROR ['ZOMATO.NS', 'TATAMOTORS.NS']: possibly delisted; no price data found  (period=25y) (Yahoo error = "No data found, symbol may be delisted")
2026-01-07 10:46:39,608 INFO SELL CIPLA.NS @ 1488.9000244140625
2026-01-07 10:46:50,723 INFO Bot started
2026-01-07 10:46:51,641 ERROR $ZOMATO.NS: possibly delisted; no price data found  (period=25y) (Yahoo error = "No data found, symbol may be delisted")
2026-01-07 10:46:54,507 ERROR $TATAMOTORS.NS: possibly delisted; no price data found  (period=25y) (Yahoo error = "No data found, symbol may be delisted")
2026-01-07 10:46:59,850 ERROR 
2 Failed downloads:
2026-01-07 10:46:59,850 ERROR ['ZOMATO.NS', 'TATAMOTORS.NS']: possibly delisted; no price data found  (period=25y) (Yahoo error = "No data found, symbol may be delisted")
2026-01-07 10:47:02,635 INFO SELL CIPLA.NS @ 1489.5
2026-01-07 10:47:13,501 INFO Bot started
2026-01-07 10:47:14,363 ERROR $ZOMATO.NS: possibly delisted; no price data found  (period=25y) (Yahoo error = "No data found, symbol may be delisted")
2026-01-07 10:47:17,062 ERROR $TATAMOTORS.NS: possibly delisted; no price data found  (period=25y) (Yahoo error = "No data found, symbol may be delisted")
2026-01-07 10:47:21,331 ERROR 
2 Failed downloads:
2026-01-07 10:47:21,331 ERROR ['ZOMATO.NS', 'TATAMOTORS.NS']: possibly delisted; no price data found  (period=25y) (Yahoo error = "No data found, symbol may be delisted")
2026-01-07 10:47:23,529 INFO SELL CIPLA.NS @ 1489.0
2026-01-07 10:47:34,724 INFO Bot started
2026-01-07 10:47:35,749 ERROR $ZOMATO.NS: possibly delisted; no price data found  (period=25y) (Yahoo error = "No data found, symbol may be delisted")
2026-01-07 10:47:38,615 ERROR $TATAMOTORS.NS: possibly delisted; no price data found  (period=25y) (Yahoo error = "No data found, symbol may be delisted")
2026-01-07 10:47:42,887 ERROR 
2 Failed downloads:
2026-01-07 10:47:42,887 ERROR ['ZOMATO.NS', 'TATAMOTORS.NS']: possibly delisted; no price data found  (period=25y) (Yahoo error = "No data found, symbol may be delisted")
2026-01-07 10:47:45,313 INFO SELL CIPLA.NS @ 1488.800048828125
2026-01-07 10:47:56,908 INFO Bot started
2026-01-07 10:47:58,210 ERROR $ZOMATO.NS: possibly delisted; no price data found  (period=25y) (Yahoo error = "No data found, symbol may be delisted")
2026-01-07 10:48:01,510 ERROR $TATAMOTORS.NS: possibly delisted; no price data found  (period=25y) (Yahoo error = "No data found, symbol may be delisted")
2026-01-07 10:48:06,430 ERROR 
2 Failed downloads:
2026-01-07 10:48:06,430 ERROR ['ZOMATO.NS', 'TATAMOTORS.NS']: possibly delisted; no price data found  (period=25y) (Yahoo error = "No data found, symbol may be delisted")
2026-01-07 10:48:08,236 INFO SELL CIPLA.NS @ 1488.0
2026-01-07 10:48:19,050 INFO Bot started
2026-01-07 10:48:21,022 ERROR $ZOMATO.NS: possibly delisted; no price data found  (period=25y) (Yahoo error = "No data found, symbol may be delisted")
2026-01-07 10:48:24,371 ERROR $TATAMOTORS.NS: possibly delisted; no price data found  (period=25y) (Yahoo error = "No data found, symbol may be delisted")
2026-01-07 10:48:29,168 ERROR 
2 Failed downloads:
2026-01-07 10:48:29,168 ERROR ['ZOMATO.NS', 'TATAMOTORS.NS']: possibly delisted; no price data found  (period=25y) (Yahoo error = "No data found, symbol may be delisted")
2026-01-07 10:48:30,993 INFO SELL CIPLA.NS @ 1488.199951171875
2026-01-07 10:48:38,675 INFO Bot started
2026-01-07 10:48:46,471 ERROR HTTP Error 404: {"quoteSummary":{"result":null,"error":{"code":"Not Found","description":"Quote not found for symbol: TATAMOTORS.NS"}}}
2026-01-07 10:48:47,573 ERROR $TATAMOTORS.NS: possibly delisted; no price data found  (period=25y) (Yahoo error = "No data found, symbol may be delisted")
2026-01-07 10:48:47,610 ERROR $ZOMATO.NS: possibly delisted; no price data found  (period=25y) (Yahoo error = "No data found, symbol may be delisted")
2026-01-07 10:48:50,578 ERROR 
2 Failed downloads:
2026-01-07 10:48:50,578 ERROR ['TATAMOTORS.NS', 'ZOMATO.NS']: possibly delisted; no price data found  (period=25y) (Yahoo error = "No data found, symbol may be delisted")
2026-01-07 10:48:52,246 INFO SELL CIPLA.NS @ 1488.300048828125
2026-01-07 10:49:02,833 INFO Bot started
2026-01-07 10:49:08,256 ERROR $TATAMOTORS.NS: possibly delisted; no price data found  (period=25y) (Yahoo error = "No data found, symbol may be delisted")
2026-01-07 10:49:08,273 ERROR $ZOMATO.NS: possibly delisted; no price data found  (period=25y) (Yahoo error = "No data found, symbol may be delisted")
2026-01-07 10:49:12,983 ERROR 
2 Failed downloads:
2026-01-07 10:49:12,983 ERROR ['TATAMOTORS.NS', 'ZOMATO.NS']: possibly delisted; no price data found  (period=25y) (Yahoo error = "No data found, symbol may be delisted")
2026-01-07 10:49:14,956 INFO SELL CIPLA.NS @ 1487.699951171875
2026-01-07 10:49:25,619 INFO Bot started
2026-01-07 10:49:30,338 ERROR $TATAMOTORS.NS: possibly delisted; no price data found  (period=25y) (Yahoo error = "No data found, symbol may be delisted")
2026-01-07 10:49:30,413 ERROR $ZOMATO.NS: possibly delisted; no price data found  (period=25y) (Yahoo error = "No data found, symbol may be delisted")
2026-01-07 10:49:33,306 ERROR 
2 Failed downloads:
2026-01-07 10:49:33,306 ERROR ['TATAMOTORS.NS', 'ZOMATO.NS']: possibly delisted; no price data found  (period=25y) (Yahoo error = "No data found, symbol may be delisted")
2026-01-07 10:49:35,537 INFO SELL CIPLA.NS @ 1487.0999755859375
2026-01-07 10:49:46,212 INFO Bot started
2026-01-07 10:49:50,512 ERROR $ZOMATO.NS: possibly delisted; no price data found  (period=25y) (Yahoo error = "No data found, symbol may be delisted")
2026-01-07 10:49:50,596 ERROR $TATAMOTORS.NS: possibly delisted; no price data found  (period=25y) (Yahoo error = "No data found, symbol may be delisted")
2026-01-07 10:49:54,414 ERROR 
2 Failed downloads:
2026-01-07 10:49:54,414 ERROR ['ZOMATO.NS', 'TATAMOTORS.NS']: possibly delisted; no price data found  (period=25y) (Yahoo error = "No data found, symbol may be delisted")
2026-01-07 10:49:56,618 INFO SELL CIPLA.NS @ 1487.5
2026-01-07 10:50:07,556 INFO Bot started
2026-01-07 10:50:12,511 ERROR $ZOMATO.NS: possibly delisted; no price data found  (period=25y) (Yahoo error = "No data found, symbol may be delisted")
2026-01-07 10:50:12,619 ERROR $TATAMOTORS.NS: possibly delisted; no price data found  (period=25y) (Yahoo error = "No data found, symbol may be delisted")
2026-01-07 10:50:17,479 ERROR 
2 Failed downloads:
2026-01-07 10:50:17,479 ERROR ['ZOMATO.NS', 'TATAMOTORS.NS']: possibly delisted; no price data found  (period=25y) (Yahoo error = "No data found, symbol may be delisted")
2026-01-07 10:50:19,317 INFO SELL CIPLA.NS @ 1487.800048828125
2026-01-07 10:50:29,958 INFO Bot started
2026-01-07 10:50:33,850 ERROR $ZOMATO.NS: possibly delisted; no price data found  (period=25y) (Yahoo error = "No data found, symbol may be delisted")
2026-01-07 10:50:33,918 ERROR $TATAMOTORS.NS: possibly delisted; no price data found  (period=25y) (Yahoo error = "No data found, symbol may be delisted")
2026-01-07 10:50:37,506 ERROR 
2 Failed downloads:
2026-01-07 10:50:37,506 ERROR ['ZOMATO.NS', 'TATAMOTORS.NS']: possibly delisted; no price data found  (period=25y) (Yahoo error = "No data found, symbol may be delisted")
2026-01-07 10:50:40,993 INFO SELL CIPLA.NS @ 1487.800048828125
2026-01-07 10:50:51,627 INFO Bot started
2026-01-07 10:50:55,570 ERROR $ZOMATO.NS: possibly delisted; no price data found  (period=25y) (Yahoo error = "No data found, symbol may be delisted")
2026-01-07 10:50:55,581 ERROR $TATAMOTORS.NS: possibly delisted; no price data found  (period=25y) (Yahoo error = "No data found, symbol may be delisted")
2026-01-07 10:50:59,623 ERROR 
2 Failed downloads:
2026-01-07 10:50:59,623 ERROR ['ZOMATO.NS', 'TATAMOTORS.NS']: possibly delisted; no price data found  (period=25y) (Yahoo error = "No data found, symbol may be delisted")
2026-01-07 10:51:01,560 INFO SELL CIPLA.NS @ 1489.300048828125
2026-01-07 10:51:12,089 INFO Bot started
2026-01-07 10:51:16,531 ERROR $TATAMOTORS.NS: possibly delisted; no price data found  (period=25y) (Yahoo error = "No data found, symbol may be delisted")
2026-01-07 10:51:16,639 ERROR $ZOMATO.NS: possibly delisted; no price data found  (period=25y) (Yahoo error = "No data found, symbol may be delisted")
2026-01-07 10:51:19,778 ERROR 
2 Failed downloads:
2026-01-07 10:51:19,778 ERROR ['TATAMOTORS.NS', 'ZOMATO.NS']: possibly delisted; no price data found  (period=25y) (Yahoo error = "No data found, symbol may be delisted")
2026-01-07 10:51:21,601 INFO SELL CIPLA.NS @ 1488.800048828125
2026-01-07 10:51:32,322 INFO Bot started
2026-01-07 10:51:36,981 ERROR $ZOMATO.NS: possibly delisted; no price data found  (period=25y) (Yahoo error = "No data found, symbol may be delisted")
2026-01-07 10:51:36,983 ERROR $TATAMOTORS.NS: possibly delisted; no price data found  (period=25y) (Yahoo error = "No data found, symbol may be delisted")
2026-01-07 10:51:41,284 ERROR 
2 Failed downloads:
2026-01-07 10:51:41,285 ERROR ['ZOMATO.NS', 'TATAMOTORS.NS']: possibly delisted; no price data found  (period=25y) (Yahoo error = "No data found, symbol may be delisted")
2026-01-07 10:51:43,461 INFO SELL CIPLA.NS @ 1488.300048828125
2026-01-07 10:51:54,845 INFO Bot started
2026-01-07 10:52:00,662 ERROR $TATAMOTORS.NS: possibly delisted; no price data found  (period=25y) (Yahoo error = "No data found, symbol may be delisted")
2026-01-07 10:52:00,670 ERROR $ZOMATO.NS: possibly delisted; no price data found  (period=25y) (Yahoo error = "No data found, symbol may be delisted")
2026-01-07 10:52:05,095 ERROR 
2 Failed downloads:
2026-01-07 10:52:05,095 ERROR ['TATAMOTORS.NS', 'ZOMATO.NS']: possibly delisted; no price data found  (period=25y) (Yahoo error = "No data found, symbol may be delisted")
2026-01-07 10:52:07,156 INFO SELL CIPLA.NS @ 1487.5
2026-01-07 10:52:17,748 INFO Bot started
2026-01-07 10:52:23,586 ERROR $ZOMATO.NS: possibly delisted; no price data found  (period=25y) (Yahoo error = "No data found, symbol may be delisted")
2026-01-07 10:52:23,601 ERROR $TATAMOTORS.NS: possibly delisted; no price data found  (period=25y) (Yahoo error = "No data found, symbol may be delisted")
2026-01-07 10:52:28,697 ERROR 
2 Failed downloads:
2026-01-07 10:52:28,697 ERROR ['ZOMATO.NS', 'TATAMOTORS.NS']: possibly delisted; no price data found  (period=25y) (Yahoo error = "No data found, symbol may be delisted")
2026-01-07 10:52:31,513 INFO SELL CIPLA.NS @ 1487.800048828125
2026-01-07 10:52:42,061 INFO Bot started
2026-01-07 10:52:47,443 ERROR $TATAMOTORS.NS: possibly delisted; no price data found  (period=25y) (Yahoo error = "No data found, symbol may be delisted")
2026-01-07 10:52:47,457 ERROR $ZOMATO.NS: possibly delisted; no price data found  (period=25y) (Yahoo error = "No data found, symbol may be delisted")
2026-01-07 10:52:51,766 ERROR 
2 Failed downloads:
2026-01-07 10:52:51,766 ERROR ['TATAMOTORS.NS', 'ZOMATO.NS']: possibly delisted; no price data found  (period=25y) (Yahoo error = "No data found, symbol may be delisted")
2026-01-07 10:52:53,629 INFO SELL CIPLA.NS @ 1488.4000244140625
2026-01-07 10:53:04,328 INFO Bot started
2026-01-07 10:53:09,093 ERROR $TATAMOTORS.NS: possibly delisted; no price data found  (period=25y) (Yahoo error = "No data found, symbol may be delisted")
2026-01-07 10:53:09,096 ERROR $ZOMATO.NS: possibly delisted; no price data found  (period=25y) (Yahoo error = "No data found, symbol may be delisted")
2026-01-07 10:53:12,442 ERROR 
2 Failed downloads:
2026-01-07 10:53:12,442 ERROR ['TATAMOTORS.NS', 'ZOMATO.NS']: possibly delisted; no price data found  (period=25y) (Yahoo error = "No data found, symbol may be delisted")
2026-01-07 10:53:14,550 INFO SELL CIPLA.NS @ 1488.300048828125
2026-01-07 10:53:25,820 INFO Bot started
2026-01-07 10:53:32,492 ERROR $TATAMOTORS.NS: possibly delisted; no price data found  (period=25y) (Yahoo error = "No data found, symbol may be delisted")
2026-01-07 10:53:32,513 ERROR $ZOMATO.NS: possibly delisted; no price data found  (period=25y) (Yahoo error = "No data found, symbol may be delisted")
2026-01-07 10:53:35,847 ERROR 
2 Failed downloads:
2026-01-07 10:53:35,847 ERROR ['TATAMOTORS.NS', 'ZOMATO.NS']: possibly delisted; no price data found  (period=25y) (Yahoo error = "No data found, symbol may be delisted")
2026-01-07 10:53:38,053 INFO SELL CIPLA.NS @ 1488.9000244140625
2026-01-07 10:53:48,692 INFO Bot started
2026-01-07 10:53:53,075 ERROR $ZOMATO.NS: possibly delisted; no price data found  (period=25y) (Yahoo error = "No data found, symbol may be delisted")
2026-01-07 10:53:53,091 ERROR $TATAMOTORS.NS: possibly delisted; no price data found  (period=25y) (Yahoo error = "No data found, symbol may be delisted")
2026-01-07 10:53:56,691 ERROR 
2 Failed downloads:
2026-01-07 10:53:56,691 ERROR ['ZOMATO.NS', 'TATAMOTORS.NS']: possibly delisted; no price data found  (period=25y) (Yahoo error = "No data found, symbol may be delisted")
2026-01-07 10:54:09,446 INFO Bot started
2026-01-07 10:54:13,491 ERROR $ZOMATO.NS: possibly delisted; no price data found  (period=25y) (Yahoo error = "No data found, symbol may be delisted")
2026-01-07 10:54:13,496 ERROR $TATAMOTORS.NS: possibly delisted; no price data found  (period=25y) (Yahoo error = "No data found, symbol may be delisted")
2026-01-07 10:54:17,214 ERROR 
2 Failed downloads:
2026-01-07 10:54:17,214 ERROR ['ZOMATO.NS', 'TATAMOTORS.NS']: possibly delisted; no price data found  (period=25y) (Yahoo error = "No data found, symbol may be delisted")
2026-01-07 10:54:19,785 INFO SELL CIPLA.NS @ 1489.300048828125
2026-01-07 10:54:30,676 INFO Bot started
2026-01-07 10:54:34,811 ERROR $TATAMOTORS.NS: possibly delisted; no price data found  (period=25y) (Yahoo error = "No data found, symbol may be delisted")
2026-01-07 10:54:34,813 ERROR $ZOMATO.NS: possibly delisted; no price data found  (period=25y) (Yahoo error = "No data found, symbol may be delisted")
2026-01-07 10:54:38,029 ERROR 
2 Failed downloads:
2026-01-07 10:54:38,029 ERROR ['TATAMOTORS.NS', 'ZOMATO.NS']: possibly delisted; no price data found  (period=25y) (Yahoo error = "No data found, symbol may be delisted")
2026-01-07 10:54:39,833 INFO SELL CIPLA.NS @ 1489.300048828125
2026-01-07 10:54:50,375 INFO Bot started
2026-01-07 10:54:54,351 ERROR $TATAMOTORS.NS: possibly delisted; no price data found  (period=25y) (Yahoo error = "No data found, symbol may be delisted")
2026-01-07 10:54:54,354 ERROR $ZOMATO.NS: possibly delisted; no price data found  (period=25y) (Yahoo error = "No data found, symbol may be delisted")
2026-01-07 10:54:58,225 ERROR 
2 Failed downloads:
2026-01-07 10:54:58,225 ERROR ['TATAMOTORS.NS', 'ZOMATO.NS']: possibly delisted; no price data found  (period=25y) (Yahoo error = "No data found, symbol may be delisted")
2026-01-07 10:55:02,020 INFO Bot started
2026-01-07 10:55:06,197 ERROR HTTP Error 404: {"quoteSummary":{"result":null,"error":{"code":"Not Found","description":"Quote not found for symbol: TATAMOTORS.NS"}}}
2026-01-07 10:55:07,491 ERROR $TATAMOTORS.NS: possibly delisted; no price data found  (period=25y) (Yahoo error = "No data found, symbol may be delisted")
2026-01-07 10:55:09,585 ERROR $ZOMATO.NS: possibly delisted; no price data found  (period=25y) (Yahoo error = "No data found, symbol may be delisted")
2026-01-07 10:55:14,923 INFO Bot started
2026-01-07 10:55:21,722 ERROR HTTP Error 404: {"quoteSummary":{"result":null,"error":{"code":"Not Found","description":"Quote not found for symbol: TATAMOTORS.NS"}}}
2026-01-07 10:55:22,172 ERROR $ZOMATO.NS: possibly delisted; no price data found  (period=25y) (Yahoo error = "No data found, symbol may be delisted")
2026-01-07 10:55:23,315 ERROR $TATAMOTORS.NS: possibly delisted; no price data found  (period=25y) (Yahoo error = "No data found, symbol may be delisted")
2026-01-07 10:55:27,216 ERROR 
2 Failed downloads:
2026-01-07 10:55:27,216 ERROR ['ZOMATO.NS', 'TATAMOTORS.NS']: possibly delisted; no price data found  (period=25y) (Yahoo error = "No data found, symbol may be delisted")
2026-01-07 10:55:41,223 INFO Bot started
2026-01-07 10:55:45,043 ERROR $ZOMATO.NS: possibly delisted; no price data found  (period=25y) (Yahoo error = "No data found, symbol may be delisted")
2026-01-07 10:55:45,176 ERROR $TATAMOTORS.NS: possibly delisted; no price data found  (period=25y) (Yahoo error = "No data found, symbol may be delisted")
2026-01-07 10:55:50,123 ERROR 
2 Failed downloads:
2026-01-07 10:55:50,123 ERROR ['ZOMATO.NS', 'TATAMOTORS.NS']: possibly delisted; no price data found  (period=25y) (Yahoo error = "No data found, symbol may be delisted")
2026-01-07 10:56:03,020 INFO Bot started
2026-01-07 10:56:07,456 ERROR $ZOMATO.NS: possibly delisted; no price data found  (period=25y) (Yahoo error = "No data found, symbol may be delisted")
2026-01-07 10:56:07,515 ERROR $TATAMOTORS.NS: possibly delisted; no price data found  (period=25y) (Yahoo error = "No data found, symbol may be delisted")
2026-01-07 10:56:12,030 ERROR 
2 Failed downloads:
2026-01-07 10:56:12,030 ERROR ['ZOMATO.NS', 'TATAMOTORS.NS']: possibly delisted; no price data found  (period=25y) (Yahoo error = "No data found, symbol may be delisted")
2026-01-07 10:56:16,505 INFO Bot started
2026-01-07 10:56:20,739 ERROR $ZOMATO.NS: possibly delisted; no price data found  (period=25y) (Yahoo error = "No data found, symbol may be delisted")
2026-01-07 10:56:26,306 ERROR HTTP Error 404: {"quoteSummary":{"result":null,"error":{"code":"Not Found","description":"Quote not found for symbol: TATAMOTORS.NS"}}}
2026-01-07 10:56:27,211 ERROR $TATAMOTORS.NS: possibly delisted; no price data found  (period=25y) (Yahoo error = "No data found, symbol may be delisted")
2026-01-07 10:56:27,217 ERROR 
2 Failed downloads:
2026-01-07 10:56:27,217 ERROR ['ZOMATO.NS', 'TATAMOTORS.NS']: possibly delisted; no price data found  (period=25y) (Yahoo error = "No data found, symbol may be delisted")
2026-01-07 10:56:29,598 ERROR cannot access local variable 'sl_3' where it is not associated with a value
2026-01-07 10:56:39,599 INFO Bot started
2026-01-07 10:56:42,256 ERROR $ZOMATO.NS: possibly delisted; no price data found  (period=25y) (Yahoo error = "No data found, symbol may be delisted")
2026-01-07 10:56:48,966 ERROR $TATAMOTORS.NS: possibly delisted; no price data found  (period=25y) (Yahoo error = "No data found, symbol may be delisted")
2026-01-07 10:56:48,970 ERROR 
2 Failed downloads:
2026-01-07 10:56:48,970 ERROR ['ZOMATO.NS', 'TATAMOTORS.NS']: possibly delisted; no price data found  (period=25y) (Yahoo error = "No data found, symbol may be delisted")
2026-01-07 10:56:50,688 ERROR cannot access local variable 'sl_3' where it is not associated with a value
2026-01-07 10:57:00,689 INFO Bot started
2026-01-07 10:57:04,034 ERROR $ZOMATO.NS: possibly delisted; no price data found  (period=25y) (Yahoo error = "No data found, symbol may be delisted")
2026-01-07 10:57:09,881 ERROR $TATAMOTORS.NS: possibly delisted; no price data found  (period=25y) (Yahoo error = "No data found, symbol may be delisted")
2026-01-07 10:57:09,891 ERROR 
2 Failed downloads:
2026-01-07 10:57:09,891 ERROR ['ZOMATO.NS', 'TATAMOTORS.NS']: possibly delisted; no price data found  (period=25y) (Yahoo error = "No data found, symbol may be delisted")
2026-01-07 10:57:12,898 INFO Bot started
2026-01-07 10:57:16,384 ERROR HTTP Error 404: {"quoteSummary":{"result":null,"error":{"code":"Not Found","description":"Quote not found for symbol: TATAMOTORS.NS"}}}
2026-01-07 10:57:17,540 ERROR $TATAMOTORS.NS: possibly delisted; no price data found  (period=25y) (Yahoo error = "No data found, symbol may be delisted")
2026-01-07 10:57:28,403 INFO Bot started
2026-01-07 10:57:36,353 ERROR $ZOMATO.NS: possibly delisted; no price data found  (period=25y) (Yahoo error = "No data found, symbol may be delisted")
2026-01-07 10:57:37,866 ERROR HTTP Error 404: {"quoteSummary":{"result":null,"error":{"code":"Not Found","description":"Quote not found for symbol: TATAMOTORS.NS"}}}
2026-01-07 10:57:38,747 ERROR $TATAMOTORS.NS: possibly delisted; no price data found  (period=25y) (Yahoo error = "No data found, symbol may be delisted")
2026-01-07 10:57:39,234 ERROR 
2 Failed downloads:
2026-01-07 10:57:39,234 ERROR ['ZOMATO.NS', 'TATAMOTORS.NS']: possibly delisted; no price data found  (period=25y) (Yahoo error = "No data found, symbol may be delisted")
2026-01-07 10:57:40,476 ERROR cannot access local variable 'sl_3' where it is not associated with a value
2026-01-07 10:57:50,477 INFO Bot started
2026-01-07 10:57:54,578 ERROR $ZOMATO.NS: possibly delisted; no price data found  (period=25y) (Yahoo error = "No data found, symbol may be delisted")
2026-01-07 10:57:56,226 ERROR $TATAMOTORS.NS: possibly delisted; no price data found  (period=25y) (Yahoo error = "No data found, symbol may be delisted")
2026-01-07 10:57:58,281 ERROR 
2 Failed downloads:
2026-01-07 10:57:58,281 ERROR ['ZOMATO.NS', 'TATAMOTORS.NS']: possibly delisted; no price data found  (period=25y) (Yahoo error = "No data found, symbol may be delisted")
2026-01-07 10:57:59,865 ERROR cannot access local variable 'sl_3' where it is not associated with a value
2026-01-07 10:58:09,866 INFO Bot started
2026-01-07 10:58:14,572 ERROR $ZOMATO.NS: possibly delisted; no price data found  (period=25y) (Yahoo error = "No data found, symbol may be delisted")
2026-01-07 10:58:15,954 ERROR $TATAMOTORS.NS: possibly delisted; no price data found  (period=25y) (Yahoo error = "No data found, symbol may be delisted")
2026-01-07 10:58:18,744 ERROR 
2 Failed downloads:
2026-01-07 10:58:18,744 ERROR ['ZOMATO.NS', 'TATAMOTORS.NS']: possibly delisted; no price data found  (period=25y) (Yahoo error = "No data found, symbol may be delisted")
2026-01-07 10:58:20,546 ERROR cannot access local variable 'sl_3' where it is not associated with a value
2026-01-07 10:58:30,546 INFO Bot started
2026-01-07 10:58:34,185 ERROR $ZOMATO.NS: possibly delisted; no price data found  (period=25y) (Yahoo error = "No data found, symbol may be delisted")
2026-01-07 10:58:35,513 ERROR $TATAMOTORS.NS: possibly delisted; no price data found  (period=25y) (Yahoo error = "No data found, symbol may be delisted")
2026-01-07 10:58:36,945 ERROR 
2 Failed downloads:
2026-01-07 10:58:36,945 ERROR ['ZOMATO.NS', 'TATAMOTORS.NS']: possibly delisted; no price data found  (period=25y) (Yahoo error = "No data found, symbol may be delisted")
2026-01-07 10:58:38,083 ERROR cannot access local variable 'sl_3' where it is not associated with a value
2026-01-07 10:58:48,083 INFO Bot started
2026-01-07 10:58:51,553 ERROR $ZOMATO.NS: possibly delisted; no price data found  (period=25y) (Yahoo error = "No data found, symbol may be delisted")
2026-01-07 10:58:53,038 ERROR $TATAMOTORS.NS: possibly delisted; no price data found  (period=25y) (Yahoo error = "No data found, symbol may be delisted")
2026-01-07 10:58:54,872 ERROR 
2 Failed downloads:
2026-01-07 10:58:54,872 ERROR ['ZOMATO.NS', 'TATAMOTORS.NS']: possibly delisted; no price data found  (period=25y) (Yahoo error = "No data found, symbol may be delisted")
2026-01-07 10:58:55,878 ERROR cannot access local variable 'sl_3' where it is not associated with a value
2026-01-07 10:59:05,878 INFO Bot started
2026-01-07 10:59:09,894 ERROR $ZOMATO.NS: possibly delisted; no price data found  (period=25y) (Yahoo error = "No data found, symbol may be delisted")
2026-01-07 10:59:11,285 ERROR $TATAMOTORS.NS: possibly delisted; no price data found  (period=25y) (Yahoo error = "No data found, symbol may be delisted")
2026-01-07 10:59:13,538 ERROR 
2 Failed downloads:
2026-01-07 10:59:13,538 ERROR ['ZOMATO.NS', 'TATAMOTORS.NS']: possibly delisted; no price data found  (period=25y) (Yahoo error = "No data found, symbol may be delisted")
2026-01-07 10:59:14,577 ERROR cannot access local variable 'sl_3' where it is not associated with a value
2026-01-07 10:59:17,277 INFO Bot started
2026-01-07 10:59:19,964 ERROR $ZOMATO.NS: possibly delisted; no price data found  (period=25y) (Yahoo error = "No data found, symbol may be delisted")
2026-01-07 10:59:24,568 ERROR HTTP Error 404: {"quoteSummary":{"result":null,"error":{"code":"Not Found","description":"Quote not found for symbol: TATAMOTORS.NS"}}}
2026-01-07 10:59:26,155 ERROR $TATAMOTORS.NS: possibly delisted; no price data found  (period=25y) (Yahoo error = "No data found, symbol may be delisted")
2026-01-07 10:59:27,072 ERROR 
2 Failed downloads:
2026-01-07 10:59:27,072 ERROR ['ZOMATO.NS', 'TATAMOTORS.NS']: possibly delisted; no price data found  (period=25y) (Yahoo error = "No data found, symbol may be delisted")
2026-01-07 10:59:28,518 INFO SELL CIPLA.NS @ 1488.699951171875
2026-01-07 10:59:28,518 ERROR 'bool' object does not support item assignment
2026-01-07 10:59:38,519 INFO Bot started
2026-01-07 10:59:39,638 ERROR $ZOMATO.NS: possibly delisted; no price data found  (period=25y) (Yahoo error = "No data found, symbol may be delisted")
2026-01-07 10:59:44,537 ERROR $TATAMOTORS.NS: possibly delisted; no price data found  (period=25y) (Yahoo error = "No data found, symbol may be delisted")
2026-01-07 10:59:47,298 ERROR 
2 Failed downloads:
2026-01-07 10:59:47,298 ERROR ['ZOMATO.NS', 'TATAMOTORS.NS']: possibly delisted; no price data found  (period=25y) (Yahoo error = "No data found, symbol may be delisted")
2026-01-07 10:59:48,633 INFO SELL CIPLA.NS @ 1488.300048828125
2026-01-07 10:59:48,633 ERROR 'bool' object does not support item assignment
2026-01-07 10:59:58,634 INFO Bot started
2026-01-07 11:00:00,068 ERROR $ZOMATO.NS: possibly delisted; no price data found  (period=25y) (Yahoo error = "No data found, symbol may be delisted")
2026-01-07 11:00:04,685 ERROR $TATAMOTORS.NS: possibly delisted; no price data found  (period=25y) (Yahoo error = "No data found, symbol may be delisted")
2026-01-07 11:00:07,392 ERROR 
2 Failed downloads:
2026-01-07 11:00:07,392 ERROR ['ZOMATO.NS', 'TATAMOTORS.NS']: possibly delisted; no price data found  (period=25y) (Yahoo error = "No data found, symbol may be delisted")
2026-01-07 11:00:08,923 INFO SELL CIPLA.NS @ 1487.5
2026-01-07 11:00:08,923 ERROR 'bool' object does not support item assignment
2026-01-07 11:00:18,924 INFO Bot started
2026-01-07 11:00:20,266 ERROR $ZOMATO.NS: possibly delisted; no price data found  (period=25y) (Yahoo error = "No data found, symbol may be delisted")
2026-01-07 11:00:24,720 ERROR $TATAMOTORS.NS: possibly delisted; no price data found  (period=25y) (Yahoo error = "No data found, symbol may be delisted")
2026-01-07 11:00:27,751 ERROR 
2 Failed downloads:
2026-01-07 11:00:27,751 ERROR ['ZOMATO.NS', 'TATAMOTORS.NS']: possibly delisted; no price data found  (period=25y) (Yahoo error = "No data found, symbol may be delisted")
2026-01-07 11:00:29,493 INFO SELL CIPLA.NS @ 1486.9000244140625
2026-01-07 11:00:29,495 ERROR 'bool' object does not support item assignment
2026-01-07 11:00:39,495 INFO Bot started
2026-01-07 11:00:40,449 ERROR $ZOMATO.NS: possibly delisted; no price data found  (period=25y) (Yahoo error = "No data found, symbol may be delisted")
2026-01-07 11:00:45,189 ERROR $TATAMOTORS.NS: possibly delisted; no price data found  (period=25y) (Yahoo error = "No data found, symbol may be delisted")
2026-01-07 11:00:48,076 ERROR 
2 Failed downloads:
2026-01-07 11:00:48,076 ERROR ['ZOMATO.NS', 'TATAMOTORS.NS']: possibly delisted; no price data found  (period=25y) (Yahoo error = "No data found, symbol may be delisted")
2026-01-07 11:00:50,131 INFO SELL CIPLA.NS @ 1487.5999755859375
2026-01-07 11:00:50,137 ERROR 'bool' object does not support item assignment
2026-01-07 11:01:00,138 INFO Bot started
2026-01-07 11:01:01,091 ERROR $ZOMATO.NS: possibly delisted; no price data found  (period=25y) (Yahoo error = "No data found, symbol may be delisted")
2026-01-07 11:01:04,820 ERROR $TATAMOTORS.NS: possibly delisted; no price data found  (period=25y) (Yahoo error = "No data found, symbol may be delisted")
2026-01-07 11:01:06,597 ERROR 
2 Failed downloads:
2026-01-07 11:01:06,597 ERROR ['ZOMATO.NS', 'TATAMOTORS.NS']: possibly delisted; no price data found  (period=25y) (Yahoo error = "No data found, symbol may be delisted")
2026-01-07 11:01:08,153 INFO SELL CIPLA.NS @ 1487.0999755859375
2026-01-07 11:01:08,153 ERROR 'bool' object does not support item assignment
2026-01-07 11:01:18,154 INFO Bot started
2026-01-07 11:01:19,250 ERROR $ZOMATO.NS: possibly delisted; no price data found  (period=25y) (Yahoo error = "No data found, symbol may be delisted")
2026-01-07 11:01:22,574 ERROR $TATAMOTORS.NS: possibly delisted; no price data found  (period=25y) (Yahoo error = "No data found, symbol may be delisted")
2026-01-07 11:01:24,432 ERROR 
2 Failed downloads:
2026-01-07 11:01:24,432 ERROR ['ZOMATO.NS', 'TATAMOTORS.NS']: possibly delisted; no price data found  (period=25y) (Yahoo error = "No data found, symbol may be delisted")
2026-01-07 11:01:26,391 INFO SELL CIPLA.NS @ 1487.199951171875
2026-01-07 11:01:26,392 ERROR 'bool' object does not support item assignment
2026-01-07 11:01:36,393 INFO Bot started
2026-01-07 11:01:37,687 ERROR $ZOMATO.NS: possibly delisted; no price data found  (period=25y) (Yahoo error = "No data found, symbol may be delisted")
2026-01-07 11:01:41,591 ERROR $TATAMOTORS.NS: possibly delisted; no price data found  (period=25y) (Yahoo error = "No data found, symbol may be delisted")
2026-01-07 11:01:43,715 ERROR 
2 Failed downloads:
2026-01-07 11:01:43,715 ERROR ['ZOMATO.NS', 'TATAMOTORS.NS']: possibly delisted; no price data found  (period=25y) (Yahoo error = "No data found, symbol may be delisted")
2026-01-07 11:01:45,164 INFO SELL CIPLA.NS @ 1487.5999755859375
2026-01-07 11:01:45,164 ERROR 'bool' object does not support item assignment
2026-01-07 11:01:55,165 INFO Bot started
2026-01-07 11:01:56,105 ERROR $ZOMATO.NS: possibly delisted; no price data found  (period=25y) (Yahoo error = "No data found, symbol may be delisted")
2026-01-07 11:02:00,241 ERROR $TATAMOTORS.NS: possibly delisted; no price data found  (period=25y) (Yahoo error = "No data found, symbol may be delisted")
2026-01-07 11:02:02,657 ERROR 
2 Failed downloads:
2026-01-07 11:02:02,657 ERROR ['ZOMATO.NS', 'TATAMOTORS.NS']: possibly delisted; no price data found  (period=25y) (Yahoo error = "No data found, symbol may be delisted")
2026-01-07 11:02:04,507 INFO SELL CIPLA.NS @ 1487.5999755859375
2026-01-07 11:02:04,507 ERROR 'bool' object does not support item assignment
2026-01-07 11:02:14,508 INFO Bot started
2026-01-07 11:02:15,794 ERROR $ZOMATO.NS: possibly delisted; no price data found  (period=25y) (Yahoo error = "No data found, symbol may be delisted")
2026-01-07 11:02:21,599 ERROR $TATAMOTORS.NS: possibly delisted; no price data found  (period=25y) (Yahoo error = "No data found, symbol may be delisted")
2026-01-07 11:02:23,932 ERROR 
2 Failed downloads:
2026-01-07 11:02:23,932 ERROR ['ZOMATO.NS', 'TATAMOTORS.NS']: possibly delisted; no price data found  (period=25y) (Yahoo error = "No data found, symbol may be delisted")
2026-01-07 11:02:25,508 INFO SELL CIPLA.NS @ 1487.5999755859375
2026-01-07 11:02:25,509 ERROR 'bool' object does not support item assignment
2026-01-07 11:02:35,510 INFO Bot started
2026-01-07 11:02:36,703 ERROR $ZOMATO.NS: possibly delisted; no price data found  (period=25y) (Yahoo error = "No data found, symbol may be delisted")
2026-01-07 11:02:41,088 ERROR $TATAMOTORS.NS: possibly delisted; no price data found  (period=25y) (Yahoo error = "No data found, symbol may be delisted")
2026-01-07 11:02:43,890 ERROR 
2 Failed downloads:
2026-01-07 11:02:43,890 ERROR ['ZOMATO.NS', 'TATAMOTORS.NS']: possibly delisted; no price data found  (period=25y) (Yahoo error = "No data found, symbol may be delisted")
2026-01-07 11:02:45,295 INFO SELL CIPLA.NS @ 1488.199951171875
2026-01-07 11:02:45,296 ERROR 'bool' object does not support item assignment
2026-01-07 11:02:55,297 INFO Bot started
2026-01-07 11:02:56,875 ERROR $ZOMATO.NS: possibly delisted; no price data found  (period=25y) (Yahoo error = "No data found, symbol may be delisted")
2026-01-07 11:03:02,079 ERROR $TATAMOTORS.NS: possibly delisted; no price data found  (period=25y) (Yahoo error = "No data found, symbol may be delisted")
2026-01-07 11:03:04,466 ERROR 
2 Failed downloads:
2026-01-07 11:03:04,466 ERROR ['ZOMATO.NS', 'TATAMOTORS.NS']: possibly delisted; no price data found  (period=25y) (Yahoo error = "No data found, symbol may be delisted")
2026-01-07 11:03:06,357 INFO SELL CIPLA.NS @ 1488.699951171875
2026-01-07 11:03:06,357 ERROR 'bool' object does not support item assignment
2026-01-07 11:03:16,357 INFO Bot started
2026-01-07 11:03:17,400 ERROR $ZOMATO.NS: possibly delisted; no price data found  (period=25y) (Yahoo error = "No data found, symbol may be delisted")
2026-01-07 11:03:22,056 ERROR $TATAMOTORS.NS: possibly delisted; no price data found  (period=25y) (Yahoo error = "No data found, symbol may be delisted")
2026-01-07 11:03:24,604 ERROR 
2 Failed downloads:
2026-01-07 11:03:24,604 ERROR ['ZOMATO.NS', 'TATAMOTORS.NS']: possibly delisted; no price data found  (period=25y) (Yahoo error = "No data found, symbol may be delisted")
2026-01-07 11:03:26,252 INFO SELL CIPLA.NS @ 1488.4000244140625
2026-01-07 11:03:26,252 ERROR 'bool' object does not support item assignment
2026-01-07 11:03:36,252 INFO Bot started
2026-01-07 11:03:37,329 ERROR $ZOMATO.NS: possibly delisted; no price data found  (period=25y) (Yahoo error = "No data found, symbol may be delisted")
2026-01-07 11:03:42,074 ERROR $TATAMOTORS.NS: possibly delisted; no price data found  (period=25y) (Yahoo error = "No data found, symbol may be delisted")
2026-01-07 11:03:44,476 ERROR 
2 Failed downloads:
2026-01-07 11:03:44,476 ERROR ['ZOMATO.NS', 'TATAMOTORS.NS']: possibly delisted; no price data found  (period=25y) (Yahoo error = "No data found, symbol may be delisted")
2026-01-07 11:03:45,853 INFO SELL CIPLA.NS @ 1488.0999755859375
2026-01-07 11:03:45,853 ERROR 'bool' object does not support item assignment
2026-01-07 11:03:55,854 INFO Bot started
2026-01-07 11:03:57,476 ERROR $ZOMATO.NS: possibly delisted; no price data found  (period=25y) (Yahoo error = "No data found, symbol may be delisted")
2026-01-07 11:04:02,382 ERROR $TATAMOTORS.NS: possibly delisted; no price data found  (period=25y) (Yahoo error = "No data found, symbol may be delisted")
2026-01-07 11:04:05,057 ERROR 
2 Failed downloads:
2026-01-07 11:04:05,066 ERROR ['ZOMATO.NS', 'TATAMOTORS.NS']: possibly delisted; no price data found  (period=25y) (Yahoo error = "No data found, symbol may be delisted")
2026-01-07 11:04:06,822 INFO SELL CIPLA.NS @ 1487.5
2026-01-07 11:04:06,830 ERROR 'bool' object does not support item assignment
2026-01-07 11:04:16,830 INFO Bot started
2026-01-07 11:04:18,218 ERROR $ZOMATO.NS: possibly delisted; no price data found  (period=25y) (Yahoo error = "No data found, symbol may be delisted")
2026-01-07 11:04:22,736 ERROR $TATAMOTORS.NS: possibly delisted; no price data found  (period=25y) (Yahoo error = "No data found, symbol may be delisted")
2026-01-07 11:04:25,085 ERROR 
2 Failed downloads:
2026-01-07 11:04:25,085 ERROR ['ZOMATO.NS', 'TATAMOTORS.NS']: possibly delisted; no price data found  (period=25y) (Yahoo error = "No data found, symbol may be delisted")
2026-01-07 11:04:26,459 INFO SELL CIPLA.NS @ 1488.300048828125
2026-01-07 11:04:26,459 ERROR 'bool' object does not support item assignment
2026-01-07 11:04:36,460 INFO Bot started
2026-01-07 11:04:37,624 ERROR $ZOMATO.NS: possibly delisted; no price data found  (period=25y) (Yahoo error = "No data found, symbol may be delisted")
2026-01-07 11:04:42,766 ERROR $TATAMOTORS.NS: possibly delisted; no price data found  (period=25y) (Yahoo error = "No data found, symbol may be delisted")
2026-01-07 11:04:45,610 ERROR 
2 Failed downloads:
2026-01-07 11:04:45,610 ERROR ['ZOMATO.NS', 'TATAMOTORS.NS']: possibly delisted; no price data found  (period=25y) (Yahoo error = "No data found, symbol may be delisted")
2026-01-07 11:04:47,025 INFO SELL CIPLA.NS @ 1488.0
2026-01-07 11:04:47,026 ERROR 'bool' object does not support item assignment
2026-01-07 11:04:57,027 INFO Bot started
2026-01-07 11:04:58,603 ERROR $ZOMATO.NS: possibly delisted; no price data found  (period=25y) (Yahoo error = "No data found, symbol may be delisted")
2026-01-07 11:05:04,225 ERROR $TATAMOTORS.NS: possibly delisted; no price data found  (period=25y) (Yahoo error = "No data found, symbol may be delisted")
2026-01-07 11:05:07,843 ERROR 
2 Failed downloads:
2026-01-07 11:05:07,843 ERROR ['ZOMATO.NS', 'TATAMOTORS.NS']: possibly delisted; no price data found  (period=25y) (Yahoo error = "No data found, symbol may be delisted")
2026-01-07 11:05:09,826 INFO SELL CIPLA.NS @ 1488.4000244140625
2026-01-07 11:05:09,827 ERROR 'bool' object does not support item assignment
2026-01-07 11:05:19,828 INFO Bot started
2026-01-07 11:05:21,151 ERROR $ZOMATO.NS: possibly delisted; no price data found  (period=25y) (Yahoo error = "No data found, symbol may be delisted")
2026-01-07 11:05:26,129 ERROR $TATAMOTORS.NS: possibly delisted; no price data found  (period=25y) (Yahoo error = "No data found, symbol may be delisted")
2026-01-07 11:05:28,929 ERROR 
2 Failed downloads:
2026-01-07 11:05:28,929 ERROR ['ZOMATO.NS', 'TATAMOTORS.NS']: possibly delisted; no price data found  (period=25y) (Yahoo error = "No data found, symbol may be delisted")
2026-01-07 11:05:30,550 INFO SELL CIPLA.NS @ 1488.699951171875
2026-01-07 11:05:30,550 ERROR 'bool' object does not support item assignment
2026-01-07 11:05:40,551 INFO Bot started
2026-01-07 11:05:41,697 ERROR $ZOMATO.NS: possibly delisted; no price data found  (period=25y) (Yahoo error = "No data found, symbol may be delisted")
2026-01-07 11:05:46,738 ERROR $TATAMOTORS.NS: possibly delisted; no price data found  (period=25y) (Yahoo error = "No data found, symbol may be delisted")
2026-01-07 11:05:49,740 ERROR 
2 Failed downloads:
2026-01-07 11:05:49,740 ERROR ['ZOMATO.NS', 'TATAMOTORS.NS']: possibly delisted; no price data found  (period=25y) (Yahoo error = "No data found, symbol may be delisted")
2026-01-07 11:05:51,298 INFO SELL CIPLA.NS @ 1488.9000244140625
2026-01-07 11:05:51,299 ERROR 'bool' object does not support item assignment
2026-01-07 11:06:01,299 INFO Bot started
2026-01-07 11:06:02,288 ERROR $ZOMATO.NS: possibly delisted; no price data found  (period=25y) (Yahoo error = "No data found, symbol may be delisted")
2026-01-07 11:06:07,877 ERROR $TATAMOTORS.NS: possibly delisted; no price data found  (period=25y) (Yahoo error = "No data found, symbol may be delisted")
2026-01-07 11:06:11,307 ERROR 
2 Failed downloads:
2026-01-07 11:06:11,307 ERROR ['ZOMATO.NS', 'TATAMOTORS.NS']: possibly delisted; no price data found  (period=25y) (Yahoo error = "No data found, symbol may be delisted")
2026-01-07 11:06:12,946 INFO SELL CIPLA.NS @ 1489.300048828125
2026-01-07 11:06:12,947 ERROR 'bool' object does not support item assignment
2026-01-07 11:06:22,948 INFO Bot started
2026-01-07 11:06:24,170 ERROR $ZOMATO.NS: possibly delisted; no price data found  (period=25y) (Yahoo error = "No data found, symbol may be delisted")
2026-01-07 11:06:29,086 ERROR $TATAMOTORS.NS: possibly delisted; no price data found  (period=25y) (Yahoo error = "No data found, symbol may be delisted")
2026-01-07 11:06:32,230 ERROR 
2 Failed downloads:
2026-01-07 11:06:32,230 ERROR ['ZOMATO.NS', 'TATAMOTORS.NS']: possibly delisted; no price data found  (period=25y) (Yahoo error = "No data found, symbol may be delisted")
2026-01-07 11:06:44,128 INFO Bot started
2026-01-07 11:06:45,326 ERROR $ZOMATO.NS: possibly delisted; no price data found  (period=25y) (Yahoo error = "No data found, symbol may be delisted")
2026-01-07 11:06:50,634 ERROR $TATAMOTORS.NS: possibly delisted; no price data found  (period=25y) (Yahoo error = "No data found, symbol may be delisted")
2026-01-07 11:06:53,945 ERROR 
2 Failed downloads:
2026-01-07 11:06:53,945 ERROR ['ZOMATO.NS', 'TATAMOTORS.NS']: possibly delisted; no price data found  (period=25y) (Yahoo error = "No data found, symbol may be delisted")
2026-01-07 11:06:55,369 INFO SELL CIPLA.NS @ 1488.199951171875
2026-01-07 11:06:55,369 ERROR 'bool' object does not support item assignment
2026-01-07 11:07:05,370 INFO Bot started
2026-01-07 11:07:07,288 ERROR $ZOMATO.NS: possibly delisted; no price data found  (period=25y) (Yahoo error = "No data found, symbol may be delisted")
2026-01-07 11:07:12,243 ERROR $TATAMOTORS.NS: possibly delisted; no price data found  (period=25y) (Yahoo error = "No data found, symbol may be delisted")
2026-01-07 11:07:15,800 ERROR 
2 Failed downloads:
2026-01-07 11:07:15,800 ERROR ['ZOMATO.NS', 'TATAMOTORS.NS']: possibly delisted; no price data found  (period=25y) (Yahoo error = "No data found, symbol may be delisted")
2026-01-07 11:07:17,555 INFO SELL CIPLA.NS @ 1487.4000244140625
2026-01-07 11:07:17,556 ERROR 'bool' object does not support item assignment
2026-01-07 11:07:27,556 INFO Bot started
2026-01-07 11:07:28,911 ERROR $ZOMATO.NS: possibly delisted; no price data found  (period=25y) (Yahoo error = "No data found, symbol may be delisted")
2026-01-07 11:07:33,749 ERROR $TATAMOTORS.NS: possibly delisted; no price data found  (period=25y) (Yahoo error = "No data found, symbol may be delisted")
2026-01-07 11:07:36,766 ERROR 
2 Failed downloads:
2026-01-07 11:07:36,766 ERROR ['ZOMATO.NS', 'TATAMOTORS.NS']: possibly delisted; no price data found  (period=25y) (Yahoo error = "No data found, symbol may be delisted")
2026-01-07 11:07:38,418 INFO SELL CIPLA.NS @ 1487.5999755859375
2026-01-07 11:07:38,419 ERROR 'bool' object does not support item assignment
2026-01-07 11:07:48,419 INFO Bot started
2026-01-07 11:07:49,710 ERROR $ZOMATO.NS: possibly delisted; no price data found  (period=25y) (Yahoo error = "No data found, symbol may be delisted")
2026-01-07 11:07:53,392 ERROR $TATAMOTORS.NS: possibly delisted; no price data found  (period=25y) (Yahoo error = "No data found, symbol may be delisted")
2026-01-07 11:07:55,611 ERROR 
2 Failed downloads:
2026-01-07 11:07:55,611 ERROR ['ZOMATO.NS', 'TATAMOTORS.NS']: possibly delisted; no price data found  (period=25y) (Yahoo error = "No data found, symbol may be delisted")
2026-01-07 11:07:57,141 INFO SELL CIPLA.NS @ 1487.699951171875
2026-01-07 11:07:57,141 ERROR 'bool' object does not support item assignment
2026-01-07 11:08:07,142 INFO Bot started
2026-01-07 11:08:08,419 ERROR $ZOMATO.NS: possibly delisted; no price data found  (period=25y) (Yahoo error = "No data found, symbol may be delisted")
2026-01-07 11:08:12,274 ERROR $TATAMOTORS.NS: possibly delisted; no price data found  (period=25y) (Yahoo error = "No data found, symbol may be delisted")
2026-01-07 11:08:14,208 ERROR 
2 Failed downloads:
2026-01-07 11:08:14,208 ERROR ['ZOMATO.NS', 'TATAMOTORS.NS']: possibly delisted; no price data found  (period=25y) (Yahoo error = "No data found, symbol may be delisted")
2026-01-07 11:08:15,909 INFO SELL CIPLA.NS @ 1486.699951171875
2026-01-07 11:08:15,910 ERROR 'bool' object does not support item assignment
2026-01-07 11:08:25,910 INFO Bot started
2026-01-07 11:08:26,835 ERROR $ZOMATO.NS: possibly delisted; no price data found  (period=25y) (Yahoo error = "No data found, symbol may be delisted")
2026-01-07 11:08:30,421 ERROR $TATAMOTORS.NS: possibly delisted; no price data found  (period=25y) (Yahoo error = "No data found, symbol may be delisted")
2026-01-07 11:08:32,195 ERROR 
2 Failed downloads:
2026-01-07 11:08:32,195 ERROR ['ZOMATO.NS', 'TATAMOTORS.NS']: possibly delisted; no price data found  (period=25y) (Yahoo error = "No data found, symbol may be delisted")
2026-01-07 11:08:33,678 INFO SELL CIPLA.NS @ 1486.5999755859375
2026-01-07 11:08:33,679 ERROR 'bool' object does not support item assignment
2026-01-07 11:08:43,679 INFO Bot started
2026-01-07 11:08:44,723 ERROR $ZOMATO.NS: possibly delisted; no price data found  (period=25y) (Yahoo error = "No data found, symbol may be delisted")
2026-01-07 11:08:48,241 ERROR $TATAMOTORS.NS: possibly delisted; no price data found  (period=25y) (Yahoo error = "No data found, symbol may be delisted")
2026-01-07 11:08:50,328 ERROR 
2 Failed downloads:
2026-01-07 11:08:50,328 ERROR ['ZOMATO.NS', 'TATAMOTORS.NS']: possibly delisted; no price data found  (period=25y) (Yahoo error = "No data found, symbol may be delisted")
2026-01-07 11:08:51,662 INFO SELL CIPLA.NS @ 1486.5999755859375
2026-01-07 11:08:51,662 ERROR 'bool' object does not support item assignment
2026-01-07 11:09:01,663 INFO Bot started
2026-01-07 11:09:02,522 ERROR $ZOMATO.NS: possibly delisted; no price data found  (period=25y) (Yahoo error = "No data found, symbol may be delisted")
2026-01-07 11:09:06,360 ERROR $TATAMOTORS.NS: possibly delisted; no price data found  (period=25y) (Yahoo error = "No data found, symbol may be delisted")
2026-01-07 11:09:08,283 ERROR 
2 Failed downloads:
2026-01-07 11:09:08,283 ERROR ['ZOMATO.NS', 'TATAMOTORS.NS']: possibly delisted; no price data found  (period=25y) (Yahoo error = "No data found, symbol may be delisted")
2026-01-07 11:09:09,756 INFO SELL CIPLA.NS @ 1486.4000244140625
2026-01-07 11:09:09,757 ERROR 'bool' object does not support item assignment
2026-01-07 11:09:19,758 INFO Bot started
2026-01-07 11:09:20,982 ERROR $ZOMATO.NS: possibly delisted; no price data found  (period=25y) (Yahoo error = "No data found, symbol may be delisted")
2026-01-07 11:09:24,366 ERROR $TATAMOTORS.NS: possibly delisted; no price data found  (period=25y) (Yahoo error = "No data found, symbol may be delisted")
2026-01-07 11:09:26,499 ERROR 
2 Failed downloads:
2026-01-07 11:09:26,499 ERROR ['ZOMATO.NS', 'TATAMOTORS.NS']: possibly delisted; no price data found  (period=25y) (Yahoo error = "No data found, symbol may be delisted")
2026-01-07 11:09:28,066 INFO SELL CIPLA.NS @ 1486.0999755859375
2026-01-07 11:09:28,067 ERROR 'bool' object does not support item assignment
2026-01-07 11:09:38,068 INFO Bot started
2026-01-07 11:09:38,997 ERROR $ZOMATO.NS: possibly delisted; no price data found  (period=25y) (Yahoo error = "No data found, symbol may be delisted")
2026-01-07 11:09:42,343 ERROR $TATAMOTORS.NS: possibly delisted; no price data found  (period=25y) (Yahoo error = "No data found, symbol may be delisted")
2026-01-07 11:09:44,459 ERROR 
2 Failed downloads:
2026-01-07 11:09:44,459 ERROR ['ZOMATO.NS', 'TATAMOTORS.NS']: possibly delisted; no price data found  (period=25y) (Yahoo error = "No data found, symbol may be delisted")
2026-01-07 11:09:46,152 INFO SELL CIPLA.NS @ 1486.5999755859375
2026-01-07 11:09:46,152 ERROR 'bool' object does not support item assignment
2026-01-07 11:09:56,154 INFO Bot started
2026-01-07 11:09:57,523 ERROR $ZOMATO.NS: possibly delisted; no price data found  (period=25y) (Yahoo error = "No data found, symbol may be delisted")
2026-01-07 11:10:01,568 ERROR $TATAMOTORS.NS: possibly delisted; no price data found  (period=25y) (Yahoo error = "No data found, symbol may be delisted")
2026-01-07 11:10:03,348 ERROR 
2 Failed downloads:
2026-01-07 11:10:03,348 ERROR ['ZOMATO.NS', 'TATAMOTORS.NS']: possibly delisted; no price data found  (period=25y) (Yahoo error = "No data found, symbol may be delisted")
2026-01-07 11:10:04,894 INFO SELL CIPLA.NS @ 1484.800048828125
2026-01-07 11:10:04,894 ERROR 'bool' object does not support item assignment
2026-01-07 11:10:14,895 INFO Bot started
2026-01-07 11:10:15,756 ERROR $ZOMATO.NS: possibly delisted; no price data found  (period=25y) (Yahoo error = "No data found, symbol may be delisted")
2026-01-07 11:10:19,261 ERROR $TATAMOTORS.NS: possibly delisted; no price data found  (period=25y) (Yahoo error = "No data found, symbol may be delisted")
2026-01-07 11:10:21,327 ERROR 
2 Failed downloads:
2026-01-07 11:10:21,327 ERROR ['ZOMATO.NS', 'TATAMOTORS.NS']: possibly delisted; no price data found  (period=25y) (Yahoo error = "No data found, symbol may be delisted")
2026-01-07 11:10:23,024 INFO SELL CIPLA.NS @ 1484.800048828125
2026-01-07 11:10:23,025 ERROR 'bool' object does not support item assignment
2026-01-07 11:10:33,025 INFO Bot started
2026-01-07 11:10:34,177 ERROR $ZOMATO.NS: possibly delisted; no price data found  (period=25y) (Yahoo error = "No data found, symbol may be delisted")
2026-01-07 11:10:37,523 ERROR $TATAMOTORS.NS: possibly delisted; no price data found  (period=25y) (Yahoo error = "No data found, symbol may be delisted")
2026-01-07 11:10:39,760 ERROR 
2 Failed downloads:
2026-01-07 11:10:39,760 ERROR ['ZOMATO.NS', 'TATAMOTORS.NS']: possibly delisted; no price data found  (period=25y) (Yahoo error = "No data found, symbol may be delisted")
2026-01-07 11:10:41,083 INFO SELL CIPLA.NS @ 1484.699951171875
2026-01-07 11:10:41,083 ERROR 'bool' object does not support item assignment
2026-01-07 11:10:51,085 INFO Bot started
2026-01-07 11:10:51,970 ERROR $ZOMATO.NS: possibly delisted; no price data found  (period=25y) (Yahoo error = "No data found, symbol may be delisted")
2026-01-07 11:10:55,502 ERROR $TATAMOTORS.NS: possibly delisted; no price data found  (period=25y) (Yahoo error = "No data found, symbol may be delisted")
2026-01-07 11:10:58,418 ERROR 
2 Failed downloads:
2026-01-07 11:10:58,418 ERROR ['ZOMATO.NS', 'TATAMOTORS.NS']: possibly delisted; no price data found  (period=25y) (Yahoo error = "No data found, symbol may be delisted")
2026-01-07 11:10:59,916 INFO SELL CIPLA.NS @ 1485.0999755859375
2026-01-07 11:10:59,916 ERROR 'bool' object does not support item assignment
2026-01-07 11:11:09,917 INFO Bot started
2026-01-07 11:11:11,380 ERROR $ZOMATO.NS: possibly delisted; no price data found  (period=25y) (Yahoo error = "No data found, symbol may be delisted")
2026-01-07 11:11:16,038 ERROR $TATAMOTORS.NS: possibly delisted; no price data found  (period=25y) (Yahoo error = "No data found, symbol may be delisted")
2026-01-07 11:11:18,630 ERROR 
2 Failed downloads:
2026-01-07 11:11:18,630 ERROR ['ZOMATO.NS', 'TATAMOTORS.NS']: possibly delisted; no price data found  (period=25y) (Yahoo error = "No data found, symbol may be delisted")
2026-01-07 11:11:20,158 INFO SELL CIPLA.NS @ 1485.199951171875
2026-01-07 11:11:20,159 ERROR 'bool' object does not support item assignment
2026-01-07 11:11:30,160 INFO Bot started
2026-01-07 11:11:31,451 ERROR $ZOMATO.NS: possibly delisted; no price data found  (period=25y) (Yahoo error = "No data found, symbol may be delisted")
2026-01-07 11:11:36,301 ERROR $TATAMOTORS.NS: possibly delisted; no price data found  (period=25y) (Yahoo error = "No data found, symbol may be delisted")
2026-01-07 11:11:39,143 ERROR 
2 Failed downloads:
2026-01-07 11:11:39,143 ERROR ['ZOMATO.NS', 'TATAMOTORS.NS']: possibly delisted; no price data found  (period=25y) (Yahoo error = "No data found, symbol may be delisted")
2026-01-07 11:11:40,593 INFO SELL CIPLA.NS @ 1485.0
2026-01-07 11:11:40,594 ERROR 'bool' object does not support item assignment
2026-01-07 11:11:50,595 INFO Bot started
2026-01-07 11:11:52,076 ERROR $ZOMATO.NS: possibly delisted; no price data found  (period=25y) (Yahoo error = "No data found, symbol may be delisted")
2026-01-07 11:11:56,116 ERROR $TATAMOTORS.NS: possibly delisted; no price data found  (period=25y) (Yahoo error = "No data found, symbol may be delisted")
2026-01-07 11:11:58,750 ERROR 
2 Failed downloads:
2026-01-07 11:11:58,750 ERROR ['ZOMATO.NS', 'TATAMOTORS.NS']: possibly delisted; no price data found  (period=25y) (Yahoo error = "No data found, symbol may be delisted")
2026-01-07 11:12:00,329 INFO SELL CIPLA.NS @ 1484.800048828125
2026-01-07 11:12:00,329 ERROR 'bool' object does not support item assignment
2026-01-07 11:12:10,330 INFO Bot started
2026-01-07 11:12:11,482 ERROR $ZOMATO.NS: possibly delisted; no price data found  (period=25y) (Yahoo error = "No data found, symbol may be delisted")
2026-01-07 11:12:15,164 ERROR $TATAMOTORS.NS: possibly delisted; no price data found  (period=25y) (Yahoo error = "No data found, symbol may be delisted")
2026-01-07 11:12:17,485 ERROR 
2 Failed downloads:
2026-01-07 11:12:17,485 ERROR ['ZOMATO.NS', 'TATAMOTORS.NS']: possibly delisted; no price data found  (period=25y) (Yahoo error = "No data found, symbol may be delisted")
2026-01-07 11:12:19,208 INFO SELL CIPLA.NS @ 1485.0
2026-01-07 11:12:19,210 ERROR 'bool' object does not support item assignment
2026-01-07 11:12:29,210 INFO Bot started
2026-01-07 11:12:30,116 ERROR $ZOMATO.NS: possibly delisted; no price data found  (period=25y) (Yahoo error = "No data found, symbol may be delisted")
2026-01-07 11:12:33,680 ERROR $TATAMOTORS.NS: possibly delisted; no price data found  (period=25y) (Yahoo error = "No data found, symbol may be delisted")
2026-01-07 11:12:35,607 ERROR 
2 Failed downloads:
2026-01-07 11:12:35,607 ERROR ['ZOMATO.NS', 'TATAMOTORS.NS']: possibly delisted; no price data found  (period=25y) (Yahoo error = "No data found, symbol may be delisted")
2026-01-07 11:12:37,391 INFO SELL CIPLA.NS @ 1485.0
2026-01-07 11:12:37,391 ERROR 'bool' object does not support item assignment
2026-01-07 11:12:47,392 INFO Bot started
2026-01-07 11:12:48,604 ERROR $ZOMATO.NS: possibly delisted; no price data found  (period=25y) (Yahoo error = "No data found, symbol may be delisted")
2026-01-07 11:12:52,115 ERROR $TATAMOTORS.NS: possibly delisted; no price data found  (period=25y) (Yahoo error = "No data found, symbol may be delisted")
2026-01-07 11:12:53,866 ERROR 
2 Failed downloads:
2026-01-07 11:12:53,866 ERROR ['ZOMATO.NS', 'TATAMOTORS.NS']: possibly delisted; no price data found  (period=25y) (Yahoo error = "No data found, symbol may be delisted")
2026-01-07 11:12:55,315 INFO SELL CIPLA.NS @ 1483.199951171875
2026-01-07 11:12:55,315 ERROR 'bool' object does not support item assignment
2026-01-07 11:13:05,316 INFO Bot started
2026-01-07 11:13:06,208 ERROR $ZOMATO.NS: possibly delisted; no price data found  (period=25y) (Yahoo error = "No data found, symbol may be delisted")
2026-01-07 11:13:09,938 ERROR $TATAMOTORS.NS: possibly delisted; no price data found  (period=25y) (Yahoo error = "No data found, symbol may be delisted")
2026-01-07 11:13:11,749 ERROR 
2 Failed downloads:
2026-01-07 11:13:11,749 ERROR ['ZOMATO.NS', 'TATAMOTORS.NS']: possibly delisted; no price data found  (period=25y) (Yahoo error = "No data found, symbol may be delisted")
2026-01-07 11:13:13,601 INFO SELL CIPLA.NS @ 1481.800048828125
2026-01-07 11:13:13,602 ERROR 'bool' object does not support item assignment
2026-01-07 11:13:23,602 INFO Bot started
2026-01-07 11:13:24,605 ERROR $ZOMATO.NS: possibly delisted; no price data found  (period=25y) (Yahoo error = "No data found, symbol may be delisted")
2026-01-07 11:13:27,973 ERROR $TATAMOTORS.NS: possibly delisted; no price data found  (period=25y) (Yahoo error = "No data found, symbol may be delisted")
2026-01-07 11:13:29,981 ERROR 
2 Failed downloads:
2026-01-07 11:13:29,981 ERROR ['ZOMATO.NS', 'TATAMOTORS.NS']: possibly delisted; no price data found  (period=25y) (Yahoo error = "No data found, symbol may be delisted")
2026-01-07 11:13:31,453 INFO SELL CIPLA.NS @ 1482.0
2026-01-07 11:13:31,453 ERROR 'bool' object does not support item assignment
2026-01-07 11:13:41,454 INFO Bot started
2026-01-07 11:13:42,312 ERROR $ZOMATO.NS: possibly delisted; no price data found  (period=25y) (Yahoo error = "No data found, symbol may be delisted")
2026-01-07 11:13:45,985 ERROR $TATAMOTORS.NS: possibly delisted; no price data found  (period=25y) (Yahoo error = "No data found, symbol may be delisted")
2026-01-07 11:13:47,815 ERROR 
2 Failed downloads:
2026-01-07 11:13:47,815 ERROR ['ZOMATO.NS', 'TATAMOTORS.NS']: possibly delisted; no price data found  (period=25y) (Yahoo error = "No data found, symbol may be delisted")
2026-01-07 11:13:49,456 INFO SELL CIPLA.NS @ 1481.800048828125
2026-01-07 11:13:49,456 ERROR 'bool' object does not support item assignment
2026-01-07 11:13:59,457 INFO Bot started
2026-01-07 11:14:00,465 ERROR $ZOMATO.NS: possibly delisted; no price data found  (period=25y) (Yahoo error = "No data found, symbol may be delisted")
2026-01-07 11:14:03,991 ERROR $TATAMOTORS.NS: possibly delisted; no price data found  (period=25y) (Yahoo error = "No data found, symbol may be delisted")
2026-01-07 11:14:05,759 ERROR 
2 Failed downloads:
2026-01-07 11:14:05,759 ERROR ['ZOMATO.NS', 'TATAMOTORS.NS']: possibly delisted; no price data found  (period=25y) (Yahoo error = "No data found, symbol may be delisted")
2026-01-07 11:14:07,190 INFO SELL CIPLA.NS @ 1480.5999755859375
2026-01-07 11:14:07,190 ERROR 'bool' object does not support item assignment
2026-01-07 11:14:17,191 INFO Bot started
2026-01-07 11:14:18,526 ERROR $ZOMATO.NS: possibly delisted; no price data found  (period=25y) (Yahoo error = "No data found, symbol may be delisted")
2026-01-07 11:14:22,240 ERROR $TATAMOTORS.NS: possibly delisted; no price data found  (period=25y) (Yahoo error = "No data found, symbol may be delisted")
2026-01-07 11:14:24,294 ERROR 
2 Failed downloads:
2026-01-07 11:14:24,294 ERROR ['ZOMATO.NS', 'TATAMOTORS.NS']: possibly delisted; no price data found  (period=25y) (Yahoo error = "No data found, symbol may be delisted")
2026-01-07 11:14:25,798 INFO SELL CIPLA.NS @ 1481.4000244140625
2026-01-07 11:14:25,798 ERROR 'bool' object does not support item assignment
2026-01-07 11:14:35,800 INFO Bot started
2026-01-07 11:14:37,113 ERROR $ZOMATO.NS: possibly delisted; no price data found  (period=25y) (Yahoo error = "No data found, symbol may be delisted")
2026-01-07 11:14:41,904 ERROR $TATAMOTORS.NS: possibly delisted; no price data found  (period=25y) (Yahoo error = "No data found, symbol may be delisted")
2026-01-07 11:14:44,731 ERROR 
2 Failed downloads:
2026-01-07 11:14:44,731 ERROR ['ZOMATO.NS', 'TATAMOTORS.NS']: possibly delisted; no price data found  (period=25y) (Yahoo error = "No data found, symbol may be delisted")
2026-01-07 11:14:46,233 INFO SELL CIPLA.NS @ 1480.0999755859375
2026-01-07 11:14:46,234 ERROR 'bool' object does not support item assignment
2026-01-07 11:14:56,235 INFO Bot started
2026-01-07 11:14:57,364 ERROR $ZOMATO.NS: possibly delisted; no price data found  (period=25y) (Yahoo error = "No data found, symbol may be delisted")
2026-01-07 11:15:02,640 ERROR $TATAMOTORS.NS: possibly delisted; no price data found  (period=25y) (Yahoo error = "No data found, symbol may be delisted")
2026-01-07 11:15:05,237 ERROR 
2 Failed downloads:
2026-01-07 11:15:05,237 ERROR ['ZOMATO.NS', 'TATAMOTORS.NS']: possibly delisted; no price data found  (period=25y) (Yahoo error = "No data found, symbol may be delisted")
2026-01-07 11:15:06,680 INFO SELL CIPLA.NS @ 1480.5999755859375
2026-01-07 11:15:06,681 ERROR 'bool' object does not support item assignment
2026-01-07 11:15:16,682 INFO Bot started
2026-01-07 11:15:17,804 ERROR $ZOMATO.NS: possibly delisted; no price data found  (period=25y) (Yahoo error = "No data found, symbol may be delisted")
2026-01-07 11:15:22,513 ERROR $TATAMOTORS.NS: possibly delisted; no price data found  (period=25y) (Yahoo error = "No data found, symbol may be delisted")
2026-01-07 11:15:25,161 ERROR 
2 Failed downloads:
2026-01-07 11:15:25,161 ERROR ['ZOMATO.NS', 'TATAMOTORS.NS']: possibly delisted; no price data found  (period=25y) (Yahoo error = "No data found, symbol may be delisted")
2026-01-07 11:15:26,580 INFO SELL CIPLA.NS @ 1480.5999755859375
2026-01-07 11:15:26,581 ERROR 'bool' object does not support item assignment
2026-01-07 11:15:36,581 INFO Bot started
2026-01-07 11:15:38,049 ERROR $ZOMATO.NS: possibly delisted; no price data found  (period=25y) (Yahoo error = "No data found, symbol may be delisted")
2026-01-07 11:15:43,475 ERROR $TATAMOTORS.NS: possibly delisted; no price data found  (period=25y) (Yahoo error = "No data found, symbol may be delisted")
2026-01-07 11:15:46,085 ERROR 
2 Failed downloads:
2026-01-07 11:15:46,085 ERROR ['ZOMATO.NS', 'TATAMOTORS.NS']: possibly delisted; no price data found  (period=25y) (Yahoo error = "No data found, symbol may be delisted")
2026-01-07 11:15:47,655 INFO SELL CIPLA.NS @ 1480.300048828125
2026-01-07 11:15:47,656 ERROR 'bool' object does not support item assignment
2026-01-07 11:15:57,656 INFO Bot started
2026-01-07 11:15:58,691 ERROR $ZOMATO.NS: possibly delisted; no price data found  (period=25y) (Yahoo error = "No data found, symbol may be delisted")
2026-01-07 11:16:03,683 ERROR $TATAMOTORS.NS: possibly delisted; no price data found  (period=25y) (Yahoo error = "No data found, symbol may be delisted")
2026-01-07 11:16:06,062 ERROR 
2 Failed downloads:
2026-01-07 11:16:06,062 ERROR ['ZOMATO.NS', 'TATAMOTORS.NS']: possibly delisted; no price data found  (period=25y) (Yahoo error = "No data found, symbol may be delisted")
2026-01-07 11:16:07,688 INFO SELL CIPLA.NS @ 1480.5999755859375
2026-01-07 11:16:07,688 ERROR 'bool' object does not support item assignment
2026-01-07 11:16:17,689 INFO Bot started
2026-01-07 11:16:18,812 ERROR $ZOMATO.NS: possibly delisted; no price data found  (period=25y) (Yahoo error = "No data found, symbol may be delisted")
2026-01-07 11:16:23,576 ERROR $TATAMOTORS.NS: possibly delisted; no price data found  (period=25y) (Yahoo error = "No data found, symbol may be delisted")
2026-01-07 11:16:26,053 ERROR 
2 Failed downloads:
2026-01-07 11:16:26,053 ERROR ['ZOMATO.NS', 'TATAMOTORS.NS']: possibly delisted; no price data found  (period=25y) (Yahoo error = "No data found, symbol may be delisted")
2026-01-07 11:16:27,729 INFO SELL CIPLA.NS @ 1480.300048828125
2026-01-07 11:16:27,730 ERROR 'bool' object does not support item assignment
2026-01-07 11:16:37,731 INFO Bot started
2026-01-07 11:16:38,867 ERROR $ZOMATO.NS: possibly delisted; no price data found  (period=25y) (Yahoo error = "No data found, symbol may be delisted")
2026-01-07 11:16:43,279 ERROR $TATAMOTORS.NS: possibly delisted; no price data found  (period=25y) (Yahoo error = "No data found, symbol may be delisted")
2026-01-07 11:16:45,853 ERROR 
2 Failed downloads:
2026-01-07 11:16:45,853 ERROR ['ZOMATO.NS', 'TATAMOTORS.NS']: possibly delisted; no price data found  (period=25y) (Yahoo error = "No data found, symbol may be delisted")
2026-01-07 11:16:47,611 INFO SELL CIPLA.NS @ 1480.699951171875
2026-01-07 11:16:47,611 ERROR 'bool' object does not support item assignment
2026-01-07 11:16:57,612 INFO Bot started
2026-01-07 11:16:58,731 ERROR $ZOMATO.NS: possibly delisted; no price data found  (period=25y) (Yahoo error = "No data found, symbol may be delisted")
2026-01-07 11:17:03,855 ERROR $TATAMOTORS.NS: possibly delisted; no price data found  (period=25y) (Yahoo error = "No data found, symbol may be delisted")
2026-01-07 11:17:06,996 ERROR 
2 Failed downloads:
2026-01-07 11:17:06,996 ERROR ['ZOMATO.NS', 'TATAMOTORS.NS']: possibly delisted; no price data found  (period=25y) (Yahoo error = "No data found, symbol may be delisted")
2026-01-07 11:17:08,754 INFO SELL CIPLA.NS @ 1480.300048828125
2026-01-07 11:17:08,754 ERROR 'bool' object does not support item assignment
2026-01-07 11:17:18,755 INFO Bot started
2026-01-07 11:17:20,220 ERROR $ZOMATO.NS: possibly delisted; no price data found  (period=25y) (Yahoo error = "No data found, symbol may be delisted")
2026-01-07 11:17:24,561 ERROR $TATAMOTORS.NS: possibly delisted; no price data found  (period=25y) (Yahoo error = "No data found, symbol may be delisted")
2026-01-07 11:17:27,165 ERROR 
2 Failed downloads:
2026-01-07 11:17:27,165 ERROR ['ZOMATO.NS', 'TATAMOTORS.NS']: possibly delisted; no price data found  (period=25y) (Yahoo error = "No data found, symbol may be delisted")
2026-01-07 11:17:28,796 INFO SELL CIPLA.NS @ 1480.0999755859375
2026-01-07 11:17:28,797 ERROR 'bool' object does not support item assignment
2026-01-07 11:17:38,798 INFO Bot started
2026-01-07 11:17:39,666 ERROR $ZOMATO.NS: possibly delisted; no price data found  (period=25y) (Yahoo error = "No data found, symbol may be delisted")
2026-01-07 11:17:43,497 ERROR $TATAMOTORS.NS: possibly delisted; no price data found  (period=25y) (Yahoo error = "No data found, symbol may be delisted")
2026-01-07 11:17:45,783 ERROR 
2 Failed downloads:
2026-01-07 11:17:45,783 ERROR ['ZOMATO.NS', 'TATAMOTORS.NS']: possibly delisted; no price data found  (period=25y) (Yahoo error = "No data found, symbol may be delisted")
2026-01-07 11:17:47,494 INFO SELL CIPLA.NS @ 1480.300048828125
2026-01-07 11:17:47,495 ERROR 'bool' object does not support item assignment
2026-01-07 11:17:57,495 INFO Bot started
2026-01-07 11:17:58,442 ERROR $ZOMATO.NS: possibly delisted; no price data found  (period=25y) (Yahoo error = "No data found, symbol may be delisted")
2026-01-07 11:18:01,926 ERROR $TATAMOTORS.NS: possibly delisted; no price data found  (period=25y) (Yahoo error = "No data found, symbol may be delisted")
2026-01-07 11:18:03,705 ERROR 
2 Failed downloads:
2026-01-07 11:18:03,705 ERROR ['ZOMATO.NS', 'TATAMOTORS.NS']: possibly delisted; no price data found  (period=25y) (Yahoo error = "No data found, symbol may be delisted")
2026-01-07 11:18:05,283 INFO SELL CIPLA.NS @ 1480.5999755859375
2026-01-07 11:18:05,284 ERROR 'bool' object does not support item assignment
2026-01-07 11:18:15,285 INFO Bot started
2026-01-07 11:18:16,725 ERROR $ZOMATO.NS: possibly delisted; no price data found  (period=25y) (Yahoo error = "No data found, symbol may be delisted")
2026-01-07 11:18:20,222 ERROR $TATAMOTORS.NS: possibly delisted; no price data found  (period=25y) (Yahoo error = "No data found, symbol may be delisted")
2026-01-07 11:18:22,114 ERROR 
2 Failed downloads:
2026-01-07 11:18:22,114 ERROR ['ZOMATO.NS', 'TATAMOTORS.NS']: possibly delisted; no price data found  (period=25y) (Yahoo error = "No data found, symbol may be delisted")
2026-01-07 11:18:23,653 INFO SELL CIPLA.NS @ 1480.9000244140625
2026-01-07 11:18:23,654 ERROR 'bool' object does not support item assignment
2026-01-07 11:18:33,654 INFO Bot started
2026-01-07 11:18:34,673 ERROR $ZOMATO.NS: possibly delisted; no price data found  (period=25y) (Yahoo error = "No data found, symbol may be delisted")
2026-01-07 11:18:38,061 ERROR $TATAMOTORS.NS: possibly delisted; no price data found  (period=25y) (Yahoo error = "No data found, symbol may be delisted")
2026-01-07 11:18:40,189 ERROR 
2 Failed downloads:
2026-01-07 11:18:40,189 ERROR ['ZOMATO.NS', 'TATAMOTORS.NS']: possibly delisted; no price data found  (period=25y) (Yahoo error = "No data found, symbol may be delisted")
2026-01-07 11:18:41,986 INFO SELL CIPLA.NS @ 1481.800048828125
2026-01-07 11:18:41,986 ERROR 'bool' object does not support item assignment
2026-01-07 11:18:51,987 INFO Bot started
2026-01-07 11:18:53,593 ERROR $ZOMATO.NS: possibly delisted; no price data found  (period=25y) (Yahoo error = "No data found, symbol may be delisted")
2026-01-07 11:18:57,118 ERROR $TATAMOTORS.NS: possibly delisted; no price data found  (period=25y) (Yahoo error = "No data found, symbol may be delisted")
2026-01-07 11:18:59,096 ERROR 
2 Failed downloads:
2026-01-07 11:18:59,096 ERROR ['ZOMATO.NS', 'TATAMOTORS.NS']: possibly delisted; no price data found  (period=25y) (Yahoo error = "No data found, symbol may be delisted")
2026-01-07 11:19:00,671 INFO SELL CIPLA.NS @ 1481.5999755859375
2026-01-07 11:19:00,672 ERROR 'bool' object does not support item assignment
2026-01-07 11:19:10,672 INFO Bot started
2026-01-07 11:19:11,979 ERROR $ZOMATO.NS: possibly delisted; no price data found  (period=25y) (Yahoo error = "No data found, symbol may be delisted")
2026-01-07 11:19:15,761 ERROR $TATAMOTORS.NS: possibly delisted; no price data found  (period=25y) (Yahoo error = "No data found, symbol may be delisted")
2026-01-07 11:19:17,859 ERROR 
2 Failed downloads:
2026-01-07 11:19:17,859 ERROR ['ZOMATO.NS', 'TATAMOTORS.NS']: possibly delisted; no price data found  (period=25y) (Yahoo error = "No data found, symbol may be delisted")
2026-01-07 11:19:19,815 INFO SELL CIPLA.NS @ 1481.5999755859375
2026-01-07 11:19:19,815 ERROR 'bool' object does not support item assignment
2026-01-07 11:19:29,816 INFO Bot started
2026-01-07 11:19:30,715 ERROR $ZOMATO.NS: possibly delisted; no price data found  (period=25y) (Yahoo error = "No data found, symbol may be delisted")
2026-01-07 11:19:34,273 ERROR $TATAMOTORS.NS: possibly delisted; no price data found  (period=25y) (Yahoo error = "No data found, symbol may be delisted")
2026-01-07 11:19:36,090 ERROR 
2 Failed downloads:
2026-01-07 11:19:36,090 ERROR ['ZOMATO.NS', 'TATAMOTORS.NS']: possibly delisted; no price data found  (period=25y) (Yahoo error = "No data found, symbol may be delisted")
2026-01-07 11:19:38,041 INFO SELL CIPLA.NS @ 1482.5999755859375
2026-01-07 11:19:38,042 ERROR 'bool' object does not support item assignment
2026-01-07 11:19:48,043 INFO Bot started
2026-01-07 11:19:49,241 ERROR $ZOMATO.NS: possibly delisted; no price data found  (period=25y) (Yahoo error = "No data found, symbol may be delisted")
2026-01-07 11:19:53,726 ERROR $TATAMOTORS.NS: possibly delisted; no price data found  (period=25y) (Yahoo error = "No data found, symbol may be delisted")
2026-01-07 11:19:56,409 ERROR 
2 Failed downloads:
2026-01-07 11:19:56,410 ERROR ['ZOMATO.NS', 'TATAMOTORS.NS']: possibly delisted; no price data found  (period=25y) (Yahoo error = "No data found, symbol may be delisted")
2026-01-07 11:19:58,126 INFO SELL CIPLA.NS @ 1482.800048828125
2026-01-07 11:19:58,126 ERROR 'bool' object does not support item assignment
2026-01-07 11:20:08,127 INFO Bot started
2026-01-07 11:20:09,135 ERROR $ZOMATO.NS: possibly delisted; no price data found  (period=25y) (Yahoo error = "No data found, symbol may be delisted")
2026-01-07 11:20:13,955 ERROR $TATAMOTORS.NS: possibly delisted; no price data found  (period=25y) (Yahoo error = "No data found, symbol may be delisted")
2026-01-07 11:20:16,643 ERROR 
2 Failed downloads:
2026-01-07 11:20:16,643 ERROR ['ZOMATO.NS', 'TATAMOTORS.NS']: possibly delisted; no price data found  (period=25y) (Yahoo error = "No data found, symbol may be delisted")
2026-01-07 11:20:18,499 INFO SELL CIPLA.NS @ 1482.0999755859375
2026-01-07 11:20:18,500 ERROR 'bool' object does not support item assignment
2026-01-07 11:20:28,502 INFO Bot started
2026-01-07 11:20:29,935 ERROR $ZOMATO.NS: possibly delisted; no price data found  (period=25y) (Yahoo error = "No data found, symbol may be delisted")
2026-01-07 11:20:34,770 ERROR $TATAMOTORS.NS: possibly delisted; no price data found  (period=25y) (Yahoo error = "No data found, symbol may be delisted")
2026-01-07 11:20:37,214 ERROR 
2 Failed downloads:
2026-01-07 11:20:37,214 ERROR ['ZOMATO.NS', 'TATAMOTORS.NS']: possibly delisted; no price data found  (period=25y) (Yahoo error = "No data found, symbol may be delisted")
2026-01-07 11:20:38,962 INFO SELL CIPLA.NS @ 1483.5
2026-01-07 11:20:38,962 ERROR 'bool' object does not support item assignment
2026-01-07 11:20:48,964 INFO Bot started
2026-01-07 11:20:50,220 ERROR $ZOMATO.NS: possibly delisted; no price data found  (period=25y) (Yahoo error = "No data found, symbol may be delisted")
2026-01-07 11:20:55,199 ERROR $TATAMOTORS.NS: possibly delisted; no price data found  (period=25y) (Yahoo error = "No data found, symbol may be delisted")
2026-01-07 11:20:57,664 ERROR 
2 Failed downloads:
2026-01-07 11:20:57,664 ERROR ['ZOMATO.NS', 'TATAMOTORS.NS']: possibly delisted; no price data found  (period=25y) (Yahoo error = "No data found, symbol may be delisted")
2026-01-07 11:20:59,478 INFO SELL CIPLA.NS @ 1483.0999755859375
2026-01-07 11:20:59,478 ERROR 'bool' object does not support item assignment
2026-01-07 11:21:09,479 INFO Bot started
2026-01-07 11:21:10,813 ERROR $ZOMATO.NS: possibly delisted; no price data found  (period=25y) (Yahoo error = "No data found, symbol may be delisted")
2026-01-07 11:21:15,965 ERROR $TATAMOTORS.NS: possibly delisted; no price data found  (period=25y) (Yahoo error = "No data found, symbol may be delisted")
2026-01-07 11:21:18,834 ERROR 
2 Failed downloads:
2026-01-07 11:21:18,834 ERROR ['ZOMATO.NS', 'TATAMOTORS.NS']: possibly delisted; no price data found  (period=25y) (Yahoo error = "No data found, symbol may be delisted")
2026-01-07 11:21:20,701 INFO SELL CIPLA.NS @ 1483.0
2026-01-07 11:21:20,703 ERROR 'bool' object does not support item assignment
2026-01-07 11:21:30,703 INFO Bot started
2026-01-07 11:21:32,008 ERROR $ZOMATO.NS: possibly delisted; no price data found  (period=25y) (Yahoo error = "No data found, symbol may be delisted")
2026-01-07 11:21:36,903 ERROR $TATAMOTORS.NS: possibly delisted; no price data found  (period=25y) (Yahoo error = "No data found, symbol may be delisted")
2026-01-07 11:21:39,232 ERROR 
2 Failed downloads:
2026-01-07 11:21:39,232 ERROR ['ZOMATO.NS', 'TATAMOTORS.NS']: possibly delisted; no price data found  (period=25y) (Yahoo error = "No data found, symbol may be delisted")
2026-01-07 11:21:40,673 INFO SELL CIPLA.NS @ 1482.9000244140625
2026-01-07 11:21:40,674 ERROR 'bool' object does not support item assignment
2026-01-07 11:21:50,675 INFO Bot started
2026-01-07 11:21:51,711 ERROR $ZOMATO.NS: possibly delisted; no price data found  (period=25y) (Yahoo error = "No data found, symbol may be delisted")
2026-01-07 11:21:55,220 ERROR $TATAMOTORS.NS: possibly delisted; no price data found  (period=25y) (Yahoo error = "No data found, symbol may be delisted")
2026-01-07 11:21:57,379 ERROR 
2 Failed downloads:
2026-01-07 11:21:57,379 ERROR ['ZOMATO.NS', 'TATAMOTORS.NS']: possibly delisted; no price data found  (period=25y) (Yahoo error = "No data found, symbol may be delisted")
2026-01-07 11:21:59,056 INFO SELL CIPLA.NS @ 1482.5
2026-01-07 11:21:59,057 ERROR 'bool' object does not support item assignment
2026-01-07 11:22:09,057 INFO Bot started
2026-01-07 11:22:10,420 ERROR $ZOMATO.NS: possibly delisted; no price data found  (period=25y) (Yahoo error = "No data found, symbol may be delisted")
2026-01-07 11:22:14,099 ERROR $TATAMOTORS.NS: possibly delisted; no price data found  (period=25y) (Yahoo error = "No data found, symbol may be delisted")
2026-01-07 11:22:15,839 ERROR 
2 Failed downloads:
2026-01-07 11:22:15,839 ERROR ['ZOMATO.NS', 'TATAMOTORS.NS']: possibly delisted; no price data found  (period=25y) (Yahoo error = "No data found, symbol may be delisted")
2026-01-07 11:22:17,722 INFO SELL CIPLA.NS @ 1481.9000244140625
2026-01-07 11:22:17,722 ERROR 'bool' object does not support item assignment
2026-01-07 11:22:27,723 INFO Bot started
2026-01-07 11:22:28,716 ERROR $ZOMATO.NS: possibly delisted; no price data found  (period=25y) (Yahoo error = "No data found, symbol may be delisted")
2026-01-07 11:22:32,661 ERROR $TATAMOTORS.NS: possibly delisted; no price data found  (period=25y) (Yahoo error = "No data found, symbol may be delisted")
2026-01-07 11:22:34,674 ERROR 
2 Failed downloads:
2026-01-07 11:22:34,674 ERROR ['ZOMATO.NS', 'TATAMOTORS.NS']: possibly delisted; no price data found  (period=25y) (Yahoo error = "No data found, symbol may be delisted")
2026-01-07 11:22:36,291 INFO SELL CIPLA.NS @ 1477.699951171875
2026-01-07 11:22:36,292 ERROR 'bool' object does not support item assignment
2026-01-07 11:22:46,293 INFO Bot started
2026-01-07 11:22:47,893 ERROR $ZOMATO.NS: possibly delisted; no price data found  (period=25y) (Yahoo error = "No data found, symbol may be delisted")
2026-01-07 11:22:52,630 ERROR $TATAMOTORS.NS: possibly delisted; no price data found  (period=25y) (Yahoo error = "No data found, symbol may be delisted")
2026-01-07 11:22:55,503 ERROR 
2 Failed downloads:
2026-01-07 11:22:55,503 ERROR ['ZOMATO.NS', 'TATAMOTORS.NS']: possibly delisted; no price data found  (period=25y) (Yahoo error = "No data found, symbol may be delisted")
2026-01-07 11:22:57,060 INFO SELL CIPLA.NS @ 1478.0
2026-01-07 11:22:57,060 ERROR 'bool' object does not support item assignment
2026-01-07 11:23:07,062 INFO Bot started
2026-01-07 11:23:08,184 ERROR $ZOMATO.NS: possibly delisted; no price data found  (period=25y) (Yahoo error = "No data found, symbol may be delisted")
2026-01-07 11:23:13,039 ERROR $TATAMOTORS.NS: possibly delisted; no price data found  (period=25y) (Yahoo error = "No data found, symbol may be delisted")
2026-01-07 11:23:15,518 ERROR 
2 Failed downloads:
2026-01-07 11:23:15,518 ERROR ['ZOMATO.NS', 'TATAMOTORS.NS']: possibly delisted; no price data found  (period=25y) (Yahoo error = "No data found, symbol may be delisted")
2026-01-07 11:23:16,961 INFO SELL CIPLA.NS @ 1478.5
2026-01-07 11:23:16,961 ERROR 'bool' object does not support item assignment
2026-01-07 11:23:26,961 INFO Bot started
2026-01-07 11:23:28,100 ERROR $ZOMATO.NS: possibly delisted; no price data found  (period=25y) (Yahoo error = "No data found, symbol may be delisted")
2026-01-07 11:23:33,633 ERROR $TATAMOTORS.NS: possibly delisted; no price data found  (period=25y) (Yahoo error = "No data found, symbol may be delisted")
2026-01-07 11:23:36,684 ERROR 
2 Failed downloads:
2026-01-07 11:23:36,684 ERROR ['ZOMATO.NS', 'TATAMOTORS.NS']: possibly delisted; no price data found  (period=25y) (Yahoo error = "No data found, symbol may be delisted")
2026-01-07 11:23:38,174 INFO SELL CIPLA.NS @ 1478.5
2026-01-07 11:23:38,174 ERROR 'bool' object does not support item assignment
2026-01-07 11:23:48,175 INFO Bot started
2026-01-07 11:23:49,251 ERROR $ZOMATO.NS: possibly delisted; no price data found  (period=25y) (Yahoo error = "No data found, symbol may be delisted")
2026-01-07 11:23:53,732 ERROR $TATAMOTORS.NS: possibly delisted; no price data found  (period=25y) (Yahoo error = "No data found, symbol may be delisted")
2026-01-07 11:23:56,143 ERROR 
2 Failed downloads:
2026-01-07 11:23:56,143 ERROR ['ZOMATO.NS', 'TATAMOTORS.NS']: possibly delisted; no price data found  (period=25y) (Yahoo error = "No data found, symbol may be delisted")
2026-01-07 11:23:57,548 INFO SELL CIPLA.NS @ 1478.199951171875
2026-01-07 11:23:57,548 ERROR 'bool' object does not support item assignment
2026-01-07 11:24:07,549 INFO Bot started
2026-01-07 11:24:09,354 ERROR $ZOMATO.NS: possibly delisted; no price data found  (period=25y) (Yahoo error = "No data found, symbol may be delisted")
2026-01-07 11:24:14,166 ERROR $TATAMOTORS.NS: possibly delisted; no price data found  (period=25y) (Yahoo error = "No data found, symbol may be delisted")
2026-01-07 11:24:16,755 ERROR 
2 Failed downloads:
2026-01-07 11:24:16,755 ERROR ['ZOMATO.NS', 'TATAMOTORS.NS']: possibly delisted; no price data found  (period=25y) (Yahoo error = "No data found, symbol may be delisted")
2026-01-07 11:24:18,486 INFO SELL CIPLA.NS @ 1478.5
2026-01-07 11:24:18,487 ERROR 'bool' object does not support item assignment
2026-01-07 11:24:28,488 INFO Bot started
2026-01-07 11:24:29,529 ERROR $ZOMATO.NS: possibly delisted; no price data found  (period=25y) (Yahoo error = "No data found, symbol may be delisted")
2026-01-07 11:24:34,017 ERROR $TATAMOTORS.NS: possibly delisted; no price data found  (period=25y) (Yahoo error = "No data found, symbol may be delisted")
2026-01-07 11:24:36,437 ERROR 
2 Failed downloads:
2026-01-07 11:24:36,437 ERROR ['ZOMATO.NS', 'TATAMOTORS.NS']: possibly delisted; no price data found  (period=25y) (Yahoo error = "No data found, symbol may be delisted")
2026-01-07 11:24:38,064 INFO SELL CIPLA.NS @ 1479.5
2026-01-07 11:24:38,064 ERROR 'bool' object does not support item assignment
2026-01-07 11:24:48,065 INFO Bot started
2026-01-07 11:24:49,112 ERROR $ZOMATO.NS: possibly delisted; no price data found  (period=25y) (Yahoo error = "No data found, symbol may be delisted")
2026-01-07 11:24:53,733 ERROR $TATAMOTORS.NS: possibly delisted; no price data found  (period=25y) (Yahoo error = "No data found, symbol may be delisted")
2026-01-07 11:24:56,516 ERROR 
2 Failed downloads:
2026-01-07 11:24:56,516 ERROR ['ZOMATO.NS', 'TATAMOTORS.NS']: possibly delisted; no price data found  (period=25y) (Yahoo error = "No data found, symbol may be delisted")
2026-01-07 11:24:58,142 INFO SELL CIPLA.NS @ 1479.300048828125
2026-01-07 11:24:58,142 ERROR 'bool' object does not support item assignment
2026-01-07 11:25:08,143 INFO Bot started
2026-01-07 11:25:09,322 ERROR $ZOMATO.NS: possibly delisted; no price data found  (period=25y) (Yahoo error = "No data found, symbol may be delisted")
2026-01-07 11:25:14,239 ERROR $TATAMOTORS.NS: possibly delisted; no price data found  (period=25y) (Yahoo error = "No data found, symbol may be delisted")
2026-01-07 11:25:16,575 ERROR 
2 Failed downloads:
2026-01-07 11:25:16,575 ERROR ['ZOMATO.NS', 'TATAMOTORS.NS']: possibly delisted; no price data found  (period=25y) (Yahoo error = "No data found, symbol may be delisted")
2026-01-07 11:25:18,124 INFO SELL CIPLA.NS @ 1479.0999755859375
2026-01-07 11:25:18,124 ERROR 'bool' object does not support item assignment
2026-01-07 11:25:28,125 INFO Bot started
2026-01-07 11:25:29,347 ERROR $ZOMATO.NS: possibly delisted; no price data found  (period=25y) (Yahoo error = "No data found, symbol may be delisted")
2026-01-07 11:25:34,122 ERROR $TATAMOTORS.NS: possibly delisted; no price data found  (period=25y) (Yahoo error = "No data found, symbol may be delisted")
2026-01-07 11:25:36,632 ERROR 
2 Failed downloads:
2026-01-07 11:25:36,632 ERROR ['ZOMATO.NS', 'TATAMOTORS.NS']: possibly delisted; no price data found  (period=25y) (Yahoo error = "No data found, symbol may be delisted")
2026-01-07 11:25:38,327 INFO SELL CIPLA.NS @ 1479.199951171875
2026-01-07 11:25:38,328 ERROR 'bool' object does not support item assignment
2026-01-07 11:25:48,329 INFO Bot started
2026-01-07 11:25:50,279 ERROR $ZOMATO.NS: possibly delisted; no price data found  (period=25y) (Yahoo error = "No data found, symbol may be delisted")
2026-01-07 11:25:54,820 ERROR $TATAMOTORS.NS: possibly delisted; no price data found  (period=25y) (Yahoo error = "No data found, symbol may be delisted")
2026-01-07 11:25:57,490 ERROR 
2 Failed downloads:
2026-01-07 11:25:57,490 ERROR ['ZOMATO.NS', 'TATAMOTORS.NS']: possibly delisted; no price data found  (period=25y) (Yahoo error = "No data found, symbol may be delisted")
2026-01-07 11:25:59,206 INFO SELL CIPLA.NS @ 1476.300048828125
2026-01-07 11:25:59,207 ERROR 'bool' object does not support item assignment
2026-01-07 11:26:09,207 INFO Bot started
2026-01-07 11:26:10,432 ERROR $ZOMATO.NS: possibly delisted; no price data found  (period=25y) (Yahoo error = "No data found, symbol may be delisted")
2026-01-07 11:26:15,506 ERROR $TATAMOTORS.NS: possibly delisted; no price data found  (period=25y) (Yahoo error = "No data found, symbol may be delisted")
2026-01-07 11:26:18,233 ERROR 
2 Failed downloads:
2026-01-07 11:26:18,233 ERROR ['ZOMATO.NS', 'TATAMOTORS.NS']: possibly delisted; no price data found  (period=25y) (Yahoo error = "No data found, symbol may be delisted")
2026-01-07 11:26:20,004 INFO SELL CIPLA.NS @ 1476.199951171875
2026-01-07 11:26:20,004 ERROR 'bool' object does not support item assignment
2026-01-07 11:26:30,006 INFO Bot started
2026-01-07 11:26:30,993 ERROR $ZOMATO.NS: possibly delisted; no price data found  (period=25y) (Yahoo error = "No data found, symbol may be delisted")
2026-01-07 11:26:35,659 ERROR $TATAMOTORS.NS: possibly delisted; no price data found  (period=25y) (Yahoo error = "No data found, symbol may be delisted")
2026-01-07 11:26:38,043 ERROR 
2 Failed downloads:
2026-01-07 11:26:38,043 ERROR ['ZOMATO.NS', 'TATAMOTORS.NS']: possibly delisted; no price data found  (period=25y) (Yahoo error = "No data found, symbol may be delisted")
2026-01-07 11:26:40,033 INFO SELL CIPLA.NS @ 1476.699951171875
2026-01-07 11:26:40,034 ERROR 'bool' object does not support item assignment
2026-01-07 11:26:50,035 INFO Bot started
2026-01-07 11:26:51,121 ERROR $ZOMATO.NS: possibly delisted; no price data found  (period=25y) (Yahoo error = "No data found, symbol may be delisted")
2026-01-07 11:26:55,901 ERROR $TATAMOTORS.NS: possibly delisted; no price data found  (period=25y) (Yahoo error = "No data found, symbol may be delisted")
2026-01-07 11:26:58,523 ERROR 
2 Failed downloads:
2026-01-07 11:26:58,523 ERROR ['ZOMATO.NS', 'TATAMOTORS.NS']: possibly delisted; no price data found  (period=25y) (Yahoo error = "No data found, symbol may be delisted")
2026-01-07 11:27:00,417 INFO SELL CIPLA.NS @ 1476.5
2026-01-07 11:27:00,418 ERROR 'bool' object does not support item assignment
2026-01-07 11:27:10,419 INFO Bot started
2026-01-07 11:27:11,329 ERROR $ZOMATO.NS: possibly delisted; no price data found  (period=25y) (Yahoo error = "No data found, symbol may be delisted")
2026-01-07 11:27:14,793 ERROR $TATAMOTORS.NS: possibly delisted; no price data found  (period=25y) (Yahoo error = "No data found, symbol may be delisted")
2026-01-07 11:27:16,763 ERROR 
2 Failed downloads:
2026-01-07 11:27:16,763 ERROR ['ZOMATO.NS', 'TATAMOTORS.NS']: possibly delisted; no price data found  (period=25y) (Yahoo error = "No data found, symbol may be delisted")
2026-01-07 11:27:18,410 INFO SELL CIPLA.NS @ 1476.699951171875
2026-01-07 11:27:18,410 ERROR 'bool' object does not support item assignment
2026-01-07 11:27:28,411 INFO Bot started
2026-01-07 11:27:29,335 ERROR $ZOMATO.NS: possibly delisted; no price data found  (period=25y) (Yahoo error = "No data found, symbol may be delisted")
2026-01-07 11:27:33,950 ERROR $TATAMOTORS.NS: possibly delisted; no price data found  (period=25y) (Yahoo error = "No data found, symbol may be delisted")
2026-01-07 11:27:35,817 ERROR 
2 Failed downloads:
2026-01-07 11:27:35,817 ERROR ['ZOMATO.NS', 'TATAMOTORS.NS']: possibly delisted; no price data found  (period=25y) (Yahoo error = "No data found, symbol may be delisted")
2026-01-07 11:27:37,486 INFO SELL CIPLA.NS @ 1476.5999755859375
2026-01-07 11:27:37,487 ERROR 'bool' object does not support item assignment
2026-01-07 11:27:47,488 INFO Bot started
2026-01-07 11:27:48,549 ERROR $ZOMATO.NS: possibly delisted; no price data found  (period=25y) (Yahoo error = "No data found, symbol may be delisted")
2026-01-07 11:27:52,538 ERROR $TATAMOTORS.NS: possibly delisted; no price data found  (period=25y) (Yahoo error = "No data found, symbol may be delisted")
2026-01-07 11:27:54,601 ERROR 
2 Failed downloads:
2026-01-07 11:27:54,601 ERROR ['ZOMATO.NS', 'TATAMOTORS.NS']: possibly delisted; no price data found  (period=25y) (Yahoo error = "No data found, symbol may be delisted")
2026-01-07 11:27:56,004 INFO SELL CIPLA.NS @ 1476.199951171875
2026-01-07 11:27:56,006 ERROR 'bool' object does not support item assignment
2026-01-07 11:28:06,007 INFO Bot started
2026-01-07 11:28:06,864 ERROR $ZOMATO.NS: possibly delisted; no price data found  (period=25y) (Yahoo error = "No data found, symbol may be delisted")
2026-01-07 11:28:10,633 ERROR $TATAMOTORS.NS: possibly delisted; no price data found  (period=25y) (Yahoo error = "No data found, symbol may be delisted")
2026-01-07 11:28:13,615 ERROR 
2 Failed downloads:
2026-01-07 11:28:13,615 ERROR ['ZOMATO.NS', 'TATAMOTORS.NS']: possibly delisted; no price data found  (period=25y) (Yahoo error = "No data found, symbol may be delisted")
2026-01-07 11:28:15,017 INFO SELL CIPLA.NS @ 1476.199951171875
2026-01-07 11:28:15,018 ERROR 'bool' object does not support item assignment
2026-01-07 11:28:25,019 INFO Bot started
2026-01-07 11:28:25,933 ERROR $ZOMATO.NS: possibly delisted; no price data found  (period=25y) (Yahoo error = "No data found, symbol may be delisted")
2026-01-07 11:28:31,431 ERROR $TATAMOTORS.NS: possibly delisted; no price data found  (period=25y) (Yahoo error = "No data found, symbol may be delisted")
2026-01-07 11:28:33,967 ERROR 
2 Failed downloads:
2026-01-07 11:28:33,967 ERROR ['ZOMATO.NS', 'TATAMOTORS.NS']: possibly delisted; no price data found  (period=25y) (Yahoo error = "No data found, symbol may be delisted")
2026-01-07 11:28:35,493 INFO SELL CIPLA.NS @ 1476.5
2026-01-07 11:28:35,493 ERROR 'bool' object does not support item assignment
2026-01-07 11:28:45,494 INFO Bot started
2026-01-07 11:28:46,735 ERROR $ZOMATO.NS: possibly delisted; no price data found  (period=25y) (Yahoo error = "No data found, symbol may be delisted")
2026-01-07 11:28:51,579 ERROR $TATAMOTORS.NS: possibly delisted; no price data found  (period=25y) (Yahoo error = "No data found, symbol may be delisted")
2026-01-07 11:28:54,384 ERROR 
2 Failed downloads:
2026-01-07 11:28:54,384 ERROR ['ZOMATO.NS', 'TATAMOTORS.NS']: possibly delisted; no price data found  (period=25y) (Yahoo error = "No data found, symbol may be delisted")
2026-01-07 11:28:56,633 INFO SELL CIPLA.NS @ 1476.0999755859375
2026-01-07 11:28:56,633 ERROR 'bool' object does not support item assignment
2026-01-07 11:29:06,634 INFO Bot started
2026-01-07 11:29:08,591 ERROR $ZOMATO.NS: possibly delisted; no price data found  (period=25y) (Yahoo error = "No data found, symbol may be delisted")
2026-01-07 11:29:13,061 ERROR $TATAMOTORS.NS: possibly delisted; no price data found  (period=25y) (Yahoo error = "No data found, symbol may be delisted")
2026-01-07 11:29:15,924 ERROR 
2 Failed downloads:
2026-01-07 11:29:15,924 ERROR ['ZOMATO.NS', 'TATAMOTORS.NS']: possibly delisted; no price data found  (period=25y) (Yahoo error = "No data found, symbol may be delisted")
2026-01-07 11:29:17,699 INFO SELL CIPLA.NS @ 1475.0
2026-01-07 11:29:17,699 ERROR 'bool' object does not support item assignment
2026-01-07 11:29:27,700 INFO Bot started
2026-01-07 11:29:28,837 ERROR $ZOMATO.NS: possibly delisted; no price data found  (period=25y) (Yahoo error = "No data found, symbol may be delisted")
2026-01-07 11:29:34,164 ERROR $TATAMOTORS.NS: possibly delisted; no price data found  (period=25y) (Yahoo error = "No data found, symbol may be delisted")
2026-01-07 11:29:36,595 ERROR 
2 Failed downloads:
2026-01-07 11:29:36,595 ERROR ['ZOMATO.NS', 'TATAMOTORS.NS']: possibly delisted; no price data found  (period=25y) (Yahoo error = "No data found, symbol may be delisted")
2026-01-07 11:29:38,089 INFO SELL CIPLA.NS @ 1475.0
2026-01-07 11:29:38,089 ERROR 'bool' object does not support item assignment
2026-01-07 11:29:48,090 INFO Bot started
2026-01-07 11:29:49,397 ERROR $ZOMATO.NS: possibly delisted; no price data found  (period=25y) (Yahoo error = "No data found, symbol may be delisted")
2026-01-07 11:29:54,243 ERROR $TATAMOTORS.NS: possibly delisted; no price data found  (period=25y) (Yahoo error = "No data found, symbol may be delisted")
2026-01-07 11:29:56,989 ERROR 
2 Failed downloads:
2026-01-07 11:29:56,989 ERROR ['ZOMATO.NS', 'TATAMOTORS.NS']: possibly delisted; no price data found  (period=25y) (Yahoo error = "No data found, symbol may be delisted")
2026-01-07 11:29:58,575 INFO SELL CIPLA.NS @ 1469.199951171875
2026-01-07 11:29:58,576 ERROR 'bool' object does not support item assignment
2026-01-07 11:30:08,577 INFO Bot started
2026-01-07 11:30:09,729 ERROR $ZOMATO.NS: possibly delisted; no price data found  (period=25y) (Yahoo error = "No data found, symbol may be delisted")
2026-01-07 11:30:14,724 ERROR $TATAMOTORS.NS: possibly delisted; no price data found  (period=25y) (Yahoo error = "No data found, symbol may be delisted")
2026-01-07 11:30:17,818 ERROR 
2 Failed downloads:
2026-01-07 11:30:17,818 ERROR ['ZOMATO.NS', 'TATAMOTORS.NS']: possibly delisted; no price data found  (period=25y) (Yahoo error = "No data found, symbol may be delisted")
2026-01-07 11:30:19,397 INFO SELL CIPLA.NS @ 1470.0
2026-01-07 11:30:19,397 ERROR 'bool' object does not support item assignment
2026-01-07 11:30:29,398 INFO Bot started
2026-01-07 11:30:30,441 ERROR $ZOMATO.NS: possibly delisted; no price data found  (period=25y) (Yahoo error = "No data found, symbol may be delisted")
2026-01-07 11:30:34,131 ERROR $TATAMOTORS.NS: possibly delisted; no price data found  (period=25y) (Yahoo error = "No data found, symbol may be delisted")
2026-01-07 11:30:36,084 ERROR 
2 Failed downloads:
2026-01-07 11:30:36,084 ERROR ['ZOMATO.NS', 'TATAMOTORS.NS']: possibly delisted; no price data found  (period=25y) (Yahoo error = "No data found, symbol may be delisted")
2026-01-07 11:30:37,584 INFO SELL CIPLA.NS @ 1470.4000244140625
2026-01-07 11:30:37,584 ERROR 'bool' object does not support item assignment
2026-01-07 11:30:47,585 INFO Bot started
2026-01-07 11:30:49,376 ERROR $ZOMATO.NS: possibly delisted; no price data found  (period=25y) (Yahoo error = "No data found, symbol may be delisted")
2026-01-07 11:30:53,422 ERROR $TATAMOTORS.NS: possibly delisted; no price data found  (period=25y) (Yahoo error = "No data found, symbol may be delisted")
2026-01-07 11:30:55,336 ERROR 
2 Failed downloads:
2026-01-07 11:30:55,336 ERROR ['ZOMATO.NS', 'TATAMOTORS.NS']: possibly delisted; no price data found  (period=25y) (Yahoo error = "No data found, symbol may be delisted")
2026-01-07 11:30:56,792 INFO SELL CIPLA.NS @ 1469.4000244140625
2026-01-07 11:30:56,792 ERROR 'bool' object does not support item assignment
2026-01-07 11:31:06,793 INFO Bot started
2026-01-07 11:31:07,877 ERROR $ZOMATO.NS: possibly delisted; no price data found  (period=25y) (Yahoo error = "No data found, symbol may be delisted")
2026-01-07 11:31:12,514 ERROR $TATAMOTORS.NS: possibly delisted; no price data found  (period=25y) (Yahoo error = "No data found, symbol may be delisted")
2026-01-07 11:31:14,469 ERROR 
2 Failed downloads:
2026-01-07 11:31:14,469 ERROR ['ZOMATO.NS', 'TATAMOTORS.NS']: possibly delisted; no price data found  (period=25y) (Yahoo error = "No data found, symbol may be delisted")
2026-01-07 11:31:16,159 INFO SELL CIPLA.NS @ 1469.0999755859375
2026-01-07 11:31:16,160 ERROR 'bool' object does not support item assignment
2026-01-07 11:31:26,161 INFO Bot started
2026-01-07 11:31:27,415 ERROR $ZOMATO.NS: possibly delisted; no price data found  (period=25y) (Yahoo error = "No data found, symbol may be delisted")
2026-01-07 11:31:32,302 ERROR $TATAMOTORS.NS: possibly delisted; no price data found  (period=25y) (Yahoo error = "No data found, symbol may be delisted")
2026-01-07 11:31:34,714 ERROR 
2 Failed downloads:
2026-01-07 11:31:34,714 ERROR ['ZOMATO.NS', 'TATAMOTORS.NS']: possibly delisted; no price data found  (period=25y) (Yahoo error = "No data found, symbol may be delisted")
2026-01-07 11:31:37,217 INFO SELL CIPLA.NS @ 1468.5999755859375
2026-01-07 11:31:37,220 ERROR 'bool' object does not support item assignment
2026-01-07 11:31:47,220 INFO Bot started
2026-01-07 11:31:48,324 ERROR $ZOMATO.NS: possibly delisted; no price data found  (period=25y) (Yahoo error = "No data found, symbol may be delisted")
2026-01-07 11:31:52,761 ERROR $TATAMOTORS.NS: possibly delisted; no price data found  (period=25y) (Yahoo error = "No data found, symbol may be delisted")
2026-01-07 11:31:55,587 ERROR 
2 Failed downloads:
2026-01-07 11:31:55,587 ERROR ['ZOMATO.NS', 'TATAMOTORS.NS']: possibly delisted; no price data found  (period=25y) (Yahoo error = "No data found, symbol may be delisted")
2026-01-07 11:31:57,166 INFO SELL CIPLA.NS @ 1469.0
2026-01-07 11:31:57,167 ERROR 'bool' object does not support item assignment
2026-01-07 11:32:07,167 INFO Bot started
2026-01-07 11:32:08,320 ERROR $ZOMATO.NS: possibly delisted; no price data found  (period=25y) (Yahoo error = "No data found, symbol may be delisted")
2026-01-07 11:32:13,227 ERROR $TATAMOTORS.NS: possibly delisted; no price data found  (period=25y) (Yahoo error = "No data found, symbol may be delisted")
2026-01-07 11:32:15,756 ERROR 
2 Failed downloads:
2026-01-07 11:32:15,756 ERROR ['ZOMATO.NS', 'TATAMOTORS.NS']: possibly delisted; no price data found  (period=25y) (Yahoo error = "No data found, symbol may be delisted")
2026-01-07 11:32:17,851 INFO SELL CIPLA.NS @ 1468.800048828125
2026-01-07 11:32:17,851 ERROR 'bool' object does not support item assignment
2026-01-07 11:32:27,852 INFO Bot started
2026-01-07 11:32:28,898 ERROR $ZOMATO.NS: possibly delisted; no price data found  (period=25y) (Yahoo error = "No data found, symbol may be delisted")
2026-01-07 11:32:33,990 ERROR $TATAMOTORS.NS: possibly delisted; no price data found  (period=25y) (Yahoo error = "No data found, symbol may be delisted")
2026-01-07 11:32:36,650 ERROR 
2 Failed downloads:
2026-01-07 11:32:36,650 ERROR ['ZOMATO.NS', 'TATAMOTORS.NS']: possibly delisted; no price data found  (period=25y) (Yahoo error = "No data found, symbol may be delisted")
2026-01-07 11:32:38,693 INFO SELL CIPLA.NS @ 1468.800048828125
2026-01-07 11:32:38,693 ERROR 'bool' object does not support item assignment
2026-01-07 11:32:48,695 INFO Bot started
2026-01-07 11:32:49,979 ERROR $ZOMATO.NS: possibly delisted; no price data found  (period=25y) (Yahoo error = "No data found, symbol may be delisted")
2026-01-07 11:32:54,608 ERROR $TATAMOTORS.NS: possibly delisted; no price data found  (period=25y) (Yahoo error = "No data found, symbol may be delisted")
2026-01-07 11:32:57,283 ERROR 
2 Failed downloads:
2026-01-07 11:32:57,283 ERROR ['ZOMATO.NS', 'TATAMOTORS.NS']: possibly delisted; no price data found  (period=25y) (Yahoo error = "No data found, symbol may be delisted")
2026-01-07 11:32:58,658 INFO SELL CIPLA.NS @ 1468.9000244140625
2026-01-07 11:32:58,659 ERROR 'bool' object does not support item assignment
2026-01-07 11:33:08,659 INFO Bot started
2026-01-07 11:33:09,813 ERROR $ZOMATO.NS: possibly delisted; no price data found  (period=25y) (Yahoo error = "No data found, symbol may be delisted")
2026-01-07 11:33:14,505 ERROR $TATAMOTORS.NS: possibly delisted; no price data found  (period=25y) (Yahoo error = "No data found, symbol may be delisted")
2026-01-07 11:33:17,168 ERROR 
2 Failed downloads:
2026-01-07 11:33:17,168 ERROR ['ZOMATO.NS', 'TATAMOTORS.NS']: possibly delisted; no price data found  (period=25y) (Yahoo error = "No data found, symbol may be delisted")
2026-01-07 11:33:19,369 INFO SELL CIPLA.NS @ 1464.4000244140625
2026-01-07 11:33:19,370 ERROR 'bool' object does not support item assignment
2026-01-07 11:33:29,371 INFO Bot started
2026-01-07 11:33:30,584 ERROR $ZOMATO.NS: possibly delisted; no price data found  (period=25y) (Yahoo error = "No data found, symbol may be delisted")
2026-01-07 11:33:35,700 ERROR $TATAMOTORS.NS: possibly delisted; no price data found  (period=25y) (Yahoo error = "No data found, symbol may be delisted")
2026-01-07 11:33:38,355 ERROR 
2 Failed downloads:
2026-01-07 11:33:38,355 ERROR ['ZOMATO.NS', 'TATAMOTORS.NS']: possibly delisted; no price data found  (period=25y) (Yahoo error = "No data found, symbol may be delisted")
2026-01-07 11:33:40,055 INFO SELL CIPLA.NS @ 1464.5999755859375
2026-01-07 11:33:40,055 ERROR 'bool' object does not support item assignment
2026-01-07 11:33:50,056 INFO Bot started
2026-01-07 11:33:51,478 ERROR $ZOMATO.NS: possibly delisted; no price data found  (period=25y) (Yahoo error = "No data found, symbol may be delisted")
2026-01-07 11:33:56,557 ERROR $TATAMOTORS.NS: possibly delisted; no price data found  (period=25y) (Yahoo error = "No data found, symbol may be delisted")
2026-01-07 11:33:59,310 ERROR 
2 Failed downloads:
2026-01-07 11:33:59,310 ERROR ['ZOMATO.NS', 'TATAMOTORS.NS']: possibly delisted; no price data found  (period=25y) (Yahoo error = "No data found, symbol may be delisted")
2026-01-07 11:34:00,709 INFO SELL CIPLA.NS @ 1460.800048828125
2026-01-07 11:34:00,709 ERROR 'bool' object does not support item assignment
2026-01-07 11:34:10,711 INFO Bot started
2026-01-07 11:34:11,940 ERROR $ZOMATO.NS: possibly delisted; no price data found  (period=25y) (Yahoo error = "No data found, symbol may be delisted")
2026-01-07 11:34:16,659 ERROR $TATAMOTORS.NS: possibly delisted; no price data found  (period=25y) (Yahoo error = "No data found, symbol may be delisted")
2026-01-07 11:34:19,104 ERROR 
2 Failed downloads:
2026-01-07 11:34:19,104 ERROR ['ZOMATO.NS', 'TATAMOTORS.NS']: possibly delisted; no price data found  (period=25y) (Yahoo error = "No data found, symbol may be delisted")
2026-01-07 11:34:20,723 INFO SELL CIPLA.NS @ 1461.0
2026-01-07 11:34:20,723 ERROR 'bool' object does not support item assignment
2026-01-07 11:34:30,724 INFO Bot started
2026-01-07 11:34:31,769 ERROR $ZOMATO.NS: possibly delisted; no price data found  (period=25y) (Yahoo error = "No data found, symbol may be delisted")
2026-01-07 11:34:36,682 ERROR $TATAMOTORS.NS: possibly delisted; no price data found  (period=25y) (Yahoo error = "No data found, symbol may be delisted")
2026-01-07 11:34:39,941 ERROR 
2 Failed downloads:
2026-01-07 11:34:39,941 ERROR ['ZOMATO.NS', 'TATAMOTORS.NS']: possibly delisted; no price data found  (period=25y) (Yahoo error = "No data found, symbol may be delisted")
2026-01-07 11:34:41,424 INFO SELL CIPLA.NS @ 1462.5
2026-01-07 11:34:41,424 ERROR 'bool' object does not support item assignment
2026-01-07 11:34:51,424 INFO Bot started
2026-01-07 11:34:52,592 ERROR $ZOMATO.NS: possibly delisted; no price data found  (period=25y) (Yahoo error = "No data found, symbol may be delisted")
2026-01-07 11:34:57,347 ERROR $TATAMOTORS.NS: possibly delisted; no price data found  (period=25y) (Yahoo error = "No data found, symbol may be delisted")
2026-01-07 11:35:00,026 ERROR 
2 Failed downloads:
2026-01-07 11:35:00,026 ERROR ['ZOMATO.NS', 'TATAMOTORS.NS']: possibly delisted; no price data found  (period=25y) (Yahoo error = "No data found, symbol may be delisted")
2026-01-07 11:35:01,789 INFO SELL CIPLA.NS @ 1464.0999755859375
2026-01-07 11:35:01,789 ERROR 'bool' object does not support item assignment
2026-01-07 11:35:11,790 INFO Bot started
2026-01-07 11:35:12,781 ERROR $ZOMATO.NS: possibly delisted; no price data found  (period=25y) (Yahoo error = "No data found, symbol may be delisted")
2026-01-07 11:35:18,350 ERROR $TATAMOTORS.NS: possibly delisted; no price data found  (period=25y) (Yahoo error = "No data found, symbol may be delisted")
2026-01-07 11:35:21,067 ERROR 
2 Failed downloads:
2026-01-07 11:35:21,067 ERROR ['ZOMATO.NS', 'TATAMOTORS.NS']: possibly delisted; no price data found  (period=25y) (Yahoo error = "No data found, symbol may be delisted")
2026-01-07 11:35:22,605 INFO SELL CIPLA.NS @ 1464.0999755859375
2026-01-07 11:35:22,606 ERROR 'bool' object does not support item assignment
2026-01-07 11:35:32,606 INFO Bot started
2026-01-07 11:35:34,218 ERROR $ZOMATO.NS: possibly delisted; no price data found  (period=25y) (Yahoo error = "No data found, symbol may be delisted")
2026-01-07 11:35:39,196 ERROR $TATAMOTORS.NS: possibly delisted; no price data found  (period=25y) (Yahoo error = "No data found, symbol may be delisted")
2026-01-07 11:35:41,825 ERROR 
2 Failed downloads:
2026-01-07 11:35:41,825 ERROR ['ZOMATO.NS', 'TATAMOTORS.NS']: possibly delisted; no price data found  (period=25y) (Yahoo error = "No data found, symbol may be delisted")
2026-01-07 11:35:43,269 INFO SELL CIPLA.NS @ 1464.300048828125
2026-01-07 11:35:43,270 ERROR 'bool' object does not support item assignment
2026-01-07 11:35:53,271 INFO Bot started
2026-01-07 11:35:54,397 ERROR $ZOMATO.NS: possibly delisted; no price data found  (period=25y) (Yahoo error = "No data found, symbol may be delisted")
2026-01-07 11:35:59,155 ERROR $TATAMOTORS.NS: possibly delisted; no price data found  (period=25y) (Yahoo error = "No data found, symbol may be delisted")
2026-01-07 11:36:01,890 ERROR 
2 Failed downloads:
2026-01-07 11:36:01,890 ERROR ['ZOMATO.NS', 'TATAMOTORS.NS']: possibly delisted; no price data found  (period=25y) (Yahoo error = "No data found, symbol may be delisted")
2026-01-07 11:36:03,355 INFO SELL CIPLA.NS @ 1464.9000244140625
2026-01-07 11:36:03,355 ERROR 'bool' object does not support item assignment
2026-01-07 11:36:13,356 INFO Bot started
2026-01-07 11:36:14,614 ERROR $ZOMATO.NS: possibly delisted; no price data found  (period=25y) (Yahoo error = "No data found, symbol may be delisted")
2026-01-07 11:36:19,615 ERROR $TATAMOTORS.NS: possibly delisted; no price data found  (period=25y) (Yahoo error = "No data found, symbol may be delisted")
2026-01-07 11:36:22,587 ERROR 
2 Failed downloads:
2026-01-07 11:36:22,587 ERROR ['ZOMATO.NS', 'TATAMOTORS.NS']: possibly delisted; no price data found  (period=25y) (Yahoo error = "No data found, symbol may be delisted")
2026-01-07 11:36:24,216 INFO SELL CIPLA.NS @ 1464.300048828125
2026-01-07 11:36:24,216 ERROR 'bool' object does not support item assignment
2026-01-07 11:36:34,217 INFO Bot started
2026-01-07 11:36:35,665 ERROR $ZOMATO.NS: possibly delisted; no price data found  (period=25y) (Yahoo error = "No data found, symbol may be delisted")
2026-01-07 11:36:40,499 ERROR $TATAMOTORS.NS: possibly delisted; no price data found  (period=25y) (Yahoo error = "No data found, symbol may be delisted")
2026-01-07 11:36:43,202 ERROR 
2 Failed downloads:
2026-01-07 11:36:43,202 ERROR ['ZOMATO.NS', 'TATAMOTORS.NS']: possibly delisted; no price data found  (period=25y) (Yahoo error = "No data found, symbol may be delisted")
2026-01-07 11:36:44,951 INFO SELL CIPLA.NS @ 1465.5
2026-01-07 11:36:44,951 ERROR 'bool' object does not support item assignment
2026-01-07 11:36:54,953 INFO Bot started
2026-01-07 11:36:56,082 ERROR $ZOMATO.NS: possibly delisted; no price data found  (period=25y) (Yahoo error = "No data found, symbol may be delisted")
2026-01-07 11:37:00,840 ERROR $TATAMOTORS.NS: possibly delisted; no price data found  (period=25y) (Yahoo error = "No data found, symbol may be delisted")
2026-01-07 11:37:03,377 ERROR 
2 Failed downloads:
2026-01-07 11:37:03,377 ERROR ['ZOMATO.NS', 'TATAMOTORS.NS']: possibly delisted; no price data found  (period=25y) (Yahoo error = "No data found, symbol may be delisted")
2026-01-07 11:37:04,980 INFO SELL CIPLA.NS @ 1467.0
2026-01-07 11:37:04,980 ERROR 'bool' object does not support item assignment
2026-01-07 11:37:14,980 INFO Bot started
2026-01-07 11:37:16,005 ERROR $ZOMATO.NS: possibly delisted; no price data found  (period=25y) (Yahoo error = "No data found, symbol may be delisted")
2026-01-07 11:37:20,742 ERROR $TATAMOTORS.NS: possibly delisted; no price data found  (period=25y) (Yahoo error = "No data found, symbol may be delisted")
2026-01-07 11:37:23,094 ERROR 
2 Failed downloads:
2026-01-07 11:37:23,094 ERROR ['ZOMATO.NS', 'TATAMOTORS.NS']: possibly delisted; no price data found  (period=25y) (Yahoo error = "No data found, symbol may be delisted")
2026-01-07 11:37:24,728 INFO SELL CIPLA.NS @ 1465.4000244140625
2026-01-07 11:37:24,729 ERROR 'bool' object does not support item assignment
2026-01-07 11:37:34,729 INFO Bot started
2026-01-07 11:37:35,729 ERROR $ZOMATO.NS: possibly delisted; no price data found  (period=25y) (Yahoo error = "No data found, symbol may be delisted")
2026-01-07 11:37:40,606 ERROR $TATAMOTORS.NS: possibly delisted; no price data found  (period=25y) (Yahoo error = "No data found, symbol may be delisted")
2026-01-07 11:37:43,101 ERROR 
2 Failed downloads:
2026-01-07 11:37:43,101 ERROR ['ZOMATO.NS', 'TATAMOTORS.NS']: possibly delisted; no price data found  (period=25y) (Yahoo error = "No data found, symbol may be delisted")
2026-01-07 11:37:44,906 INFO SELL CIPLA.NS @ 1465.0
2026-01-07 11:37:44,907 ERROR 'bool' object does not support item assignment
2026-01-07 11:37:54,907 INFO Bot started
2026-01-07 11:37:56,003 ERROR $ZOMATO.NS: possibly delisted; no price data found  (period=25y) (Yahoo error = "No data found, symbol may be delisted")
2026-01-07 11:38:00,779 ERROR $TATAMOTORS.NS: possibly delisted; no price data found  (period=25y) (Yahoo error = "No data found, symbol may be delisted")
2026-01-07 11:38:03,351 ERROR 
2 Failed downloads:
2026-01-07 11:38:03,351 ERROR ['ZOMATO.NS', 'TATAMOTORS.NS']: possibly delisted; no price data found  (period=25y) (Yahoo error = "No data found, symbol may be delisted")
2026-01-07 11:38:05,310 INFO SELL CIPLA.NS @ 1465.300048828125
2026-01-07 11:38:05,310 ERROR 'bool' object does not support item assignment
2026-01-07 11:38:15,311 INFO Bot started
2026-01-07 11:38:16,569 ERROR $ZOMATO.NS: possibly delisted; no price data found  (period=25y) (Yahoo error = "No data found, symbol may be delisted")
2026-01-07 11:38:21,026 ERROR $TATAMOTORS.NS: possibly delisted; no price data found  (period=25y) (Yahoo error = "No data found, symbol may be delisted")
2026-01-07 11:38:23,696 ERROR 
2 Failed downloads:
2026-01-07 11:38:23,696 ERROR ['ZOMATO.NS', 'TATAMOTORS.NS']: possibly delisted; no price data found  (period=25y) (Yahoo error = "No data found, symbol may be delisted")
2026-01-07 11:38:25,099 INFO SELL CIPLA.NS @ 1465.0999755859375
2026-01-07 11:38:25,099 ERROR 'bool' object does not support item assignment
